byte_index,file_offset_hex,vma_hex,value_signed,value_hex
0,0x0005d224,0x67dcd224,2,0x02
1,0x0005d225,0x67dcd225,1,0x01
2,0x0005d226,0x67dcd226,0,0x00
3,0x0005d227,0x67dcd227,-1,0xff
4,0x0005d228,0x67dcd228,1,0x01
5,0x0005d229,0x67dcd229,0,0x00
6,0x0005d22a,0x67dcd22a,-1,0xff
7,0x0005d22b,0x67dcd22b,-1,0xff
8,0x0005d22c,0x67dcd22c,1,0x01
9,0x0005d22d,0x67dcd22d,0,0x00
10,0x0005d22e,0x67dcd22e,-1,0xff
11,0x0005d22f,0x67dcd22f,-2,0xfe
12,0x0005d230,0x67dcd230,0,0x00
13,0x0005d231,0x67dcd231,-1,0xff
14,0x0005d232,0x67dcd232,-2,0xfe
15,0x0005d233,0x67dcd233,-3,0xfd
16,0x0005d234,0x67dcd234,2,0x02
17,0x0005d235,0x67dcd235,2,0x02
18,0x0005d236,0x67dcd236,1,0x01
19,0x0005d237,0x67dcd237,0,0x00
20,0x0005d238,0x67dcd238,2,0x02
21,0x0005d239,0x67dcd239,1,0x01
22,0x0005d23a,0x67dcd23a,0,0x00
23,0x0005d23b,0x67dcd23b,0,0x00
24,0x0005d23c,0x67dcd23c,1,0x01
25,0x0005d23d,0x67dcd23d,0,0x00
26,0x0005d23e,0x67dcd23e,0,0x00
27,0x0005d23f,0x67dcd23f,-1,0xff
28,0x0005d240,0x67dcd240,0,0x00
29,0x0005d241,0x67dcd241,0,0x00
30,0x0005d242,0x67dcd242,-1,0xff
31,0x0005d243,0x67dcd243,-2,0xfe
32,0x0005d244,0x67dcd244,-1,0xff
33,0x0005d245,0x67dcd245,-1,0xff
34,0x0005d246,0x67dcd246,-2,0xfe
35,0x0005d247,0x67dcd247,-3,0xfd
36,0x0005d248,0x67dcd248,-1,0xff
37,0x0005d249,0x67dcd249,-2,0xfe
38,0x0005d24a,0x67dcd24a,-3,0xfd
39,0x0005d24b,0x67dcd24b,-4,0xfc
40,0x0005d24c,0x67dcd24c,-2,0xfe
41,0x0005d24d,0x67dcd24d,-3,0xfd
42,0x0005d24e,0x67dcd24e,-4,0xfc
43,0x0005d24f,0x67dcd24f,-4,0xfc
44,0x0005d250,0x67dcd250,-2,0xfe
45,0x0005d251,0x67dcd251,-3,0xfd
46,0x0005d252,0x67dcd252,-4,0xfc
47,0x0005d253,0x67dcd253,-4,0xfc
48,0x0005d254,0x67dcd254,2,0x02
49,0x0005d255,0x67dcd255,3,0x03
50,0x0005d256,0x67dcd256,3,0x03
51,0x0005d257,0x67dcd257,3,0x03
52,0x0005d258,0x67dcd258,2,0x02
53,0x0005d259,0x67dcd259,2,0x02
54,0x0005d25a,0x67dcd25a,2,0x02
55,0x0005d25b,0x67dcd25b,2,0x02
56,0x0005d25c,0x67dcd25c,1,0x01
57,0x0005d25d,0x67dcd25d,2,0x02
58,0x0005d25e,0x67dcd25e,2,0x02
59,0x0005d25f,0x67dcd25f,2,0x02
60,0x0005d260,0x67dcd260,0,0x00
61,0x0005d261,0x67dcd261,1,0x01
62,0x0005d262,0x67dcd262,1,0x01
63,0x0005d263,0x67dcd263,1,0x01
64,0x0005d264,0x67dcd264,3,0x03
65,0x0005d265,0x67dcd265,3,0x03
66,0x0005d266,0x67dcd266,3,0x03
67,0x0005d267,0x67dcd267,3,0x03
68,0x0005d268,0x67dcd268,2,0x02
69,0x0005d269,0x67dcd269,2,0x02
70,0x0005d26a,0x67dcd26a,3,0x03
71,0x0005d26b,0x67dcd26b,3,0x03
72,0x0005d26c,0x67dcd26c,2,0x02
73,0x0005d26d,0x67dcd26d,2,0x02
74,0x0005d26e,0x67dcd26e,2,0x02
75,0x0005d26f,0x67dcd26f,2,0x02
76,0x0005d270,0x67dcd270,1,0x01
77,0x0005d271,0x67dcd271,1,0x01
78,0x0005d272,0x67dcd272,1,0x01
79,0x0005d273,0x67dcd273,1,0x01
80,0x0005d274,0x67dcd274,-1,0xff
81,0x0005d275,0x67dcd275,0,0x00
82,0x0005d276,0x67dcd276,0,0x00
83,0x0005d277,0x67dcd277,0,0x00
84,0x0005d278,0x67dcd278,-2,0xfe
85,0x0005d279,0x67dcd279,-2,0xfe
86,0x0005d27a,0x67dcd27a,-1,0xff
87,0x0005d27b,0x67dcd27b,-1,0xff
88,0x0005d27c,0x67dcd27c,-3,0xfd
89,0x0005d27d,0x67dcd27d,-3,0xfd
90,0x0005d27e,0x67dcd27e,-3,0xfd
91,0x0005d27f,0x67dcd27f,-3,0xfd
92,0x0005d280,0x67dcd280,-5,0xfb
93,0x0005d281,0x67dcd281,-4,0xfc
94,0x0005d282,0x67dcd282,-4,0xfc
95,0x0005d283,0x67dcd283,-4,0xfc
96,0x0005d284,0x67dcd284,0,0x00
97,0x0005d285,0x67dcd285,0,0x00
98,0x0005d286,0x67dcd286,1,0x01
99,0x0005d287,0x67dcd287,1,0x01
100,0x0005d288,0x67dcd288,-1,0xff
101,0x0005d289,0x67dcd289,-1,0xff
102,0x0005d28a,0x67dcd28a,-1,0xff
103,0x0005d28b,0x67dcd28b,-1,0xff
104,0x0005d28c,0x67dcd28c,-3,0xfd
105,0x0005d28d,0x67dcd28d,-3,0xfd
106,0x0005d28e,0x67dcd28e,-2,0xfe
107,0x0005d28f,0x67dcd28f,-2,0xfe
108,0x0005d290,0x67dcd290,-4,0xfc
109,0x0005d291,0x67dcd291,-4,0xfc
110,0x0005d292,0x67dcd292,-4,0xfc
111,0x0005d293,0x67dcd293,-3,0xfd
112,0x0005d294,0x67dcd294,-4,0xfc
113,0x0005d295,0x67dcd295,-2,0xfe
114,0x0005d296,0x67dcd296,-1,0xff
115,0x0005d297,0x67dcd297,0,0x00
116,0x0005d298,0x67dcd298,-4,0xfc
117,0x0005d299,0x67dcd299,-2,0xfe
118,0x0005d29a,0x67dcd29a,-1,0xff
119,0x0005d29b,0x67dcd29b,0,0x00
120,0x0005d29c,0x67dcd29c,-4,0xfc
121,0x0005d29d,0x67dcd29d,-3,0xfd
122,0x0005d29e,0x67dcd29e,-1,0xff
123,0x0005d29f,0x67dcd29f,0,0x00
124,0x0005d2a0,0x67dcd2a0,-4,0xfc
125,0x0005d2a1,0x67dcd2a1,-3,0xfd
126,0x0005d2a2,0x67dcd2a2,-1,0xff
127,0x0005d2a3,0x67dcd2a3,0,0x00
128,0x0005d2a4,0x67dcd2a4,1,0x01
129,0x0005d2a5,0x67dcd2a5,2,0x02
130,0x0005d2a6,0x67dcd2a6,2,0x02
131,0x0005d2a7,0x67dcd2a7,3,0x03
132,0x0005d2a8,0x67dcd2a8,1,0x01
133,0x0005d2a9,0x67dcd2a9,2,0x02
134,0x0005d2aa,0x67dcd2aa,3,0x03
135,0x0005d2ab,0x67dcd2ab,3,0x03
136,0x0005d2ac,0x67dcd2ac,1,0x01
137,0x0005d2ad,0x67dcd2ad,2,0x02
138,0x0005d2ae,0x67dcd2ae,3,0x03
139,0x0005d2af,0x67dcd2af,3,0x03
140,0x0005d2b0,0x67dcd2b0,1,0x01
141,0x0005d2b1,0x67dcd2b1,2,0x02
142,0x0005d2b2,0x67dcd2b2,3,0x03
143,0x0005d2b3,0x67dcd2b3,3,0x03
144,0x0005d2b4,0x67dcd2b4,-5,0xfb
145,0x0005d2b5,0x67dcd2b5,-3,0xfd
146,0x0005d2b6,0x67dcd2b6,-1,0xff
147,0x0005d2b7,0x67dcd2b7,0,0x00
148,0x0005d2b8,0x67dcd2b8,-5,0xfb
149,0x0005d2b9,0x67dcd2b9,-3,0xfd
150,0x0005d2ba,0x67dcd2ba,-1,0xff
151,0x0005d2bb,0x67dcd2bb,0,0x00
152,0x0005d2bc,0x67dcd2bc,-5,0xfb
153,0x0005d2bd,0x67dcd2bd,-3,0xfd
154,0x0005d2be,0x67dcd2be,-1,0xff
155,0x0005d2bf,0x67dcd2bf,0,0x00
156,0x0005d2c0,0x67dcd2c0,-5,0xfb
157,0x0005d2c1,0x67dcd2c1,-3,0xfd
158,0x0005d2c2,0x67dcd2c2,-2,0xfe
159,0x0005d2c3,0x67dcd2c3,-1,0xff
160,0x0005d2c4,0x67dcd2c4,1,0x01
161,0x0005d2c5,0x67dcd2c5,2,0x02
162,0x0005d2c6,0x67dcd2c6,3,0x03
163,0x0005d2c7,0x67dcd2c7,3,0x03
164,0x0005d2c8,0x67dcd2c8,1,0x01
165,0x0005d2c9,0x67dcd2c9,2,0x02
166,0x0005d2ca,0x67dcd2ca,3,0x03
167,0x0005d2cb,0x67dcd2cb,3,0x03
168,0x0005d2cc,0x67dcd2cc,1,0x01
169,0x0005d2cd,0x67dcd2cd,1,0x01
170,0x0005d2ce,0x67dcd2ce,2,0x02
171,0x0005d2cf,0x67dcd2cf,3,0x03
172,0x0005d2d0,0x67dcd2d0,0,0x00
173,0x0005d2d1,0x67dcd2d1,1,0x01
174,0x0005d2d2,0x67dcd2d2,2,0x02
175,0x0005d2d3,0x67dcd2d3,3,0x03
176,0x0005d2d4,0x67dcd2d4,4,0x04
177,0x0005d2d5,0x67dcd2d5,4,0x04
178,0x0005d2d6,0x67dcd2d6,5,0x05
179,0x0005d2d7,0x67dcd2d7,5,0x05
180,0x0005d2d8,0x67dcd2d8,2,0x02
181,0x0005d2d9,0x67dcd2d9,2,0x02
182,0x0005d2da,0x67dcd2da,2,0x02
183,0x0005d2db,0x67dcd2db,3,0x03
184,0x0005d2dc,0x67dcd2dc,0,0x00
185,0x0005d2dd,0x67dcd2dd,0,0x00
186,0x0005d2de,0x67dcd2de,0,0x00
187,0x0005d2df,0x67dcd2df,0,0x00
188,0x0005d2e0,0x67dcd2e0,-2,0xfe
189,0x0005d2e1,0x67dcd2e1,-2,0xfe
190,0x0005d2e2,0x67dcd2e2,-2,0xfe
191,0x0005d2e3,0x67dcd2e3,-2,0xfe
192,0x0005d2e4,0x67dcd2e4,6,0x06
193,0x0005d2e5,0x67dcd2e5,6,0x06
194,0x0005d2e6,0x67dcd2e6,7,0x07
195,0x0005d2e7,0x67dcd2e7,7,0x07
196,0x0005d2e8,0x67dcd2e8,3,0x03
197,0x0005d2e9,0x67dcd2e9,4,0x04
198,0x0005d2ea,0x67dcd2ea,4,0x04
199,0x0005d2eb,0x67dcd2eb,4,0x04
200,0x0005d2ec,0x67dcd2ec,1,0x01
201,0x0005d2ed,0x67dcd2ed,1,0x01
202,0x0005d2ee,0x67dcd2ee,1,0x01
203,0x0005d2ef,0x67dcd2ef,2,0x02
204,0x0005d2f0,0x67dcd2f0,-1,0xff
205,0x0005d2f1,0x67dcd2f1,-1,0xff
206,0x0005d2f2,0x67dcd2f2,-1,0xff
207,0x0005d2f3,0x67dcd2f3,0,0x00
208,0x0005d2f4,0x67dcd2f4,-2,0xfe
209,0x0005d2f5,0x67dcd2f5,-2,0xfe
210,0x0005d2f6,0x67dcd2f6,-2,0xfe
211,0x0005d2f7,0x67dcd2f7,-2,0xfe
212,0x0005d2f8,0x67dcd2f8,-2,0xfe
213,0x0005d2f9,0x67dcd2f9,-2,0xfe
214,0x0005d2fa,0x67dcd2fa,-2,0xfe
215,0x0005d2fb,0x67dcd2fb,-2,0xfe
216,0x0005d2fc,0x67dcd2fc,-1,0xff
217,0x0005d2fd,0x67dcd2fd,-2,0xfe
218,0x0005d2fe,0x67dcd2fe,-2,0xfe
219,0x0005d2ff,0x67dcd2ff,-2,0xfe
220,0x0005d300,0x67dcd300,-1,0xff
221,0x0005d301,0x67dcd301,-1,0xff
222,0x0005d302,0x67dcd302,-1,0xff
223,0x0005d303,0x67dcd303,-1,0xff
224,0x0005d304,0x67dcd304,-2,0xfe
225,0x0005d305,0x67dcd305,-2,0xfe
226,0x0005d306,0x67dcd306,-2,0xfe
227,0x0005d307,0x67dcd307,-2,0xfe
228,0x0005d308,0x67dcd308,-2,0xfe
229,0x0005d309,0x67dcd309,-2,0xfe
230,0x0005d30a,0x67dcd30a,-2,0xfe
231,0x0005d30b,0x67dcd30b,-2,0xfe
232,0x0005d30c,0x67dcd30c,-2,0xfe
233,0x0005d30d,0x67dcd30d,-2,0xfe
234,0x0005d30e,0x67dcd30e,-2,0xfe
235,0x0005d30f,0x67dcd30f,-2,0xfe
236,0x0005d310,0x67dcd310,-2,0xfe
237,0x0005d311,0x67dcd311,-2,0xfe
238,0x0005d312,0x67dcd312,-2,0xfe
239,0x0005d313,0x67dcd313,-2,0xfe
240,0x0005d314,0x67dcd314,5,0x05
241,0x0005d315,0x67dcd315,3,0x03
242,0x0005d316,0x67dcd316,1,0x01
243,0x0005d317,0x67dcd317,-1,0xff
244,0x0005d318,0x67dcd318,5,0x05
245,0x0005d319,0x67dcd319,3,0x03
246,0x0005d31a,0x67dcd31a,1,0x01
247,0x0005d31b,0x67dcd31b,-1,0xff
248,0x0005d31c,0x67dcd31c,5,0x05
249,0x0005d31d,0x67dcd31d,3,0x03
250,0x0005d31e,0x67dcd31e,1,0x01
251,0x0005d31f,0x67dcd31f,-1,0xff
252,0x0005d320,0x67dcd320,5,0x05
253,0x0005d321,0x67dcd321,3,0x03
254,0x0005d322,0x67dcd322,1,0x01
255,0x0005d323,0x67dcd323,-1,0xff
256,0x0005d324,0x67dcd324,-2,0xfe
257,0x0005d325,0x67dcd325,-3,0xfd
258,0x0005d326,0x67dcd326,-3,0xfd
259,0x0005d327,0x67dcd327,-3,0xfd
260,0x0005d328,0x67dcd328,-2,0xfe
261,0x0005d329,0x67dcd329,-3,0xfd
262,0x0005d32a,0x67dcd32a,-3,0xfd
263,0x0005d32b,0x67dcd32b,-3,0xfd
264,0x0005d32c,0x67dcd32c,-2,0xfe
265,0x0005d32d,0x67dcd32d,-3,0xfd
266,0x0005d32e,0x67dcd32e,-3,0xfd
267,0x0005d32f,0x67dcd32f,-3,0xfd
268,0x0005d330,0x67dcd330,-2,0xfe
269,0x0005d331,0x67dcd331,-3,0xfd
270,0x0005d332,0x67dcd332,-3,0xfd
271,0x0005d333,0x67dcd333,-3,0xfd
272,0x0005d334,0x67dcd334,5,0x05
273,0x0005d335,0x67dcd335,4,0x04
274,0x0005d336,0x67dcd336,1,0x01
275,0x0005d337,0x67dcd337,0,0x00
276,0x0005d338,0x67dcd338,6,0x06
277,0x0005d339,0x67dcd339,4,0x04
278,0x0005d33a,0x67dcd33a,2,0x02
279,0x0005d33b,0x67dcd33b,0,0x00
280,0x0005d33c,0x67dcd33c,6,0x06
281,0x0005d33d,0x67dcd33d,4,0x04
282,0x0005d33e,0x67dcd33e,2,0x02
283,0x0005d33f,0x67dcd33f,0,0x00
284,0x0005d340,0x67dcd340,6,0x06
285,0x0005d341,0x67dcd341,4,0x04
286,0x0005d342,0x67dcd342,2,0x02
287,0x0005d343,0x67dcd343,1,0x01
288,0x0005d344,0x67dcd344,-2,0xfe
289,0x0005d345,0x67dcd345,-3,0xfd
290,0x0005d346,0x67dcd346,-3,0xfd
291,0x0005d347,0x67dcd347,-3,0xfd
292,0x0005d348,0x67dcd348,-2,0xfe
293,0x0005d349,0x67dcd349,-2,0xfe
294,0x0005d34a,0x67dcd34a,-3,0xfd
295,0x0005d34b,0x67dcd34b,-3,0xfd
296,0x0005d34c,0x67dcd34c,-1,0xff
297,0x0005d34d,0x67dcd34d,-2,0xfe
298,0x0005d34e,0x67dcd34e,-2,0xfe
299,0x0005d34f,0x67dcd34f,-3,0xfd
300,0x0005d350,0x67dcd350,-1,0xff
301,0x0005d351,0x67dcd351,-2,0xfe
302,0x0005d352,0x67dcd352,-2,0xfe
303,0x0005d353,0x67dcd353,-2,0xfe
304,0x0005d354,0x67dcd354,-1,0xff
305,0x0005d355,0x67dcd355,1,0x01
306,0x0005d356,0x67dcd356,3,0x03
307,0x0005d357,0x67dcd357,3,0x03
308,0x0005d358,0x67dcd358,-1,0xff
309,0x0005d359,0x67dcd359,1,0x01
310,0x0005d35a,0x67dcd35a,3,0x03
311,0x0005d35b,0x67dcd35b,4,0x04
312,0x0005d35c,0x67dcd35c,-1,0xff
313,0x0005d35d,0x67dcd35d,1,0x01
314,0x0005d35e,0x67dcd35e,4,0x04
315,0x0005d35f,0x67dcd35f,4,0x04
316,0x0005d360,0x67dcd360,-1,0xff
317,0x0005d361,0x67dcd361,1,0x01
318,0x0005d362,0x67dcd362,3,0x03
319,0x0005d363,0x67dcd363,4,0x04
320,0x0005d364,0x67dcd364,2,0x02
321,0x0005d365,0x67dcd365,0,0x00
322,0x0005d366,0x67dcd366,-3,0xfd
323,0x0005d367,0x67dcd367,-6,0xfa
324,0x0005d368,0x67dcd368,3,0x03
325,0x0005d369,0x67dcd369,0,0x00
326,0x0005d36a,0x67dcd36a,-3,0xfd
327,0x0005d36b,0x67dcd36b,-6,0xfa
328,0x0005d36c,0x67dcd36c,3,0x03
329,0x0005d36d,0x67dcd36d,1,0x01
330,0x0005d36e,0x67dcd36e,-3,0xfd
331,0x0005d36f,0x67dcd36f,-6,0xfa
332,0x0005d370,0x67dcd370,3,0x03
333,0x0005d371,0x67dcd371,1,0x01
334,0x0005d372,0x67dcd372,-3,0xfd
335,0x0005d373,0x67dcd373,-6,0xfa
336,0x0005d374,0x67dcd374,-2,0xfe
337,0x0005d375,0x67dcd375,1,0x01
338,0x0005d376,0x67dcd376,3,0x03
339,0x0005d377,0x67dcd377,4,0x04
340,0x0005d378,0x67dcd378,-2,0xfe
341,0x0005d379,0x67dcd379,1,0x01
342,0x0005d37a,0x67dcd37a,3,0x03
343,0x0005d37b,0x67dcd37b,4,0x04
344,0x0005d37c,0x67dcd37c,-2,0xfe
345,0x0005d37d,0x67dcd37d,1,0x01
346,0x0005d37e,0x67dcd37e,3,0x03
347,0x0005d37f,0x67dcd37f,3,0x03
348,0x0005d380,0x67dcd380,-2,0xfe
349,0x0005d381,0x67dcd381,0,0x00
350,0x0005d382,0x67dcd382,2,0x02
351,0x0005d383,0x67dcd383,3,0x03
352,0x0005d384,0x67dcd384,3,0x03
353,0x0005d385,0x67dcd385,1,0x01
354,0x0005d386,0x67dcd386,-3,0xfd
355,0x0005d387,0x67dcd387,-6,0xfa
356,0x0005d388,0x67dcd388,3,0x03
357,0x0005d389,0x67dcd389,1,0x01
358,0x0005d38a,0x67dcd38a,-3,0xfd
359,0x0005d38b,0x67dcd38b,-7,0xf9
360,0x0005d38c,0x67dcd38c,2,0x02
361,0x0005d38d,0x67dcd38d,0,0x00
362,0x0005d38e,0x67dcd38e,-3,0xfd
363,0x0005d38f,0x67dcd38f,-7,0xf9
364,0x0005d390,0x67dcd390,2,0x02
365,0x0005d391,0x67dcd391,0,0x00
366,0x0005d392,0x67dcd392,-3,0xfd
367,0x0005d393,0x67dcd393,-6,0xfa
368,0x0005d394,0x67dcd394,10,0x0a
369,0x0005d395,0x67dcd395,9,0x09
370,0x0005d396,0x67dcd396,8,0x08
371,0x0005d397,0x67dcd397,6,0x06
372,0x0005d398,0x67dcd398,6,0x06
373,0x0005d399,0x67dcd399,5,0x05
374,0x0005d39a,0x67dcd39a,4,0x04
375,0x0005d39b,0x67dcd39b,3,0x03
376,0x0005d39c,0x67dcd39c,2,0x02
377,0x0005d39d,0x67dcd39d,1,0x01
378,0x0005d39e,0x67dcd39e,0,0x00
379,0x0005d39f,0x67dcd39f,-1,0xff
380,0x0005d3a0,0x67dcd3a0,-1,0xff
381,0x0005d3a1,0x67dcd3a1,-2,0xfe
382,0x0005d3a2,0x67dcd3a2,-3,0xfd
383,0x0005d3a3,0x67dcd3a3,-4,0xfc
384,0x0005d3a4,0x67dcd3a4,6,0x06
385,0x0005d3a5,0x67dcd3a5,5,0x05
386,0x0005d3a6,0x67dcd3a6,4,0x04
387,0x0005d3a7,0x67dcd3a7,4,0x04
388,0x0005d3a8,0x67dcd3a8,2,0x02
389,0x0005d3a9,0x67dcd3a9,2,0x02
390,0x0005d3aa,0x67dcd3aa,2,0x02
391,0x0005d3ab,0x67dcd3ab,1,0x01
392,0x0005d3ac,0x67dcd3ac,-2,0xfe
393,0x0005d3ad,0x67dcd3ad,-2,0xfe
394,0x0005d3ae,0x67dcd3ae,-2,0xfe
395,0x0005d3af,0x67dcd3af,-1,0xff
396,0x0005d3b0,0x67dcd3b0,-4,0xfc
397,0x0005d3b1,0x67dcd3b1,-4,0xfc
398,0x0005d3b2,0x67dcd3b2,-4,0xfc
399,0x0005d3b3,0x67dcd3b3,-3,0xfd
400,0x0005d3b4,0x67dcd3b4,-2,0xfe
401,0x0005d3b5,0x67dcd3b5,-3,0xfd
402,0x0005d3b6,0x67dcd3b6,-4,0xfc
403,0x0005d3b7,0x67dcd3b7,-4,0xfc
404,0x0005d3b8,0x67dcd3b8,-2,0xfe
405,0x0005d3b9,0x67dcd3b9,-2,0xfe
406,0x0005d3ba,0x67dcd3ba,-3,0xfd
407,0x0005d3bb,0x67dcd3bb,-3,0xfd
408,0x0005d3bc,0x67dcd3bc,-1,0xff
409,0x0005d3bd,0x67dcd3bd,-1,0xff
410,0x0005d3be,0x67dcd3be,-1,0xff
411,0x0005d3bf,0x67dcd3bf,-1,0xff
412,0x0005d3c0,0x67dcd3c0,1,0x01
413,0x0005d3c1,0x67dcd3c1,1,0x01
414,0x0005d3c2,0x67dcd3c2,1,0x01
415,0x0005d3c3,0x67dcd3c3,1,0x01
416,0x0005d3c4,0x67dcd3c4,-5,0xfb
417,0x0005d3c5,0x67dcd3c5,-4,0xfc
418,0x0005d3c6,0x67dcd3c6,-4,0xfc
419,0x0005d3c7,0x67dcd3c7,-3,0xfd
420,0x0005d3c8,0x67dcd3c8,-3,0xfd
421,0x0005d3c9,0x67dcd3c9,-3,0xfd
422,0x0005d3ca,0x67dcd3ca,-2,0xfe
423,0x0005d3cb,0x67dcd3cb,-2,0xfe
424,0x0005d3cc,0x67dcd3cc,-1,0xff
425,0x0005d3cd,0x67dcd3cd,-1,0xff
426,0x0005d3ce,0x67dcd3ce,-1,0xff
427,0x0005d3cf,0x67dcd3cf,0,0x00
428,0x0005d3d0,0x67dcd3d0,1,0x01
429,0x0005d3d1,0x67dcd3d1,1,0x01
430,0x0005d3d2,0x67dcd3d2,1,0x01
431,0x0005d3d3,0x67dcd3d3,2,0x02
432,0x0005d3d4,0x67dcd3d4,-2,0xfe
433,0x0005d3d5,0x67dcd3d5,-1,0xff
434,0x0005d3d6,0x67dcd3d6,1,0x01
435,0x0005d3d7,0x67dcd3d7,2,0x02
436,0x0005d3d8,0x67dcd3d8,-3,0xfd
437,0x0005d3d9,0x67dcd3d9,-2,0xfe
438,0x0005d3da,0x67dcd3da,0,0x00
439,0x0005d3db,0x67dcd3db,1,0x01
440,0x0005d3dc,0x67dcd3dc,-4,0xfc
441,0x0005d3dd,0x67dcd3dd,-3,0xfd
442,0x0005d3de,0x67dcd3de,-1,0xff
443,0x0005d3df,0x67dcd3df,0,0x00
444,0x0005d3e0,0x67dcd3e0,-5,0xfb
445,0x0005d3e1,0x67dcd3e1,-4,0xfc
446,0x0005d3e2,0x67dcd3e2,-2,0xfe
447,0x0005d3e3,0x67dcd3e3,-1,0xff
448,0x0005d3e4,0x67dcd3e4,4,0x04
449,0x0005d3e5,0x67dcd3e5,5,0x05
450,0x0005d3e6,0x67dcd3e6,7,0x07
451,0x0005d3e7,0x67dcd3e7,8,0x08
452,0x0005d3e8,0x67dcd3e8,3,0x03
453,0x0005d3e9,0x67dcd3e9,5,0x05
454,0x0005d3ea,0x67dcd3ea,7,0x07
455,0x0005d3eb,0x67dcd3eb,8,0x08
456,0x0005d3ec,0x67dcd3ec,2,0x02
457,0x0005d3ed,0x67dcd3ed,4,0x04
458,0x0005d3ee,0x67dcd3ee,6,0x06
459,0x0005d3ef,0x67dcd3ef,7,0x07
460,0x0005d3f0,0x67dcd3f0,1,0x01
461,0x0005d3f1,0x67dcd3f1,3,0x03
462,0x0005d3f2,0x67dcd3f2,5,0x05
463,0x0005d3f3,0x67dcd3f3,7,0x07
464,0x0005d3f4,0x67dcd3f4,-6,0xfa
465,0x0005d3f5,0x67dcd3f5,-5,0xfb
466,0x0005d3f6,0x67dcd3f6,-3,0xfd
467,0x0005d3f7,0x67dcd3f7,-2,0xfe
468,0x0005d3f8,0x67dcd3f8,-6,0xfa
469,0x0005d3f9,0x67dcd3f9,-5,0xfb
470,0x0005d3fa,0x67dcd3fa,-4,0xfc
471,0x0005d3fb,0x67dcd3fb,-2,0xfe
472,0x0005d3fc,0x67dcd3fc,-7,0xf9
473,0x0005d3fd,0x67dcd3fd,-6,0xfa
474,0x0005d3fe,0x67dcd3fe,-5,0xfb
475,0x0005d3ff,0x67dcd3ff,-3,0xfd
476,0x0005d400,0x67dcd400,-8,0xf8
477,0x0005d401,0x67dcd401,-7,0xf9
478,0x0005d402,0x67dcd402,-5,0xfb
479,0x0005d403,0x67dcd403,-4,0xfc
480,0x0005d404,0x67dcd404,0,0x00
481,0x0005d405,0x67dcd405,2,0x02
482,0x0005d406,0x67dcd406,4,0x04
483,0x0005d407,0x67dcd407,6,0x06
484,0x0005d408,0x67dcd408,-1,0xff
485,0x0005d409,0x67dcd409,1,0x01
486,0x0005d40a,0x67dcd40a,3,0x03
487,0x0005d40b,0x67dcd40b,5,0x05
488,0x0005d40c,0x67dcd40c,-2,0xfe
489,0x0005d40d,0x67dcd40d,0,0x00
490,0x0005d40e,0x67dcd40e,2,0x02
491,0x0005d40f,0x67dcd40f,3,0x03
492,0x0005d410,0x67dcd410,-3,0xfd
493,0x0005d411,0x67dcd411,-1,0xff
494,0x0005d412,0x67dcd412,1,0x01
495,0x0005d413,0x67dcd413,2,0x02
496,0x0005d414,0x67dcd414,11,0x0b
497,0x0005d415,0x67dcd415,9,0x09
498,0x0005d416,0x67dcd416,7,0x07
499,0x0005d417,0x67dcd417,5,0x05
500,0x0005d418,0x67dcd418,10,0x0a
501,0x0005d419,0x67dcd419,8,0x08
502,0x0005d41a,0x67dcd41a,6,0x06
503,0x0005d41b,0x67dcd41b,3,0x03
504,0x0005d41c,0x67dcd41c,9,0x09
505,0x0005d41d,0x67dcd41d,7,0x07
506,0x0005d41e,0x67dcd41e,5,0x05
507,0x0005d41f,0x67dcd41f,2,0x02
508,0x0005d420,0x67dcd420,8,0x08
509,0x0005d421,0x67dcd421,6,0x06
510,0x0005d422,0x67dcd422,3,0x03
511,0x0005d423,0x67dcd423,1,0x01
512,0x0005d424,0x67dcd424,3,0x03
513,0x0005d425,0x67dcd425,1,0x01
514,0x0005d426,0x67dcd426,-1,0xff
515,0x0005d427,0x67dcd427,-1,0xff
516,0x0005d428,0x67dcd428,1,0x01
517,0x0005d429,0x67dcd429,0,0x00
518,0x0005d42a,0x67dcd42a,-2,0xfe
519,0x0005d42b,0x67dcd42b,-2,0xfe
520,0x0005d42c,0x67dcd42c,0,0x00
521,0x0005d42d,0x67dcd42d,-2,0xfe
522,0x0005d42e,0x67dcd42e,-3,0xfd
523,0x0005d42f,0x67dcd42f,-4,0xfc
524,0x0005d430,0x67dcd430,-1,0xff
525,0x0005d431,0x67dcd431,-3,0xfd
526,0x0005d432,0x67dcd432,-4,0xfc
527,0x0005d433,0x67dcd433,-4,0xfc
528,0x0005d434,0x67dcd434,6,0x06
529,0x0005d435,0x67dcd435,4,0x04
530,0x0005d436,0x67dcd436,2,0x02
531,0x0005d437,0x67dcd437,-1,0xff
532,0x0005d438,0x67dcd438,5,0x05
533,0x0005d439,0x67dcd439,3,0x03
534,0x0005d43a,0x67dcd43a,0,0x00
535,0x0005d43b,0x67dcd43b,-2,0xfe
536,0x0005d43c,0x67dcd43c,3,0x03
537,0x0005d43d,0x67dcd43d,1,0x01
538,0x0005d43e,0x67dcd43e,-1,0xff
539,0x0005d43f,0x67dcd43f,-3,0xfd
540,0x0005d440,0x67dcd440,2,0x02
541,0x0005d441,0x67dcd441,0,0x00
542,0x0005d442,0x67dcd442,-2,0xfe
543,0x0005d443,0x67dcd443,-4,0xfc
544,0x0005d444,0x67dcd444,-3,0xfd
545,0x0005d445,0x67dcd445,-4,0xfc
546,0x0005d446,0x67dcd446,-5,0xfb
547,0x0005d447,0x67dcd447,-5,0xfb
548,0x0005d448,0x67dcd448,-4,0xfc
549,0x0005d449,0x67dcd449,-5,0xfb
550,0x0005d44a,0x67dcd44a,-6,0xfa
551,0x0005d44b,0x67dcd44b,-6,0xfa
552,0x0005d44c,0x67dcd44c,-5,0xfb
553,0x0005d44d,0x67dcd44d,-6,0xfa
554,0x0005d44e,0x67dcd44e,-7,0xf9
555,0x0005d44f,0x67dcd44f,-7,0xf9
556,0x0005d450,0x67dcd450,-6,0xfa
557,0x0005d451,0x67dcd451,-6,0xfa
558,0x0005d452,0x67dcd452,-7,0xf9
559,0x0005d453,0x67dcd453,-7,0xf9
560,0x0005d454,0x67dcd454,5,0x05
561,0x0005d455,0x67dcd455,6,0x06
562,0x0005d456,0x67dcd456,7,0x07
563,0x0005d457,0x67dcd457,7,0x07
564,0x0005d458,0x67dcd458,3,0x03
565,0x0005d459,0x67dcd459,4,0x04
566,0x0005d45a,0x67dcd45a,5,0x05
567,0x0005d45b,0x67dcd45b,5,0x05
568,0x0005d45c,0x67dcd45c,0,0x00
569,0x0005d45d,0x67dcd45d,2,0x02
570,0x0005d45e,0x67dcd45e,2,0x02
571,0x0005d45f,0x67dcd45f,3,0x03
572,0x0005d460,0x67dcd460,-2,0xfe
573,0x0005d461,0x67dcd461,-1,0xff
574,0x0005d462,0x67dcd462,0,0x00
575,0x0005d463,0x67dcd463,1,0x01
576,0x0005d464,0x67dcd464,7,0x07
577,0x0005d465,0x67dcd465,8,0x08
578,0x0005d466,0x67dcd466,8,0x08
579,0x0005d467,0x67dcd467,8,0x08
580,0x0005d468,0x67dcd468,6,0x06
581,0x0005d469,0x67dcd469,6,0x06
582,0x0005d46a,0x67dcd46a,6,0x06
583,0x0005d46b,0x67dcd46b,6,0x06
584,0x0005d46c,0x67dcd46c,4,0x04
585,0x0005d46d,0x67dcd46d,4,0x04
586,0x0005d46e,0x67dcd46e,4,0x04
587,0x0005d46f,0x67dcd46f,5,0x05
588,0x0005d470,0x67dcd470,2,0x02
589,0x0005d471,0x67dcd471,2,0x02
590,0x0005d472,0x67dcd472,3,0x03
591,0x0005d473,0x67dcd473,3,0x03
592,0x0005d474,0x67dcd474,-4,0xfc
593,0x0005d475,0x67dcd475,-3,0xfd
594,0x0005d476,0x67dcd476,-2,0xfe
595,0x0005d477,0x67dcd477,-1,0xff
596,0x0005d478,0x67dcd478,-6,0xfa
597,0x0005d479,0x67dcd479,-5,0xfb
598,0x0005d47a,0x67dcd47a,-4,0xfc
599,0x0005d47b,0x67dcd47b,-3,0xfd
600,0x0005d47c,0x67dcd47c,-8,0xf8
601,0x0005d47d,0x67dcd47d,-7,0xf9
602,0x0005d47e,0x67dcd47e,-6,0xfa
603,0x0005d47f,0x67dcd47f,-6,0xfa
604,0x0005d480,0x67dcd480,-10,0xf6
605,0x0005d481,0x67dcd481,-9,0xf7
606,0x0005d482,0x67dcd482,-8,0xf8
607,0x0005d483,0x67dcd483,-8,0xf8
608,0x0005d484,0x67dcd484,0,0x00
609,0x0005d485,0x67dcd485,1,0x01
610,0x0005d486,0x67dcd486,1,0x01
611,0x0005d487,0x67dcd487,2,0x02
612,0x0005d488,0x67dcd488,-2,0xfe
613,0x0005d489,0x67dcd489,-2,0xfe
614,0x0005d48a,0x67dcd48a,-1,0xff
615,0x0005d48b,0x67dcd48b,0,0x00
616,0x0005d48c,0x67dcd48c,-5,0xfb
617,0x0005d48d,0x67dcd48d,-4,0xfc
618,0x0005d48e,0x67dcd48e,-3,0xfd
619,0x0005d48f,0x67dcd48f,-3,0xfd
620,0x0005d490,0x67dcd490,-7,0xf9
621,0x0005d491,0x67dcd491,-6,0xfa
622,0x0005d492,0x67dcd492,-6,0xfa
623,0x0005d493,0x67dcd493,-5,0xfb
624,0x0005d494,0x67dcd494,6,0x06
625,0x0005d495,0x67dcd495,5,0x05
626,0x0005d496,0x67dcd496,3,0x03
627,0x0005d497,0x67dcd497,1,0x01
628,0x0005d498,0x67dcd498,6,0x06
629,0x0005d499,0x67dcd499,5,0x05
630,0x0005d49a,0x67dcd49a,4,0x04
631,0x0005d49b,0x67dcd49b,2,0x02
632,0x0005d49c,0x67dcd49c,6,0x06
633,0x0005d49d,0x67dcd49d,5,0x05
634,0x0005d49e,0x67dcd49e,4,0x04
635,0x0005d49f,0x67dcd49f,2,0x02
636,0x0005d4a0,0x67dcd4a0,6,0x06
637,0x0005d4a1,0x67dcd4a1,5,0x05
638,0x0005d4a2,0x67dcd4a2,4,0x04
639,0x0005d4a3,0x67dcd4a3,2,0x02
640,0x0005d4a4,0x67dcd4a4,-1,0xff
641,0x0005d4a5,0x67dcd4a5,-3,0xfd
642,0x0005d4a6,0x67dcd4a6,-6,0xfa
643,0x0005d4a7,0x67dcd4a7,-8,0xf8
644,0x0005d4a8,0x67dcd4a8,-1,0xff
645,0x0005d4a9,0x67dcd4a9,-3,0xfd
646,0x0005d4aa,0x67dcd4aa,-6,0xfa
647,0x0005d4ab,0x67dcd4ab,-8,0xf8
648,0x0005d4ac,0x67dcd4ac,0,0x00
649,0x0005d4ad,0x67dcd4ad,-3,0xfd
650,0x0005d4ae,0x67dcd4ae,-6,0xfa
651,0x0005d4af,0x67dcd4af,-8,0xf8
652,0x0005d4b0,0x67dcd4b0,0,0x00
653,0x0005d4b1,0x67dcd4b1,-3,0xfd
654,0x0005d4b2,0x67dcd4b2,-6,0xfa
655,0x0005d4b3,0x67dcd4b3,-8,0xf8
656,0x0005d4b4,0x67dcd4b4,6,0x06
657,0x0005d4b5,0x67dcd4b5,6,0x06
658,0x0005d4b6,0x67dcd4b6,4,0x04
659,0x0005d4b7,0x67dcd4b7,2,0x02
660,0x0005d4b8,0x67dcd4b8,6,0x06
661,0x0005d4b9,0x67dcd4b9,5,0x05
662,0x0005d4ba,0x67dcd4ba,4,0x04
663,0x0005d4bb,0x67dcd4bb,2,0x02
664,0x0005d4bc,0x67dcd4bc,6,0x06
665,0x0005d4bd,0x67dcd4bd,5,0x05
666,0x0005d4be,0x67dcd4be,4,0x04
667,0x0005d4bf,0x67dcd4bf,2,0x02
668,0x0005d4c0,0x67dcd4c0,6,0x06
669,0x0005d4c1,0x67dcd4c1,5,0x05
670,0x0005d4c2,0x67dcd4c2,4,0x04
671,0x0005d4c3,0x67dcd4c3,2,0x02
672,0x0005d4c4,0x67dcd4c4,0,0x00
673,0x0005d4c5,0x67dcd4c5,-3,0xfd
674,0x0005d4c6,0x67dcd4c6,-6,0xfa
675,0x0005d4c7,0x67dcd4c7,-8,0xf8
676,0x0005d4c8,0x67dcd4c8,0,0x00
677,0x0005d4c9,0x67dcd4c9,-3,0xfd
678,0x0005d4ca,0x67dcd4ca,-6,0xfa
679,0x0005d4cb,0x67dcd4cb,-8,0xf8
680,0x0005d4cc,0x67dcd4cc,0,0x00
681,0x0005d4cd,0x67dcd4cd,-3,0xfd
682,0x0005d4ce,0x67dcd4ce,-6,0xfa
683,0x0005d4cf,0x67dcd4cf,-8,0xf8
684,0x0005d4d0,0x67dcd4d0,-1,0xff
685,0x0005d4d1,0x67dcd4d1,-3,0xfd
686,0x0005d4d2,0x67dcd4d2,-5,0xfb
687,0x0005d4d3,0x67dcd4d3,-8,0xf8
688,0x0005d4d4,0x67dcd4d4,11,0x0b
689,0x0005d4d5,0x67dcd4d5,10,0x0a
690,0x0005d4d6,0x67dcd4d6,9,0x09
691,0x0005d4d7,0x67dcd4d7,8,0x08
692,0x0005d4d8,0x67dcd4d8,8,0x08
693,0x0005d4d9,0x67dcd4d9,8,0x08
694,0x0005d4da,0x67dcd4da,7,0x07
695,0x0005d4db,0x67dcd4db,6,0x06
696,0x0005d4dc,0x67dcd4dc,6,0x06
697,0x0005d4dd,0x67dcd4dd,5,0x05
698,0x0005d4de,0x67dcd4de,4,0x04
699,0x0005d4df,0x67dcd4df,4,0x04
700,0x0005d4e0,0x67dcd4e0,3,0x03
701,0x0005d4e1,0x67dcd4e1,3,0x03
702,0x0005d4e2,0x67dcd4e2,2,0x02
703,0x0005d4e3,0x67dcd4e3,1,0x01
704,0x0005d4e4,0x67dcd4e4,7,0x07
705,0x0005d4e5,0x67dcd4e5,6,0x06
706,0x0005d4e6,0x67dcd4e6,5,0x05
707,0x0005d4e7,0x67dcd4e7,4,0x04
708,0x0005d4e8,0x67dcd4e8,5,0x05
709,0x0005d4e9,0x67dcd4e9,4,0x04
710,0x0005d4ea,0x67dcd4ea,3,0x03
711,0x0005d4eb,0x67dcd4eb,2,0x02
712,0x0005d4ec,0x67dcd4ec,2,0x02
713,0x0005d4ed,0x67dcd4ed,2,0x02
714,0x0005d4ee,0x67dcd4ee,1,0x01
715,0x0005d4ef,0x67dcd4ef,0,0x00
716,0x0005d4f0,0x67dcd4f0,0,0x00
717,0x0005d4f1,0x67dcd4f1,0,0x00
718,0x0005d4f2,0x67dcd4f2,-1,0xff
719,0x0005d4f3,0x67dcd4f3,-2,0xfe
720,0x0005d4f4,0x67dcd4f4,1,0x01
721,0x0005d4f5,0x67dcd4f5,1,0x01
722,0x0005d4f6,0x67dcd4f6,0,0x00
723,0x0005d4f7,0x67dcd4f7,-1,0xff
724,0x0005d4f8,0x67dcd4f8,-1,0xff
725,0x0005d4f9,0x67dcd4f9,-1,0xff
726,0x0005d4fa,0x67dcd4fa,-2,0xfe
727,0x0005d4fb,0x67dcd4fb,-3,0xfd
728,0x0005d4fc,0x67dcd4fc,-3,0xfd
729,0x0005d4fd,0x67dcd4fd,-4,0xfc
730,0x0005d4fe,0x67dcd4fe,-4,0xfc
731,0x0005d4ff,0x67dcd4ff,-5,0xfb
732,0x0005d500,0x67dcd500,-5,0xfb
733,0x0005d501,0x67dcd501,-5,0xfb
734,0x0005d502,0x67dcd502,-6,0xfa
735,0x0005d503,0x67dcd503,-7,0xf9
736,0x0005d504,0x67dcd504,-2,0xfe
737,0x0005d505,0x67dcd505,-2,0xfe
738,0x0005d506,0x67dcd506,-3,0xfd
739,0x0005d507,0x67dcd507,-3,0xfd
740,0x0005d508,0x67dcd508,-4,0xfc
741,0x0005d509,0x67dcd509,-4,0xfc
742,0x0005d50a,0x67dcd50a,-5,0xfb
743,0x0005d50b,0x67dcd50b,-5,0xfb
744,0x0005d50c,0x67dcd50c,-6,0xfa
745,0x0005d50d,0x67dcd50d,-6,0xfa
746,0x0005d50e,0x67dcd50e,-7,0xf9
747,0x0005d50f,0x67dcd50f,-7,0xf9
748,0x0005d510,0x67dcd510,-8,0xf8
749,0x0005d511,0x67dcd511,-8,0xf8
750,0x0005d512,0x67dcd512,-8,0xf8
751,0x0005d513,0x67dcd513,-8,0xf8
752,0x0005d514,0x67dcd514,-14,0xf2
753,0x0005d515,0x67dcd515,-13,0xf3
754,0x0005d516,0x67dcd516,-12,0xf4
755,0x0005d517,0x67dcd517,-11,0xf5
756,0x0005d518,0x67dcd518,-12,0xf4
757,0x0005d519,0x67dcd519,-11,0xf5
758,0x0005d51a,0x67dcd51a,-10,0xf6
759,0x0005d51b,0x67dcd51b,-9,0xf7
760,0x0005d51c,0x67dcd51c,-10,0xf6
761,0x0005d51d,0x67dcd51d,-9,0xf7
762,0x0005d51e,0x67dcd51e,-7,0xf9
763,0x0005d51f,0x67dcd51f,-6,0xfa
764,0x0005d520,0x67dcd520,-8,0xf8
765,0x0005d521,0x67dcd521,-6,0xfa
766,0x0005d522,0x67dcd522,-4,0xfc
767,0x0005d523,0x67dcd523,-2,0xfe
768,0x0005d524,0x67dcd524,-9,0xf7
769,0x0005d525,0x67dcd525,-7,0xf9
770,0x0005d526,0x67dcd526,-6,0xfa
771,0x0005d527,0x67dcd527,-4,0xfc
772,0x0005d528,0x67dcd528,-7,0xf9
773,0x0005d529,0x67dcd529,-5,0xfb
774,0x0005d52a,0x67dcd52a,-3,0xfd
775,0x0005d52b,0x67dcd52b,-1,0xff
776,0x0005d52c,0x67dcd52c,-3,0xfd
777,0x0005d52d,0x67dcd52d,-2,0xfe
778,0x0005d52e,0x67dcd52e,0,0x00
779,0x0005d52f,0x67dcd52f,2,0x02
780,0x0005d530,0x67dcd530,0,0x00
781,0x0005d531,0x67dcd531,2,0x02
782,0x0005d532,0x67dcd532,4,0x04
783,0x0005d533,0x67dcd533,5,0x05
784,0x0005d534,0x67dcd534,-5,0xfb
785,0x0005d535,0x67dcd535,-3,0xfd
786,0x0005d536,0x67dcd536,0,0x00
787,0x0005d537,0x67dcd537,2,0x02
788,0x0005d538,0x67dcd538,-2,0xfe
789,0x0005d539,0x67dcd539,0,0x00
790,0x0005d53a,0x67dcd53a,2,0x02
791,0x0005d53b,0x67dcd53b,4,0x04
792,0x0005d53c,0x67dcd53c,0,0x00
793,0x0005d53d,0x67dcd53d,3,0x03
794,0x0005d53e,0x67dcd53e,5,0x05
795,0x0005d53f,0x67dcd53f,7,0x07
796,0x0005d540,0x67dcd540,3,0x03
797,0x0005d541,0x67dcd541,5,0x05
798,0x0005d542,0x67dcd542,7,0x07
799,0x0005d543,0x67dcd543,8,0x08
800,0x0005d544,0x67dcd544,4,0x04
801,0x0005d545,0x67dcd545,5,0x05
802,0x0005d546,0x67dcd546,7,0x07
803,0x0005d547,0x67dcd547,8,0x08
804,0x0005d548,0x67dcd548,6,0x06
805,0x0005d549,0x67dcd549,8,0x08
806,0x0005d54a,0x67dcd54a,9,0x09
807,0x0005d54b,0x67dcd54b,10,0x0a
808,0x0005d54c,0x67dcd54c,8,0x08
809,0x0005d54d,0x67dcd54d,10,0x0a
810,0x0005d54e,0x67dcd54e,11,0x0b
811,0x0005d54f,0x67dcd54f,12,0x0c
812,0x0005d550,0x67dcd550,10,0x0a
813,0x0005d551,0x67dcd551,11,0x0b
814,0x0005d552,0x67dcd552,12,0x0c
815,0x0005d553,0x67dcd553,12,0x0c
816,0x0005d554,0x67dcd554,-19,0xed
817,0x0005d555,0x67dcd555,-19,0xed
818,0x0005d556,0x67dcd556,-18,0xee
819,0x0005d557,0x67dcd557,-18,0xee
820,0x0005d558,0x67dcd558,-15,0xf1
821,0x0005d559,0x67dcd559,-15,0xf1
822,0x0005d55a,0x67dcd55a,-14,0xf2
823,0x0005d55b,0x67dcd55b,-13,0xf3
824,0x0005d55c,0x67dcd55c,-11,0xf5
825,0x0005d55d,0x67dcd55d,-10,0xf6
826,0x0005d55e,0x67dcd55e,-9,0xf7
827,0x0005d55f,0x67dcd55f,-8,0xf8
828,0x0005d560,0x67dcd560,-6,0xfa
829,0x0005d561,0x67dcd561,-5,0xfb
830,0x0005d562,0x67dcd562,-3,0xfd
831,0x0005d563,0x67dcd563,-2,0xfe
832,0x0005d564,0x67dcd564,-17,0xef
833,0x0005d565,0x67dcd565,-16,0xf0
834,0x0005d566,0x67dcd566,-15,0xf1
835,0x0005d567,0x67dcd567,-14,0xf2
836,0x0005d568,0x67dcd568,-12,0xf4
837,0x0005d569,0x67dcd569,-11,0xf5
838,0x0005d56a,0x67dcd56a,-10,0xf6
839,0x0005d56b,0x67dcd56b,-9,0xf7
840,0x0005d56c,0x67dcd56c,-6,0xfa
841,0x0005d56d,0x67dcd56d,-5,0xfb
842,0x0005d56e,0x67dcd56e,-4,0xfc
843,0x0005d56f,0x67dcd56f,-3,0xfd
844,0x0005d570,0x67dcd570,-1,0xff
845,0x0005d571,0x67dcd571,0,0x00
846,0x0005d572,0x67dcd572,1,0x01
847,0x0005d573,0x67dcd573,2,0x02
848,0x0005d574,0x67dcd574,-1,0xff
849,0x0005d575,0x67dcd575,0,0x00
850,0x0005d576,0x67dcd576,2,0x02
851,0x0005d577,0x67dcd577,3,0x03
852,0x0005d578,0x67dcd578,4,0x04
853,0x0005d579,0x67dcd579,6,0x06
854,0x0005d57a,0x67dcd57a,7,0x07
855,0x0005d57b,0x67dcd57b,8,0x08
856,0x0005d57c,0x67dcd57c,9,0x09
857,0x0005d57d,0x67dcd57d,10,0x0a
858,0x0005d57e,0x67dcd57e,11,0x0b
859,0x0005d57f,0x67dcd57f,12,0x0c
860,0x0005d580,0x67dcd580,12,0x0c
861,0x0005d581,0x67dcd581,14,0x0e
862,0x0005d582,0x67dcd582,14,0x0e
863,0x0005d583,0x67dcd583,15,0x0f
864,0x0005d584,0x67dcd584,4,0x04
865,0x0005d585,0x67dcd585,5,0x05
866,0x0005d586,0x67dcd586,6,0x06
867,0x0005d587,0x67dcd587,6,0x06
868,0x0005d588,0x67dcd588,9,0x09
869,0x0005d589,0x67dcd589,10,0x0a
870,0x0005d58a,0x67dcd58a,10,0x0a
871,0x0005d58b,0x67dcd58b,10,0x0a
872,0x0005d58c,0x67dcd58c,13,0x0d
873,0x0005d58d,0x67dcd58d,14,0x0e
874,0x0005d58e,0x67dcd58e,14,0x0e
875,0x0005d58f,0x67dcd58f,14,0x0e
876,0x0005d590,0x67dcd590,16,0x10
877,0x0005d591,0x67dcd591,16,0x10
878,0x0005d592,0x67dcd592,16,0x10
879,0x0005d593,0x67dcd593,16,0x10
880,0x0005d594,0x67dcd594,22,0x16
881,0x0005d595,0x67dcd595,21,0x15
882,0x0005d596,0x67dcd596,19,0x13
883,0x0005d597,0x67dcd597,17,0x11
884,0x0005d598,0x67dcd598,20,0x14
885,0x0005d599,0x67dcd599,19,0x13
886,0x0005d59a,0x67dcd59a,17,0x11
887,0x0005d59b,0x67dcd59b,14,0x0e
888,0x0005d59c,0x67dcd59c,17,0x11
889,0x0005d59d,0x67dcd59d,15,0x0f
890,0x0005d59e,0x67dcd59e,13,0x0d
891,0x0005d59f,0x67dcd59f,10,0x0a
892,0x0005d5a0,0x67dcd5a0,13,0x0d
893,0x0005d5a1,0x67dcd5a1,11,0x0b
894,0x0005d5a2,0x67dcd5a2,8,0x08
895,0x0005d5a3,0x67dcd5a3,5,0x05
896,0x0005d5a4,0x67dcd5a4,14,0x0e
897,0x0005d5a5,0x67dcd5a5,11,0x0b
898,0x0005d5a6,0x67dcd5a6,9,0x09
899,0x0005d5a7,0x67dcd5a7,5,0x05
900,0x0005d5a8,0x67dcd5a8,11,0x0b
901,0x0005d5a9,0x67dcd5a9,8,0x08
902,0x0005d5aa,0x67dcd5aa,4,0x04
903,0x0005d5ab,0x67dcd5ab,1,0x01
904,0x0005d5ac,0x67dcd5ac,6,0x06
905,0x0005d5ad,0x67dcd5ad,3,0x03
906,0x0005d5ae,0x67dcd5ae,0,0x00
907,0x0005d5af,0x67dcd5af,-4,0xfc
908,0x0005d5b0,0x67dcd5b0,1,0x01
909,0x0005d5b1,0x67dcd5b1,-2,0xfe
910,0x0005d5b2,0x67dcd5b2,-5,0xfb
911,0x0005d5b3,0x67dcd5b3,-9,0xf7
912,0x0005d5b4,0x67dcd5b4,9,0x09
913,0x0005d5b5,0x67dcd5b5,6,0x06
914,0x0005d5b6,0x67dcd5b6,3,0x03
915,0x0005d5b7,0x67dcd5b7,-1,0xff
916,0x0005d5b8,0x67dcd5b8,4,0x04
917,0x0005d5b9,0x67dcd5b9,0,0x00
918,0x0005d5ba,0x67dcd5ba,-3,0xfd
919,0x0005d5bb,0x67dcd5bb,-6,0xfa
920,0x0005d5bc,0x67dcd5bc,-2,0xfe
921,0x0005d5bd,0x67dcd5bd,-5,0xfb
922,0x0005d5be,0x67dcd5be,-8,0xf8
923,0x0005d5bf,0x67dcd5bf,-11,0xf5
924,0x0005d5c0,0x67dcd5c0,-8,0xf8
925,0x0005d5c1,0x67dcd5c1,-10,0xf6
926,0x0005d5c2,0x67dcd5c2,-13,0xf3
927,0x0005d5c3,0x67dcd5c3,-16,0xf0
928,0x0005d5c4,0x67dcd5c4,-4,0xfc
929,0x0005d5c5,0x67dcd5c5,-7,0xf9
930,0x0005d5c6,0x67dcd5c6,-11,0xf5
931,0x0005d5c7,0x67dcd5c7,-13,0xf3
932,0x0005d5c8,0x67dcd5c8,-9,0xf7
933,0x0005d5c9,0x67dcd5c9,-12,0xf4
934,0x0005d5ca,0x67dcd5ca,-15,0xf1
935,0x0005d5cb,0x67dcd5cb,-17,0xef
936,0x0005d5cc,0x67dcd5cc,-14,0xf2
937,0x0005d5cd,0x67dcd5cd,-16,0xf0
938,0x0005d5ce,0x67dcd5ce,-18,0xee
939,0x0005d5cf,0x67dcd5cf,-20,0xec
940,0x0005d5d0,0x67dcd5d0,-17,0xef
941,0x0005d5d1,0x67dcd5d1,-19,0xed
942,0x0005d5d2,0x67dcd5d2,-21,0xeb
943,0x0005d5d3,0x67dcd5d3,-22,0xea
944,0x0005d5d4,0x67dcd5d4,17,0x11
945,0x0005d5d5,0x67dcd5d5,18,0x12
946,0x0005d5d6,0x67dcd5d6,18,0x12
947,0x0005d5d7,0x67dcd5d7,18,0x12
948,0x0005d5d8,0x67dcd5d8,16,0x10
949,0x0005d5d9,0x67dcd5d9,16,0x10
950,0x0005d5da,0x67dcd5da,15,0x0f
951,0x0005d5db,0x67dcd5db,15,0x0f
952,0x0005d5dc,0x67dcd5dc,12,0x0c
953,0x0005d5dd,0x67dcd5dd,12,0x0c
954,0x0005d5de,0x67dcd5de,11,0x0b
955,0x0005d5df,0x67dcd5df,10,0x0a
956,0x0005d5e0,0x67dcd5e0,7,0x07
957,0x0005d5e1,0x67dcd5e1,6,0x06
958,0x0005d5e2,0x67dcd5e2,6,0x06
959,0x0005d5e3,0x67dcd5e3,4,0x04
960,0x0005d5e4,0x67dcd5e4,17,0x11
961,0x0005d5e5,0x67dcd5e5,16,0x10
962,0x0005d5e6,0x67dcd5e6,16,0x10
963,0x0005d5e7,0x67dcd5e7,14,0x0e
964,0x0005d5e8,0x67dcd5e8,14,0x0e
965,0x0005d5e9,0x67dcd5e9,13,0x0d
966,0x0005d5ea,0x67dcd5ea,12,0x0c
967,0x0005d5eb,0x67dcd5eb,11,0x0b
968,0x0005d5ec,0x67dcd5ec,9,0x09
969,0x0005d5ed,0x67dcd5ed,8,0x08
970,0x0005d5ee,0x67dcd5ee,7,0x07
971,0x0005d5ef,0x67dcd5ef,5,0x05
972,0x0005d5f0,0x67dcd5f0,3,0x03
973,0x0005d5f1,0x67dcd5f1,2,0x02
974,0x0005d5f2,0x67dcd5f2,1,0x01
975,0x0005d5f3,0x67dcd5f3,-1,0xff
976,0x0005d5f4,0x67dcd5f4,1,0x01
977,0x0005d5f5,0x67dcd5f5,0,0x00
978,0x0005d5f6,0x67dcd5f6,-1,0xff
979,0x0005d5f7,0x67dcd5f7,-2,0xfe
980,0x0005d5f8,0x67dcd5f8,-5,0xfb
981,0x0005d5f9,0x67dcd5f9,-6,0xfa
982,0x0005d5fa,0x67dcd5fa,-7,0xf9
983,0x0005d5fb,0x67dcd5fb,-8,0xf8
984,0x0005d5fc,0x67dcd5fc,-11,0xf5
985,0x0005d5fd,0x67dcd5fd,-12,0xf4
986,0x0005d5fe,0x67dcd5fe,-13,0xf3
987,0x0005d5ff,0x67dcd5ff,-14,0xf2
988,0x0005d600,0x67dcd600,-16,0xf0
989,0x0005d601,0x67dcd601,-17,0xef
990,0x0005d602,0x67dcd602,-17,0xef
991,0x0005d603,0x67dcd603,-18,0xee
992,0x0005d604,0x67dcd604,-3,0xfd
993,0x0005d605,0x67dcd605,-4,0xfc
994,0x0005d606,0x67dcd606,-5,0xfb
995,0x0005d607,0x67dcd607,-6,0xfa
996,0x0005d608,0x67dcd608,-9,0xf7
997,0x0005d609,0x67dcd609,-10,0xf6
998,0x0005d60a,0x67dcd60a,-11,0xf5
999,0x0005d60b,0x67dcd60b,-12,0xf4
1000,0x0005d60c,0x67dcd60c,-15,0xf1
1001,0x0005d60d,0x67dcd60d,-16,0xf0
1002,0x0005d60e,0x67dcd60e,-16,0xf0
1003,0x0005d60f,0x67dcd60f,-17,0xef
1004,0x0005d610,0x67dcd610,-19,0xed
1005,0x0005d611,0x67dcd611,-20,0xec
1006,0x0005d612,0x67dcd612,-20,0xec
1007,0x0005d613,0x67dcd613,-20,0xec
1008,0x0005d614,0x67dcd614,0,0x00
1009,0x0005d615,0x67dcd615,0,0x00
1010,0x0005d616,0x67dcd616,0,0x00
1011,0x0005d617,0x67dcd617,0,0x00
1012,0x0005d618,0x67dcd618,1,0x01
1013,0x0005d619,0x67dcd619,0,0x00
1014,0x0005d61a,0x67dcd61a,0,0x00
1015,0x0005d61b,0x67dcd61b,0,0x00
1016,0x0005d61c,0x67dcd61c,1,0x01
1017,0x0005d61d,0x67dcd61d,1,0x01
1018,0x0005d61e,0x67dcd61e,0,0x00
1019,0x0005d61f,0x67dcd61f,0,0x00
1020,0x0005d620,0x67dcd620,1,0x01
1021,0x0005d621,0x67dcd621,1,0x01
1022,0x0005d622,0x67dcd622,1,0x01
1023,0x0005d623,0x67dcd623,0,0x00
1024,0x0005d624,0x67dcd624,-1,0xff
1025,0x0005d625,0x67dcd625,-1,0xff
1026,0x0005d626,0x67dcd626,-2,0xfe
1027,0x0005d627,0x67dcd627,-3,0xfd
1028,0x0005d628,0x67dcd628,0,0x00
1029,0x0005d629,0x67dcd629,-1,0xff
1030,0x0005d62a,0x67dcd62a,-2,0xfe
1031,0x0005d62b,0x67dcd62b,-3,0xfd
1032,0x0005d62c,0x67dcd62c,-1,0xff
1033,0x0005d62d,0x67dcd62d,-1,0xff
1034,0x0005d62e,0x67dcd62e,-2,0xfe
1035,0x0005d62f,0x67dcd62f,-2,0xfe
1036,0x0005d630,0x67dcd630,0,0x00
1037,0x0005d631,0x67dcd631,-1,0xff
1038,0x0005d632,0x67dcd632,-1,0xff
1039,0x0005d633,0x67dcd633,-2,0xfe
1040,0x0005d634,0x67dcd634,2,0x02
1041,0x0005d635,0x67dcd635,1,0x01
1042,0x0005d636,0x67dcd636,1,0x01
1043,0x0005d637,0x67dcd637,1,0x01
1044,0x0005d638,0x67dcd638,2,0x02
1045,0x0005d639,0x67dcd639,2,0x02
1046,0x0005d63a,0x67dcd63a,1,0x01
1047,0x0005d63b,0x67dcd63b,1,0x01
1048,0x0005d63c,0x67dcd63c,2,0x02
1049,0x0005d63d,0x67dcd63d,2,0x02
1050,0x0005d63e,0x67dcd63e,1,0x01
1051,0x0005d63f,0x67dcd63f,1,0x01
1052,0x0005d640,0x67dcd640,2,0x02
1053,0x0005d641,0x67dcd641,2,0x02
1054,0x0005d642,0x67dcd642,1,0x01
1055,0x0005d643,0x67dcd643,1,0x01
1056,0x0005d644,0x67dcd644,0,0x00
1057,0x0005d645,0x67dcd645,-1,0xff
1058,0x0005d646,0x67dcd646,-1,0xff
1059,0x0005d647,0x67dcd647,-2,0xfe
1060,0x0005d648,0x67dcd648,0,0x00
1061,0x0005d649,0x67dcd649,0,0x00
1062,0x0005d64a,0x67dcd64a,-1,0xff
1063,0x0005d64b,0x67dcd64b,-2,0xfe
1064,0x0005d64c,0x67dcd64c,1,0x01
1065,0x0005d64d,0x67dcd64d,0,0x00
1066,0x0005d64e,0x67dcd64e,-1,0xff
1067,0x0005d64f,0x67dcd64f,-1,0xff
1068,0x0005d650,0x67dcd650,1,0x01
1069,0x0005d651,0x67dcd651,0,0x00
1070,0x0005d652,0x67dcd652,0,0x00
1071,0x0005d653,0x67dcd653,-2,0xfe
1072,0x0005d654,0x67dcd654,0,0x00
1073,0x0005d655,0x67dcd655,-1,0xff
1074,0x0005d656,0x67dcd656,-1,0xff
1075,0x0005d657,0x67dcd657,0,0x00
1076,0x0005d658,0x67dcd658,0,0x00
1077,0x0005d659,0x67dcd659,-1,0xff
1078,0x0005d65a,0x67dcd65a,-1,0xff
1079,0x0005d65b,0x67dcd65b,0,0x00
1080,0x0005d65c,0x67dcd65c,-1,0xff
1081,0x0005d65d,0x67dcd65d,-1,0xff
1082,0x0005d65e,0x67dcd65e,-1,0xff
1083,0x0005d65f,0x67dcd65f,-1,0xff
1084,0x0005d660,0x67dcd660,-1,0xff
1085,0x0005d661,0x67dcd661,-1,0xff
1086,0x0005d662,0x67dcd662,-2,0xfe
1087,0x0005d663,0x67dcd663,-1,0xff
1088,0x0005d664,0x67dcd664,0,0x00
1089,0x0005d665,0x67dcd665,1,0x01
1090,0x0005d666,0x67dcd666,2,0x02
1091,0x0005d667,0x67dcd667,3,0x03
1092,0x0005d668,0x67dcd668,1,0x01
1093,0x0005d669,0x67dcd669,1,0x01
1094,0x0005d66a,0x67dcd66a,2,0x02
1095,0x0005d66b,0x67dcd66b,2,0x02
1096,0x0005d66c,0x67dcd66c,0,0x00
1097,0x0005d66d,0x67dcd66d,1,0x01
1098,0x0005d66e,0x67dcd66e,2,0x02
1099,0x0005d66f,0x67dcd66f,2,0x02
1100,0x0005d670,0x67dcd670,0,0x00
1101,0x0005d671,0x67dcd671,1,0x01
1102,0x0005d672,0x67dcd672,1,0x01
1103,0x0005d673,0x67dcd673,2,0x02
1104,0x0005d674,0x67dcd674,-1,0xff
1105,0x0005d675,0x67dcd675,-2,0xfe
1106,0x0005d676,0x67dcd676,-2,0xfe
1107,0x0005d677,0x67dcd677,-1,0xff
1108,0x0005d678,0x67dcd678,-1,0xff
1109,0x0005d679,0x67dcd679,-2,0xfe
1110,0x0005d67a,0x67dcd67a,-2,0xfe
1111,0x0005d67b,0x67dcd67b,-2,0xfe
1112,0x0005d67c,0x67dcd67c,-1,0xff
1113,0x0005d67d,0x67dcd67d,-1,0xff
1114,0x0005d67e,0x67dcd67e,-2,0xfe
1115,0x0005d67f,0x67dcd67f,-1,0xff
1116,0x0005d680,0x67dcd680,-1,0xff
1117,0x0005d681,0x67dcd681,-1,0xff
1118,0x0005d682,0x67dcd682,-1,0xff
1119,0x0005d683,0x67dcd683,-1,0xff
1120,0x0005d684,0x67dcd684,0,0x00
1121,0x0005d685,0x67dcd685,0,0x00
1122,0x0005d686,0x67dcd686,1,0x01
1123,0x0005d687,0x67dcd687,2,0x02
1124,0x0005d688,0x67dcd688,-1,0xff
1125,0x0005d689,0x67dcd689,0,0x00
1126,0x0005d68a,0x67dcd68a,1,0x01
1127,0x0005d68b,0x67dcd68b,2,0x02
1128,0x0005d68c,0x67dcd68c,0,0x00
1129,0x0005d68d,0x67dcd68d,0,0x00
1130,0x0005d68e,0x67dcd68e,1,0x01
1131,0x0005d68f,0x67dcd68f,2,0x02
1132,0x0005d690,0x67dcd690,0,0x00
1133,0x0005d691,0x67dcd691,1,0x01
1134,0x0005d692,0x67dcd692,1,0x01
1135,0x0005d693,0x67dcd693,2,0x02
1136,0x0005d694,0x67dcd694,3,0x03
1137,0x0005d695,0x67dcd695,2,0x02
1138,0x0005d696,0x67dcd696,2,0x02
1139,0x0005d697,0x67dcd697,2,0x02
1140,0x0005d698,0x67dcd698,3,0x03
1141,0x0005d699,0x67dcd699,2,0x02
1142,0x0005d69a,0x67dcd69a,2,0x02
1143,0x0005d69b,0x67dcd69b,2,0x02
1144,0x0005d69c,0x67dcd69c,2,0x02
1145,0x0005d69d,0x67dcd69d,2,0x02
1146,0x0005d69e,0x67dcd69e,2,0x02
1147,0x0005d69f,0x67dcd69f,1,0x01
1148,0x0005d6a0,0x67dcd6a0,2,0x02
1149,0x0005d6a1,0x67dcd6a1,2,0x02
1150,0x0005d6a2,0x67dcd6a2,1,0x01
1151,0x0005d6a3,0x67dcd6a3,1,0x01
1152,0x0005d6a4,0x67dcd6a4,1,0x01
1153,0x0005d6a5,0x67dcd6a5,1,0x01
1154,0x0005d6a6,0x67dcd6a6,0,0x00
1155,0x0005d6a7,0x67dcd6a7,0,0x00
1156,0x0005d6a8,0x67dcd6a8,2,0x02
1157,0x0005d6a9,0x67dcd6a9,1,0x01
1158,0x0005d6aa,0x67dcd6aa,0,0x00
1159,0x0005d6ab,0x67dcd6ab,0,0x00
1160,0x0005d6ac,0x67dcd6ac,1,0x01
1161,0x0005d6ad,0x67dcd6ad,1,0x01
1162,0x0005d6ae,0x67dcd6ae,0,0x00
1163,0x0005d6af,0x67dcd6af,0,0x00
1164,0x0005d6b0,0x67dcd6b0,1,0x01
1165,0x0005d6b1,0x67dcd6b1,0,0x00
1166,0x0005d6b2,0x67dcd6b2,0,0x00
1167,0x0005d6b3,0x67dcd6b3,-1,0xff
1168,0x0005d6b4,0x67dcd6b4,1,0x01
1169,0x0005d6b5,0x67dcd6b5,1,0x01
1170,0x0005d6b6,0x67dcd6b6,1,0x01
1171,0x0005d6b7,0x67dcd6b7,0,0x00
1172,0x0005d6b8,0x67dcd6b8,0,0x00
1173,0x0005d6b9,0x67dcd6b9,0,0x00
1174,0x0005d6ba,0x67dcd6ba,-1,0xff
1175,0x0005d6bb,0x67dcd6bb,-1,0xff
1176,0x0005d6bc,0x67dcd6bc,-2,0xfe
1177,0x0005d6bd,0x67dcd6bd,-2,0xfe
1178,0x0005d6be,0x67dcd6be,-2,0xfe
1179,0x0005d6bf,0x67dcd6bf,-2,0xfe
1180,0x0005d6c0,0x67dcd6c0,-2,0xfe
1181,0x0005d6c1,0x67dcd6c1,-3,0xfd
1182,0x0005d6c2,0x67dcd6c2,-3,0xfd
1183,0x0005d6c3,0x67dcd6c3,-3,0xfd
1184,0x0005d6c4,0x67dcd6c4,0,0x00
1185,0x0005d6c5,0x67dcd6c5,0,0x00
1186,0x0005d6c6,0x67dcd6c6,-1,0xff
1187,0x0005d6c7,0x67dcd6c7,-1,0xff
1188,0x0005d6c8,0x67dcd6c8,-1,0xff
1189,0x0005d6c9,0x67dcd6c9,-1,0xff
1190,0x0005d6ca,0x67dcd6ca,-1,0xff
1191,0x0005d6cb,0x67dcd6cb,-1,0xff
1192,0x0005d6cc,0x67dcd6cc,-2,0xfe
1193,0x0005d6cd,0x67dcd6cd,-2,0xfe
1194,0x0005d6ce,0x67dcd6ce,-2,0xfe
1195,0x0005d6cf,0x67dcd6cf,-2,0xfe
1196,0x0005d6d0,0x67dcd6d0,-2,0xfe
1197,0x0005d6d1,0x67dcd6d1,-2,0xfe
1198,0x0005d6d2,0x67dcd6d2,-2,0xfe
1199,0x0005d6d3,0x67dcd6d3,-2,0xfe
1200,0x0005d6d4,0x67dcd6d4,5,0x05
1201,0x0005d6d5,0x67dcd6d5,2,0x02
1202,0x0005d6d6,0x67dcd6d6,0,0x00
1203,0x0005d6d7,0x67dcd6d7,0,0x00
1204,0x0005d6d8,0x67dcd6d8,4,0x04
1205,0x0005d6d9,0x67dcd6d9,2,0x02
1206,0x0005d6da,0x67dcd6da,0,0x00
1207,0x0005d6db,0x67dcd6db,-1,0xff
1208,0x0005d6dc,0x67dcd6dc,4,0x04
1209,0x0005d6dd,0x67dcd6dd,1,0x01
1210,0x0005d6de,0x67dcd6de,-1,0xff
1211,0x0005d6df,0x67dcd6df,-1,0xff
1212,0x0005d6e0,0x67dcd6e0,4,0x04
1213,0x0005d6e1,0x67dcd6e1,1,0x01
1214,0x0005d6e2,0x67dcd6e2,-1,0xff
1215,0x0005d6e3,0x67dcd6e3,-1,0xff
1216,0x0005d6e4,0x67dcd6e4,-1,0xff
1217,0x0005d6e5,0x67dcd6e5,0,0x00
1218,0x0005d6e6,0x67dcd6e6,0,0x00
1219,0x0005d6e7,0x67dcd6e7,0,0x00
1220,0x0005d6e8,0x67dcd6e8,-1,0xff
1221,0x0005d6e9,0x67dcd6e9,-1,0xff
1222,0x0005d6ea,0x67dcd6ea,0,0x00
1223,0x0005d6eb,0x67dcd6eb,-1,0xff
1224,0x0005d6ec,0x67dcd6ec,-2,0xfe
1225,0x0005d6ed,0x67dcd6ed,-1,0xff
1226,0x0005d6ee,0x67dcd6ee,-1,0xff
1227,0x0005d6ef,0x67dcd6ef,-1,0xff
1228,0x0005d6f0,0x67dcd6f0,-2,0xfe
1229,0x0005d6f1,0x67dcd6f1,-1,0xff
1230,0x0005d6f2,0x67dcd6f2,-1,0xff
1231,0x0005d6f3,0x67dcd6f3,-1,0xff
1232,0x0005d6f4,0x67dcd6f4,4,0x04
1233,0x0005d6f5,0x67dcd6f5,1,0x01
1234,0x0005d6f6,0x67dcd6f6,-1,0xff
1235,0x0005d6f7,0x67dcd6f7,-2,0xfe
1236,0x0005d6f8,0x67dcd6f8,4,0x04
1237,0x0005d6f9,0x67dcd6f9,1,0x01
1238,0x0005d6fa,0x67dcd6fa,-1,0xff
1239,0x0005d6fb,0x67dcd6fb,-2,0xfe
1240,0x0005d6fc,0x67dcd6fc,4,0x04
1241,0x0005d6fd,0x67dcd6fd,1,0x01
1242,0x0005d6fe,0x67dcd6fe,-1,0xff
1243,0x0005d6ff,0x67dcd6ff,-1,0xff
1244,0x0005d700,0x67dcd700,4,0x04
1245,0x0005d701,0x67dcd701,2,0x02
1246,0x0005d702,0x67dcd702,0,0x00
1247,0x0005d703,0x67dcd703,-1,0xff
1248,0x0005d704,0x67dcd704,-2,0xfe
1249,0x0005d705,0x67dcd705,-1,0xff
1250,0x0005d706,0x67dcd706,-1,0xff
1251,0x0005d707,0x67dcd707,-1,0xff
1252,0x0005d708,0x67dcd708,-2,0xfe
1253,0x0005d709,0x67dcd709,-1,0xff
1254,0x0005d70a,0x67dcd70a,-1,0xff
1255,0x0005d70b,0x67dcd70b,-1,0xff
1256,0x0005d70c,0x67dcd70c,-1,0xff
1257,0x0005d70d,0x67dcd70d,-1,0xff
1258,0x0005d70e,0x67dcd70e,-1,0xff
1259,0x0005d70f,0x67dcd70f,-1,0xff
1260,0x0005d710,0x67dcd710,0,0x00
1261,0x0005d711,0x67dcd711,0,0x00
1262,0x0005d712,0x67dcd712,0,0x00
1263,0x0005d713,0x67dcd713,-1,0xff
1264,0x0005d714,0x67dcd714,-2,0xfe
1265,0x0005d715,0x67dcd715,-1,0xff
1266,0x0005d716,0x67dcd716,0,0x00
1267,0x0005d717,0x67dcd717,1,0x01
1268,0x0005d718,0x67dcd718,-3,0xfd
1269,0x0005d719,0x67dcd719,-1,0xff
1270,0x0005d71a,0x67dcd71a,0,0x00
1271,0x0005d71b,0x67dcd71b,1,0x01
1272,0x0005d71c,0x67dcd71c,-3,0xfd
1273,0x0005d71d,0x67dcd71d,-1,0xff
1274,0x0005d71e,0x67dcd71e,0,0x00
1275,0x0005d71f,0x67dcd71f,1,0x01
1276,0x0005d720,0x67dcd720,-3,0xfd
1277,0x0005d721,0x67dcd721,-1,0xff
1278,0x0005d722,0x67dcd722,0,0x00
1279,0x0005d723,0x67dcd723,1,0x01
1280,0x0005d724,0x67dcd724,1,0x01
1281,0x0005d725,0x67dcd725,1,0x01
1282,0x0005d726,0x67dcd726,1,0x01
1283,0x0005d727,0x67dcd727,1,0x01
1284,0x0005d728,0x67dcd728,1,0x01
1285,0x0005d729,0x67dcd729,1,0x01
1286,0x0005d72a,0x67dcd72a,1,0x01
1287,0x0005d72b,0x67dcd72b,1,0x01
1288,0x0005d72c,0x67dcd72c,1,0x01
1289,0x0005d72d,0x67dcd72d,1,0x01
1290,0x0005d72e,0x67dcd72e,1,0x01
1291,0x0005d72f,0x67dcd72f,1,0x01
1292,0x0005d730,0x67dcd730,1,0x01
1293,0x0005d731,0x67dcd731,1,0x01
1294,0x0005d732,0x67dcd732,1,0x01
1295,0x0005d733,0x67dcd733,1,0x01
1296,0x0005d734,0x67dcd734,-3,0xfd
1297,0x0005d735,0x67dcd735,-2,0xfe
1298,0x0005d736,0x67dcd736,0,0x00
1299,0x0005d737,0x67dcd737,1,0x01
1300,0x0005d738,0x67dcd738,-4,0xfc
1301,0x0005d739,0x67dcd739,-2,0xfe
1302,0x0005d73a,0x67dcd73a,0,0x00
1303,0x0005d73b,0x67dcd73b,1,0x01
1304,0x0005d73c,0x67dcd73c,-5,0xfb
1305,0x0005d73d,0x67dcd73d,-3,0xfd
1306,0x0005d73e,0x67dcd73e,-1,0xff
1307,0x0005d73f,0x67dcd73f,1,0x01
1308,0x0005d740,0x67dcd740,-5,0xfb
1309,0x0005d741,0x67dcd741,-3,0xfd
1310,0x0005d742,0x67dcd742,-2,0xfe
1311,0x0005d743,0x67dcd743,0,0x00
1312,0x0005d744,0x67dcd744,2,0x02
1313,0x0005d745,0x67dcd745,2,0x02
1314,0x0005d746,0x67dcd746,1,0x01
1315,0x0005d747,0x67dcd747,1,0x01
1316,0x0005d748,0x67dcd748,2,0x02
1317,0x0005d749,0x67dcd749,2,0x02
1318,0x0005d74a,0x67dcd74a,2,0x02
1319,0x0005d74b,0x67dcd74b,2,0x02
1320,0x0005d74c,0x67dcd74c,1,0x01
1321,0x0005d74d,0x67dcd74d,2,0x02
1322,0x0005d74e,0x67dcd74e,1,0x01
1323,0x0005d74f,0x67dcd74f,2,0x02
1324,0x0005d750,0x67dcd750,1,0x01
1325,0x0005d751,0x67dcd751,1,0x01
1326,0x0005d752,0x67dcd752,1,0x01
1327,0x0005d753,0x67dcd753,1,0x01
1328,0x0005d754,0x67dcd754,3,0x03
1329,0x0005d755,0x67dcd755,3,0x03
1330,0x0005d756,0x67dcd756,1,0x01
1331,0x0005d757,0x67dcd757,0,0x00
1332,0x0005d758,0x67dcd758,3,0x03
1333,0x0005d759,0x67dcd759,3,0x03
1334,0x0005d75a,0x67dcd75a,2,0x02
1335,0x0005d75b,0x67dcd75b,0,0x00
1336,0x0005d75c,0x67dcd75c,2,0x02
1337,0x0005d75d,0x67dcd75d,2,0x02
1338,0x0005d75e,0x67dcd75e,1,0x01
1339,0x0005d75f,0x67dcd75f,1,0x01
1340,0x0005d760,0x67dcd760,1,0x01
1341,0x0005d761,0x67dcd761,1,0x01
1342,0x0005d762,0x67dcd762,1,0x01
1343,0x0005d763,0x67dcd763,1,0x01
1344,0x0005d764,0x67dcd764,-2,0xfe
1345,0x0005d765,0x67dcd765,-4,0xfc
1346,0x0005d766,0x67dcd766,-4,0xfc
1347,0x0005d767,0x67dcd767,-5,0xfb
1348,0x0005d768,0x67dcd768,-1,0xff
1349,0x0005d769,0x67dcd769,-2,0xfe
1350,0x0005d76a,0x67dcd76a,-3,0xfd
1351,0x0005d76b,0x67dcd76b,-4,0xfc
1352,0x0005d76c,0x67dcd76c,0,0x00
1353,0x0005d76d,0x67dcd76d,-1,0xff
1354,0x0005d76e,0x67dcd76e,-2,0xfe
1355,0x0005d76f,0x67dcd76f,-2,0xfe
1356,0x0005d770,0x67dcd770,1,0x01
1357,0x0005d771,0x67dcd771,0,0x00
1358,0x0005d772,0x67dcd772,0,0x00
1359,0x0005d773,0x67dcd773,0,0x00
1360,0x0005d774,0x67dcd774,0,0x00
1361,0x0005d775,0x67dcd775,0,0x00
1362,0x0005d776,0x67dcd776,0,0x00
1363,0x0005d777,0x67dcd777,1,0x01
1364,0x0005d778,0x67dcd778,-2,0xfe
1365,0x0005d779,0x67dcd779,-1,0xff
1366,0x0005d77a,0x67dcd77a,-1,0xff
1367,0x0005d77b,0x67dcd77b,0,0x00
1368,0x0005d77c,0x67dcd77c,-3,0xfd
1369,0x0005d77d,0x67dcd77d,-2,0xfe
1370,0x0005d77e,0x67dcd77e,-2,0xfe
1371,0x0005d77f,0x67dcd77f,-1,0xff
1372,0x0005d780,0x67dcd780,-3,0xfd
1373,0x0005d781,0x67dcd781,-3,0xfd
1374,0x0005d782,0x67dcd782,-2,0xfe
1375,0x0005d783,0x67dcd783,-1,0xff
1376,0x0005d784,0x67dcd784,1,0x01
1377,0x0005d785,0x67dcd785,1,0x01
1378,0x0005d786,0x67dcd786,1,0x01
1379,0x0005d787,0x67dcd787,1,0x01
1380,0x0005d788,0x67dcd788,0,0x00
1381,0x0005d789,0x67dcd789,1,0x01
1382,0x0005d78a,0x67dcd78a,2,0x02
1383,0x0005d78b,0x67dcd78b,2,0x02
1384,0x0005d78c,0x67dcd78c,0,0x00
1385,0x0005d78d,0x67dcd78d,1,0x01
1386,0x0005d78e,0x67dcd78e,2,0x02
1387,0x0005d78f,0x67dcd78f,3,0x03
1388,0x0005d790,0x67dcd790,0,0x00
1389,0x0005d791,0x67dcd791,1,0x01
1390,0x0005d792,0x67dcd792,2,0x02
1391,0x0005d793,0x67dcd793,3,0x03
1392,0x0005d794,0x67dcd794,-3,0xfd
1393,0x0005d795,0x67dcd795,-3,0xfd
1394,0x0005d796,0x67dcd796,-3,0xfd
1395,0x0005d797,0x67dcd797,-3,0xfd
1396,0x0005d798,0x67dcd798,-3,0xfd
1397,0x0005d799,0x67dcd799,-3,0xfd
1398,0x0005d79a,0x67dcd79a,-2,0xfe
1399,0x0005d79b,0x67dcd79b,-2,0xfe
1400,0x0005d79c,0x67dcd79c,-2,0xfe
1401,0x0005d79d,0x67dcd79d,-2,0xfe
1402,0x0005d79e,0x67dcd79e,-2,0xfe
1403,0x0005d79f,0x67dcd79f,-1,0xff
1404,0x0005d7a0,0x67dcd7a0,-1,0xff
1405,0x0005d7a1,0x67dcd7a1,-1,0xff
1406,0x0005d7a2,0x67dcd7a2,-1,0xff
1407,0x0005d7a3,0x67dcd7a3,0,0x00
1408,0x0005d7a4,0x67dcd7a4,-3,0xfd
1409,0x0005d7a5,0x67dcd7a5,-2,0xfe
1410,0x0005d7a6,0x67dcd7a6,-2,0xfe
1411,0x0005d7a7,0x67dcd7a7,-2,0xfe
1412,0x0005d7a8,0x67dcd7a8,-2,0xfe
1413,0x0005d7a9,0x67dcd7a9,-1,0xff
1414,0x0005d7aa,0x67dcd7aa,-1,0xff
1415,0x0005d7ab,0x67dcd7ab,-1,0xff
1416,0x0005d7ac,0x67dcd7ac,-1,0xff
1417,0x0005d7ad,0x67dcd7ad,-1,0xff
1418,0x0005d7ae,0x67dcd7ae,-1,0xff
1419,0x0005d7af,0x67dcd7af,-1,0xff
1420,0x0005d7b0,0x67dcd7b0,0,0x00
1421,0x0005d7b1,0x67dcd7b1,0,0x00
1422,0x0005d7b2,0x67dcd7b2,0,0x00
1423,0x0005d7b3,0x67dcd7b3,0,0x00
1424,0x0005d7b4,0x67dcd7b4,0,0x00
1425,0x0005d7b5,0x67dcd7b5,0,0x00
1426,0x0005d7b6,0x67dcd7b6,0,0x00
1427,0x0005d7b7,0x67dcd7b7,0,0x00
1428,0x0005d7b8,0x67dcd7b8,0,0x00
1429,0x0005d7b9,0x67dcd7b9,0,0x00
1430,0x0005d7ba,0x67dcd7ba,1,0x01
1431,0x0005d7bb,0x67dcd7bb,1,0x01
1432,0x0005d7bc,0x67dcd7bc,1,0x01
1433,0x0005d7bd,0x67dcd7bd,1,0x01
1434,0x0005d7be,0x67dcd7be,1,0x01
1435,0x0005d7bf,0x67dcd7bf,2,0x02
1436,0x0005d7c0,0x67dcd7c0,2,0x02
1437,0x0005d7c1,0x67dcd7c1,2,0x02
1438,0x0005d7c2,0x67dcd7c2,2,0x02
1439,0x0005d7c3,0x67dcd7c3,2,0x02
1440,0x0005d7c4,0x67dcd7c4,1,0x01
1441,0x0005d7c5,0x67dcd7c5,1,0x01
1442,0x0005d7c6,0x67dcd7c6,1,0x01
1443,0x0005d7c7,0x67dcd7c7,1,0x01
1444,0x0005d7c8,0x67dcd7c8,2,0x02
1445,0x0005d7c9,0x67dcd7c9,2,0x02
1446,0x0005d7ca,0x67dcd7ca,2,0x02
1447,0x0005d7cb,0x67dcd7cb,2,0x02
1448,0x0005d7cc,0x67dcd7cc,2,0x02
1449,0x0005d7cd,0x67dcd7cd,3,0x03
1450,0x0005d7ce,0x67dcd7ce,3,0x03
1451,0x0005d7cf,0x67dcd7cf,3,0x03
1452,0x0005d7d0,0x67dcd7d0,3,0x03
1453,0x0005d7d1,0x67dcd7d1,3,0x03
1454,0x0005d7d2,0x67dcd7d2,3,0x03
1455,0x0005d7d3,0x67dcd7d3,3,0x03
1456,0x0005d7d4,0x67dcd7d4,-8,0xf8
1457,0x0005d7d5,0x67dcd7d5,-7,0xf9
1458,0x0005d7d6,0x67dcd7d6,-5,0xfb
1459,0x0005d7d7,0x67dcd7d7,-3,0xfd
1460,0x0005d7d8,0x67dcd7d8,-4,0xfc
1461,0x0005d7d9,0x67dcd7d9,-3,0xfd
1462,0x0005d7da,0x67dcd7da,-1,0xff
1463,0x0005d7db,0x67dcd7db,0,0x00
1464,0x0005d7dc,0x67dcd7dc,-1,0xff
1465,0x0005d7dd,0x67dcd7dd,1,0x01
1466,0x0005d7de,0x67dcd7de,2,0x02
1467,0x0005d7df,0x67dcd7df,3,0x03
1468,0x0005d7e0,0x67dcd7e0,1,0x01
1469,0x0005d7e1,0x67dcd7e1,2,0x02
1470,0x0005d7e2,0x67dcd7e2,3,0x03
1471,0x0005d7e3,0x67dcd7e3,3,0x03
1472,0x0005d7e4,0x67dcd7e4,-2,0xfe
1473,0x0005d7e5,0x67dcd7e5,-1,0xff
1474,0x0005d7e6,0x67dcd7e6,0,0x00
1475,0x0005d7e7,0x67dcd7e7,-1,0xff
1476,0x0005d7e8,0x67dcd7e8,1,0x01
1477,0x0005d7e9,0x67dcd7e9,2,0x02
1478,0x0005d7ea,0x67dcd7ea,1,0x01
1479,0x0005d7eb,0x67dcd7eb,1,0x01
1480,0x0005d7ec,0x67dcd7ec,3,0x03
1481,0x0005d7ed,0x67dcd7ed,2,0x02
1482,0x0005d7ee,0x67dcd7ee,2,0x02
1483,0x0005d7ef,0x67dcd7ef,1,0x01
1484,0x0005d7f0,0x67dcd7f0,2,0x02
1485,0x0005d7f1,0x67dcd7f1,2,0x02
1486,0x0005d7f2,0x67dcd7f2,1,0x01
1487,0x0005d7f3,0x67dcd7f3,0,0x00
1488,0x0005d7f4,0x67dcd7f4,2,0x02
1489,0x0005d7f5,0x67dcd7f5,3,0x03
1490,0x0005d7f6,0x67dcd7f6,3,0x03
1491,0x0005d7f7,0x67dcd7f7,2,0x02
1492,0x0005d7f8,0x67dcd7f8,1,0x01
1493,0x0005d7f9,0x67dcd7f9,2,0x02
1494,0x0005d7fa,0x67dcd7fa,1,0x01
1495,0x0005d7fb,0x67dcd7fb,0,0x00
1496,0x0005d7fc,0x67dcd7fc,1,0x01
1497,0x0005d7fd,0x67dcd7fd,1,0x01
1498,0x0005d7fe,0x67dcd7fe,0,0x00
1499,0x0005d7ff,0x67dcd7ff,-1,0xff
1500,0x0005d800,0x67dcd800,1,0x01
1501,0x0005d801,0x67dcd801,1,0x01
1502,0x0005d802,0x67dcd802,0,0x00
1503,0x0005d803,0x67dcd803,0,0x00
1504,0x0005d804,0x67dcd804,1,0x01
1505,0x0005d805,0x67dcd805,0,0x00
1506,0x0005d806,0x67dcd806,0,0x00
1507,0x0005d807,0x67dcd807,-1,0xff
1508,0x0005d808,0x67dcd808,-1,0xff
1509,0x0005d809,0x67dcd809,-1,0xff
1510,0x0005d80a,0x67dcd80a,-1,0xff
1511,0x0005d80b,0x67dcd80b,-1,0xff
1512,0x0005d80c,0x67dcd80c,-1,0xff
1513,0x0005d80d,0x67dcd80d,-2,0xfe
1514,0x0005d80e,0x67dcd80e,-2,0xfe
1515,0x0005d80f,0x67dcd80f,-1,0xff
1516,0x0005d810,0x67dcd810,-1,0xff
1517,0x0005d811,0x67dcd811,-1,0xff
1518,0x0005d812,0x67dcd812,0,0x00
1519,0x0005d813,0x67dcd813,-1,0xff
1520,0x0005d814,0x67dcd814,-4,0xfc
1521,0x0005d815,0x67dcd815,-3,0xfd
1522,0x0005d816,0x67dcd816,-2,0xfe
1523,0x0005d817,0x67dcd817,0,0x00
1524,0x0005d818,0x67dcd818,-4,0xfc
1525,0x0005d819,0x67dcd819,-3,0xfd
1526,0x0005d81a,0x67dcd81a,-2,0xfe
1527,0x0005d81b,0x67dcd81b,0,0x00
1528,0x0005d81c,0x67dcd81c,-3,0xfd
1529,0x0005d81d,0x67dcd81d,-3,0xfd
1530,0x0005d81e,0x67dcd81e,-2,0xfe
1531,0x0005d81f,0x67dcd81f,-1,0xff
1532,0x0005d820,0x67dcd820,-2,0xfe
1533,0x0005d821,0x67dcd821,-2,0xfe
1534,0x0005d822,0x67dcd822,-2,0xfe
1535,0x0005d823,0x67dcd823,-1,0xff
1536,0x0005d824,0x67dcd824,1,0x01
1537,0x0005d825,0x67dcd825,2,0x02
1538,0x0005d826,0x67dcd826,3,0x03
1539,0x0005d827,0x67dcd827,3,0x03
1540,0x0005d828,0x67dcd828,1,0x01
1541,0x0005d829,0x67dcd829,2,0x02
1542,0x0005d82a,0x67dcd82a,2,0x02
1543,0x0005d82b,0x67dcd82b,2,0x02
1544,0x0005d82c,0x67dcd82c,0,0x00
1545,0x0005d82d,0x67dcd82d,1,0x01
1546,0x0005d82e,0x67dcd82e,1,0x01
1547,0x0005d82f,0x67dcd82f,1,0x01
1548,0x0005d830,0x67dcd830,-1,0xff
1549,0x0005d831,0x67dcd831,0,0x00
1550,0x0005d832,0x67dcd832,0,0x00
1551,0x0005d833,0x67dcd833,0,0x00
1552,0x0005d834,0x67dcd834,0,0x00
1553,0x0005d835,0x67dcd835,-1,0xff
1554,0x0005d836,0x67dcd836,-1,0xff
1555,0x0005d837,0x67dcd837,-1,0xff
1556,0x0005d838,0x67dcd838,2,0x02
1557,0x0005d839,0x67dcd839,1,0x01
1558,0x0005d83a,0x67dcd83a,1,0x01
1559,0x0005d83b,0x67dcd83b,0,0x00
1560,0x0005d83c,0x67dcd83c,3,0x03
1561,0x0005d83d,0x67dcd83d,3,0x03
1562,0x0005d83e,0x67dcd83e,3,0x03
1563,0x0005d83f,0x67dcd83f,1,0x01
1564,0x0005d840,0x67dcd840,5,0x05
1565,0x0005d841,0x67dcd841,4,0x04
1566,0x0005d842,0x67dcd842,4,0x04
1567,0x0005d843,0x67dcd843,2,0x02
1568,0x0005d844,0x67dcd844,-1,0xff
1569,0x0005d845,0x67dcd845,-1,0xff
1570,0x0005d846,0x67dcd846,-1,0xff
1571,0x0005d847,0x67dcd847,-1,0xff
1572,0x0005d848,0x67dcd848,0,0x00
1573,0x0005d849,0x67dcd849,-1,0xff
1574,0x0005d84a,0x67dcd84a,-1,0xff
1575,0x0005d84b,0x67dcd84b,-2,0xfe
1576,0x0005d84c,0x67dcd84c,0,0x00
1577,0x0005d84d,0x67dcd84d,-1,0xff
1578,0x0005d84e,0x67dcd84e,-2,0xfe
1579,0x0005d84f,0x67dcd84f,-2,0xfe
1580,0x0005d850,0x67dcd850,1,0x01
1581,0x0005d851,0x67dcd851,0,0x00
1582,0x0005d852,0x67dcd852,-1,0xff
1583,0x0005d853,0x67dcd853,-2,0xfe
1584,0x0005d854,0x67dcd854,0,0x00
1585,0x0005d855,0x67dcd855,0,0x00
1586,0x0005d856,0x67dcd856,0,0x00
1587,0x0005d857,0x67dcd857,0,0x00
1588,0x0005d858,0x67dcd858,0,0x00
1589,0x0005d859,0x67dcd859,-1,0xff
1590,0x0005d85a,0x67dcd85a,0,0x00
1591,0x0005d85b,0x67dcd85b,0,0x00
1592,0x0005d85c,0x67dcd85c,0,0x00
1593,0x0005d85d,0x67dcd85d,-1,0xff
1594,0x0005d85e,0x67dcd85e,0,0x00
1595,0x0005d85f,0x67dcd85f,0,0x00
1596,0x0005d860,0x67dcd860,0,0x00
1597,0x0005d861,0x67dcd861,0,0x00
1598,0x0005d862,0x67dcd862,0,0x00
1599,0x0005d863,0x67dcd863,1,0x01
1600,0x0005d864,0x67dcd864,1,0x01
1601,0x0005d865,0x67dcd865,2,0x02
1602,0x0005d866,0x67dcd866,3,0x03
1603,0x0005d867,0x67dcd867,3,0x03
1604,0x0005d868,0x67dcd868,1,0x01
1605,0x0005d869,0x67dcd869,2,0x02
1606,0x0005d86a,0x67dcd86a,3,0x03
1607,0x0005d86b,0x67dcd86b,3,0x03
1608,0x0005d86c,0x67dcd86c,1,0x01
1609,0x0005d86d,0x67dcd86d,2,0x02
1610,0x0005d86e,0x67dcd86e,3,0x03
1611,0x0005d86f,0x67dcd86f,2,0x02
1612,0x0005d870,0x67dcd870,1,0x01
1613,0x0005d871,0x67dcd871,2,0x02
1614,0x0005d872,0x67dcd872,2,0x02
1615,0x0005d873,0x67dcd873,2,0x02
1616,0x0005d874,0x67dcd874,2,0x02
1617,0x0005d875,0x67dcd875,1,0x01
1618,0x0005d876,0x67dcd876,1,0x01
1619,0x0005d877,0x67dcd877,1,0x01
1620,0x0005d878,0x67dcd878,2,0x02
1621,0x0005d879,0x67dcd879,2,0x02
1622,0x0005d87a,0x67dcd87a,2,0x02
1623,0x0005d87b,0x67dcd87b,1,0x01
1624,0x0005d87c,0x67dcd87c,2,0x02
1625,0x0005d87d,0x67dcd87d,1,0x01
1626,0x0005d87e,0x67dcd87e,0,0x00
1627,0x0005d87f,0x67dcd87f,0,0x00
1628,0x0005d880,0x67dcd880,0,0x00
1629,0x0005d881,0x67dcd881,-1,0xff
1630,0x0005d882,0x67dcd882,-1,0xff
1631,0x0005d883,0x67dcd883,-3,0xfd
1632,0x0005d884,0x67dcd884,1,0x01
1633,0x0005d885,0x67dcd885,1,0x01
1634,0x0005d886,0x67dcd886,1,0x01
1635,0x0005d887,0x67dcd887,0,0x00
1636,0x0005d888,0x67dcd888,0,0x00
1637,0x0005d889,0x67dcd889,0,0x00
1638,0x0005d88a,0x67dcd88a,-1,0xff
1639,0x0005d88b,0x67dcd88b,-2,0xfe
1640,0x0005d88c,0x67dcd88c,-2,0xfe
1641,0x0005d88d,0x67dcd88d,-3,0xfd
1642,0x0005d88e,0x67dcd88e,-5,0xfb
1643,0x0005d88f,0x67dcd88f,-6,0xfa
1644,0x0005d890,0x67dcd890,-5,0xfb
1645,0x0005d891,0x67dcd891,-6,0xfa
1646,0x0005d892,0x67dcd892,-8,0xf8
1647,0x0005d893,0x67dcd893,-9,0xf7
1648,0x0005d894,0x67dcd894,-2,0xfe
1649,0x0005d895,0x67dcd895,0,0x00
1650,0x0005d896,0x67dcd896,1,0x01
1651,0x0005d897,0x67dcd897,2,0x02
1652,0x0005d898,0x67dcd898,-2,0xfe
1653,0x0005d899,0x67dcd899,0,0x00
1654,0x0005d89a,0x67dcd89a,2,0x02
1655,0x0005d89b,0x67dcd89b,2,0x02
1656,0x0005d89c,0x67dcd89c,-2,0xfe
1657,0x0005d89d,0x67dcd89d,0,0x00
1658,0x0005d89e,0x67dcd89e,2,0x02
1659,0x0005d89f,0x67dcd89f,2,0x02
1660,0x0005d8a0,0x67dcd8a0,-2,0xfe
1661,0x0005d8a1,0x67dcd8a1,0,0x00
1662,0x0005d8a2,0x67dcd8a2,2,0x02
1663,0x0005d8a3,0x67dcd8a3,2,0x02
1664,0x0005d8a4,0x67dcd8a4,2,0x02
1665,0x0005d8a5,0x67dcd8a5,1,0x01
1666,0x0005d8a6,0x67dcd8a6,-1,0xff
1667,0x0005d8a7,0x67dcd8a7,-4,0xfc
1668,0x0005d8a8,0x67dcd8a8,2,0x02
1669,0x0005d8a9,0x67dcd8a9,1,0x01
1670,0x0005d8aa,0x67dcd8aa,-1,0xff
1671,0x0005d8ab,0x67dcd8ab,-4,0xfc
1672,0x0005d8ac,0x67dcd8ac,2,0x02
1673,0x0005d8ad,0x67dcd8ad,1,0x01
1674,0x0005d8ae,0x67dcd8ae,-1,0xff
1675,0x0005d8af,0x67dcd8af,-3,0xfd
1676,0x0005d8b0,0x67dcd8b0,2,0x02
1677,0x0005d8b1,0x67dcd8b1,1,0x01
1678,0x0005d8b2,0x67dcd8b2,-1,0xff
1679,0x0005d8b3,0x67dcd8b3,-3,0xfd
1680,0x0005d8b4,0x67dcd8b4,-2,0xfe
1681,0x0005d8b5,0x67dcd8b5,-1,0xff
1682,0x0005d8b6,0x67dcd8b6,2,0x02
1683,0x0005d8b7,0x67dcd8b7,2,0x02
1684,0x0005d8b8,0x67dcd8b8,-2,0xfe
1685,0x0005d8b9,0x67dcd8b9,-1,0xff
1686,0x0005d8ba,0x67dcd8ba,1,0x01
1687,0x0005d8bb,0x67dcd8bb,2,0x02
1688,0x0005d8bc,0x67dcd8bc,-3,0xfd
1689,0x0005d8bd,0x67dcd8bd,-1,0xff
1690,0x0005d8be,0x67dcd8be,1,0x01
1691,0x0005d8bf,0x67dcd8bf,2,0x02
1692,0x0005d8c0,0x67dcd8c0,-2,0xfe
1693,0x0005d8c1,0x67dcd8c1,-1,0xff
1694,0x0005d8c2,0x67dcd8c2,1,0x01
1695,0x0005d8c3,0x67dcd8c3,2,0x02
1696,0x0005d8c4,0x67dcd8c4,2,0x02
1697,0x0005d8c5,0x67dcd8c5,1,0x01
1698,0x0005d8c6,0x67dcd8c6,-1,0xff
1699,0x0005d8c7,0x67dcd8c7,-3,0xfd
1700,0x0005d8c8,0x67dcd8c8,2,0x02
1701,0x0005d8c9,0x67dcd8c9,1,0x01
1702,0x0005d8ca,0x67dcd8ca,-1,0xff
1703,0x0005d8cb,0x67dcd8cb,-3,0xfd
1704,0x0005d8cc,0x67dcd8cc,2,0x02
1705,0x0005d8cd,0x67dcd8cd,1,0x01
1706,0x0005d8ce,0x67dcd8ce,-1,0xff
1707,0x0005d8cf,0x67dcd8cf,-3,0xfd
1708,0x0005d8d0,0x67dcd8d0,2,0x02
1709,0x0005d8d1,0x67dcd8d1,1,0x01
1710,0x0005d8d2,0x67dcd8d2,-1,0xff
1711,0x0005d8d3,0x67dcd8d3,-3,0xfd
1712,0x0005d8d4,0x67dcd8d4,-1,0xff
1713,0x0005d8d5,0x67dcd8d5,1,0x01
1714,0x0005d8d6,0x67dcd8d6,1,0x01
1715,0x0005d8d7,0x67dcd8d7,-1,0xff
1716,0x0005d8d8,0x67dcd8d8,-1,0xff
1717,0x0005d8d9,0x67dcd8d9,1,0x01
1718,0x0005d8da,0x67dcd8da,1,0x01
1719,0x0005d8db,0x67dcd8db,-1,0xff
1720,0x0005d8dc,0x67dcd8dc,-1,0xff
1721,0x0005d8dd,0x67dcd8dd,1,0x01
1722,0x0005d8de,0x67dcd8de,1,0x01
1723,0x0005d8df,0x67dcd8df,0,0x00
1724,0x0005d8e0,0x67dcd8e0,-1,0xff
1725,0x0005d8e1,0x67dcd8e1,1,0x01
1726,0x0005d8e2,0x67dcd8e2,2,0x02
1727,0x0005d8e3,0x67dcd8e3,0,0x00
1728,0x0005d8e4,0x67dcd8e4,-3,0xfd
1729,0x0005d8e5,0x67dcd8e5,-3,0xfd
1730,0x0005d8e6,0x67dcd8e6,0,0x00
1731,0x0005d8e7,0x67dcd8e7,4,0x04
1732,0x0005d8e8,0x67dcd8e8,-3,0xfd
1733,0x0005d8e9,0x67dcd8e9,-3,0xfd
1734,0x0005d8ea,0x67dcd8ea,0,0x00
1735,0x0005d8eb,0x67dcd8eb,4,0x04
1736,0x0005d8ec,0x67dcd8ec,-3,0xfd
1737,0x0005d8ed,0x67dcd8ed,-3,0xfd
1738,0x0005d8ee,0x67dcd8ee,0,0x00
1739,0x0005d8ef,0x67dcd8ef,4,0x04
1740,0x0005d8f0,0x67dcd8f0,-3,0xfd
1741,0x0005d8f1,0x67dcd8f1,-3,0xfd
1742,0x0005d8f2,0x67dcd8f2,0,0x00
1743,0x0005d8f3,0x67dcd8f3,5,0x05
1744,0x0005d8f4,0x67dcd8f4,0,0x00
1745,0x0005d8f5,0x67dcd8f5,1,0x01
1746,0x0005d8f6,0x67dcd8f6,2,0x02
1747,0x0005d8f7,0x67dcd8f7,0,0x00
1748,0x0005d8f8,0x67dcd8f8,0,0x00
1749,0x0005d8f9,0x67dcd8f9,1,0x01
1750,0x0005d8fa,0x67dcd8fa,2,0x02
1751,0x0005d8fb,0x67dcd8fb,0,0x00
1752,0x0005d8fc,0x67dcd8fc,0,0x00
1753,0x0005d8fd,0x67dcd8fd,1,0x01
1754,0x0005d8fe,0x67dcd8fe,2,0x02
1755,0x0005d8ff,0x67dcd8ff,0,0x00
1756,0x0005d900,0x67dcd900,0,0x00
1757,0x0005d901,0x67dcd901,1,0x01
1758,0x0005d902,0x67dcd902,2,0x02
1759,0x0005d903,0x67dcd903,-1,0xff
1760,0x0005d904,0x67dcd904,-3,0xfd
1761,0x0005d905,0x67dcd905,-4,0xfc
1762,0x0005d906,0x67dcd906,0,0x00
1763,0x0005d907,0x67dcd907,4,0x04
1764,0x0005d908,0x67dcd908,-3,0xfd
1765,0x0005d909,0x67dcd909,-4,0xfc
1766,0x0005d90a,0x67dcd90a,0,0x00
1767,0x0005d90b,0x67dcd90b,5,0x05
1768,0x0005d90c,0x67dcd90c,-3,0xfd
1769,0x0005d90d,0x67dcd90d,-3,0xfd
1770,0x0005d90e,0x67dcd90e,0,0x00
1771,0x0005d90f,0x67dcd90f,4,0x04
1772,0x0005d910,0x67dcd910,-2,0xfe
1773,0x0005d911,0x67dcd911,-2,0xfe
1774,0x0005d912,0x67dcd912,0,0x00
1775,0x0005d913,0x67dcd913,4,0x04
1776,0x0005d914,0x67dcd914,6,0x06
1777,0x0005d915,0x67dcd915,6,0x06
1778,0x0005d916,0x67dcd916,5,0x05
1779,0x0005d917,0x67dcd917,6,0x06
1780,0x0005d918,0x67dcd918,2,0x02
1781,0x0005d919,0x67dcd919,2,0x02
1782,0x0005d91a,0x67dcd91a,2,0x02
1783,0x0005d91b,0x67dcd91b,2,0x02
1784,0x0005d91c,0x67dcd91c,0,0x00
1785,0x0005d91d,0x67dcd91d,0,0x00
1786,0x0005d91e,0x67dcd91e,0,0x00
1787,0x0005d91f,0x67dcd91f,0,0x00
1788,0x0005d920,0x67dcd920,-1,0xff
1789,0x0005d921,0x67dcd921,-1,0xff
1790,0x0005d922,0x67dcd922,-1,0xff
1791,0x0005d923,0x67dcd923,-1,0xff
1792,0x0005d924,0x67dcd924,5,0x05
1793,0x0005d925,0x67dcd925,5,0x05
1794,0x0005d926,0x67dcd926,5,0x05
1795,0x0005d927,0x67dcd927,5,0x05
1796,0x0005d928,0x67dcd928,2,0x02
1797,0x0005d929,0x67dcd929,2,0x02
1798,0x0005d92a,0x67dcd92a,2,0x02
1799,0x0005d92b,0x67dcd92b,2,0x02
1800,0x0005d92c,0x67dcd92c,0,0x00
1801,0x0005d92d,0x67dcd92d,0,0x00
1802,0x0005d92e,0x67dcd92e,0,0x00
1803,0x0005d92f,0x67dcd92f,0,0x00
1804,0x0005d930,0x67dcd930,-2,0xfe
1805,0x0005d931,0x67dcd931,-2,0xfe
1806,0x0005d932,0x67dcd932,-2,0xfe
1807,0x0005d933,0x67dcd933,-2,0xfe
1808,0x0005d934,0x67dcd934,-2,0xfe
1809,0x0005d935,0x67dcd935,-2,0xfe
1810,0x0005d936,0x67dcd936,-2,0xfe
1811,0x0005d937,0x67dcd937,-2,0xfe
1812,0x0005d938,0x67dcd938,-2,0xfe
1813,0x0005d939,0x67dcd939,-2,0xfe
1814,0x0005d93a,0x67dcd93a,-2,0xfe
1815,0x0005d93b,0x67dcd93b,-2,0xfe
1816,0x0005d93c,0x67dcd93c,-1,0xff
1817,0x0005d93d,0x67dcd93d,-1,0xff
1818,0x0005d93e,0x67dcd93e,-2,0xfe
1819,0x0005d93f,0x67dcd93f,-1,0xff
1820,0x0005d940,0x67dcd940,-1,0xff
1821,0x0005d941,0x67dcd941,-1,0xff
1822,0x0005d942,0x67dcd942,-1,0xff
1823,0x0005d943,0x67dcd943,-1,0xff
1824,0x0005d944,0x67dcd944,-2,0xfe
1825,0x0005d945,0x67dcd945,-2,0xfe
1826,0x0005d946,0x67dcd946,-2,0xfe
1827,0x0005d947,0x67dcd947,-2,0xfe
1828,0x0005d948,0x67dcd948,-2,0xfe
1829,0x0005d949,0x67dcd949,-2,0xfe
1830,0x0005d94a,0x67dcd94a,-2,0xfe
1831,0x0005d94b,0x67dcd94b,-2,0xfe
1832,0x0005d94c,0x67dcd94c,-1,0xff
1833,0x0005d94d,0x67dcd94d,-1,0xff
1834,0x0005d94e,0x67dcd94e,-1,0xff
1835,0x0005d94f,0x67dcd94f,-1,0xff
1836,0x0005d950,0x67dcd950,-1,0xff
1837,0x0005d951,0x67dcd951,-1,0xff
1838,0x0005d952,0x67dcd952,-1,0xff
1839,0x0005d953,0x67dcd953,-1,0xff
1840,0x0005d954,0x67dcd954,2,0x02
1841,0x0005d955,0x67dcd955,2,0x02
1842,0x0005d956,0x67dcd956,2,0x02
1843,0x0005d957,0x67dcd957,2,0x02
1844,0x0005d958,0x67dcd958,0,0x00
1845,0x0005d959,0x67dcd959,1,0x01
1846,0x0005d95a,0x67dcd95a,1,0x01
1847,0x0005d95b,0x67dcd95b,0,0x00
1848,0x0005d95c,0x67dcd95c,-1,0xff
1849,0x0005d95d,0x67dcd95d,-2,0xfe
1850,0x0005d95e,0x67dcd95e,-2,0xfe
1851,0x0005d95f,0x67dcd95f,-2,0xfe
1852,0x0005d960,0x67dcd960,-3,0xfd
1853,0x0005d961,0x67dcd961,-3,0xfd
1854,0x0005d962,0x67dcd962,-3,0xfd
1855,0x0005d963,0x67dcd963,-3,0xfd
1856,0x0005d964,0x67dcd964,2,0x02
1857,0x0005d965,0x67dcd965,2,0x02
1858,0x0005d966,0x67dcd966,2,0x02
1859,0x0005d967,0x67dcd967,2,0x02
1860,0x0005d968,0x67dcd968,0,0x00
1861,0x0005d969,0x67dcd969,0,0x00
1862,0x0005d96a,0x67dcd96a,0,0x00
1863,0x0005d96b,0x67dcd96b,0,0x00
1864,0x0005d96c,0x67dcd96c,-2,0xfe
1865,0x0005d96d,0x67dcd96d,-2,0xfe
1866,0x0005d96e,0x67dcd96e,-2,0xfe
1867,0x0005d96f,0x67dcd96f,-1,0xff
1868,0x0005d970,0x67dcd970,-3,0xfd
1869,0x0005d971,0x67dcd971,-3,0xfd
1870,0x0005d972,0x67dcd972,-3,0xfd
1871,0x0005d973,0x67dcd973,-2,0xfe
1872,0x0005d974,0x67dcd974,-3,0xfd
1873,0x0005d975,0x67dcd975,-4,0xfc
1874,0x0005d976,0x67dcd976,-4,0xfc
1875,0x0005d977,0x67dcd977,-3,0xfd
1876,0x0005d978,0x67dcd978,-2,0xfe
1877,0x0005d979,0x67dcd979,-2,0xfe
1878,0x0005d97a,0x67dcd97a,-2,0xfe
1879,0x0005d97b,0x67dcd97b,-2,0xfe
1880,0x0005d97c,0x67dcd97c,0,0x00
1881,0x0005d97d,0x67dcd97d,1,0x01
1882,0x0005d97e,0x67dcd97e,1,0x01
1883,0x0005d97f,0x67dcd97f,1,0x01
1884,0x0005d980,0x67dcd980,3,0x03
1885,0x0005d981,0x67dcd981,4,0x04
1886,0x0005d982,0x67dcd982,4,0x04
1887,0x0005d983,0x67dcd983,5,0x05
1888,0x0005d984,0x67dcd984,-3,0xfd
1889,0x0005d985,0x67dcd985,-3,0xfd
1890,0x0005d986,0x67dcd986,-2,0xfe
1891,0x0005d987,0x67dcd987,-2,0xfe
1892,0x0005d988,0x67dcd988,-1,0xff
1893,0x0005d989,0x67dcd989,-1,0xff
1894,0x0005d98a,0x67dcd98a,0,0x00
1895,0x0005d98b,0x67dcd98b,0,0x00
1896,0x0005d98c,0x67dcd98c,2,0x02
1897,0x0005d98d,0x67dcd98d,2,0x02
1898,0x0005d98e,0x67dcd98e,3,0x03
1899,0x0005d98f,0x67dcd98f,3,0x03
1900,0x0005d990,0x67dcd990,5,0x05
1901,0x0005d991,0x67dcd991,6,0x06
1902,0x0005d992,0x67dcd992,6,0x06
1903,0x0005d993,0x67dcd993,6,0x06
1904,0x0005d994,0x67dcd994,4,0x04
1905,0x0005d995,0x67dcd995,1,0x01
1906,0x0005d996,0x67dcd996,-2,0xfe
1907,0x0005d997,0x67dcd997,-3,0xfd
1908,0x0005d998,0x67dcd998,4,0x04
1909,0x0005d999,0x67dcd999,1,0x01
1910,0x0005d99a,0x67dcd99a,-2,0xfe
1911,0x0005d99b,0x67dcd99b,-4,0xfc
1912,0x0005d99c,0x67dcd99c,5,0x05
1913,0x0005d99d,0x67dcd99d,1,0x01
1914,0x0005d99e,0x67dcd99e,-2,0xfe
1915,0x0005d99f,0x67dcd99f,-4,0xfc
1916,0x0005d9a0,0x67dcd9a0,5,0x05
1917,0x0005d9a1,0x67dcd9a1,1,0x01
1918,0x0005d9a2,0x67dcd9a2,-2,0xfe
1919,0x0005d9a3,0x67dcd9a3,-3,0xfd
1920,0x0005d9a4,0x67dcd9a4,-3,0xfd
1921,0x0005d9a5,0x67dcd9a5,-1,0xff
1922,0x0005d9a6,0x67dcd9a6,1,0x01
1923,0x0005d9a7,0x67dcd9a7,3,0x03
1924,0x0005d9a8,0x67dcd9a8,-3,0xfd
1925,0x0005d9a9,0x67dcd9a9,-1,0xff
1926,0x0005d9aa,0x67dcd9aa,1,0x01
1927,0x0005d9ab,0x67dcd9ab,3,0x03
1928,0x0005d9ac,0x67dcd9ac,-3,0xfd
1929,0x0005d9ad,0x67dcd9ad,-1,0xff
1930,0x0005d9ae,0x67dcd9ae,1,0x01
1931,0x0005d9af,0x67dcd9af,4,0x04
1932,0x0005d9b0,0x67dcd9b0,-3,0xfd
1933,0x0005d9b1,0x67dcd9b1,-1,0xff
1934,0x0005d9b2,0x67dcd9b2,2,0x02
1935,0x0005d9b3,0x67dcd9b3,4,0x04
1936,0x0005d9b4,0x67dcd9b4,5,0x05
1937,0x0005d9b5,0x67dcd9b5,1,0x01
1938,0x0005d9b6,0x67dcd9b6,-2,0xfe
1939,0x0005d9b7,0x67dcd9b7,-3,0xfd
1940,0x0005d9b8,0x67dcd9b8,4,0x04
1941,0x0005d9b9,0x67dcd9b9,0,0x00
1942,0x0005d9ba,0x67dcd9ba,-3,0xfd
1943,0x0005d9bb,0x67dcd9bb,-4,0xfc
1944,0x0005d9bc,0x67dcd9bc,4,0x04
1945,0x0005d9bd,0x67dcd9bd,0,0x00
1946,0x0005d9be,0x67dcd9be,-3,0xfd
1947,0x0005d9bf,0x67dcd9bf,-3,0xfd
1948,0x0005d9c0,0x67dcd9c0,3,0x03
1949,0x0005d9c1,0x67dcd9c1,0,0x00
1950,0x0005d9c2,0x67dcd9c2,-2,0xfe
1951,0x0005d9c3,0x67dcd9c3,-3,0xfd
1952,0x0005d9c4,0x67dcd9c4,-3,0xfd
1953,0x0005d9c5,0x67dcd9c5,-1,0xff
1954,0x0005d9c6,0x67dcd9c6,2,0x02
1955,0x0005d9c7,0x67dcd9c7,4,0x04
1956,0x0005d9c8,0x67dcd9c8,-3,0xfd
1957,0x0005d9c9,0x67dcd9c9,-1,0xff
1958,0x0005d9ca,0x67dcd9ca,2,0x02
1959,0x0005d9cb,0x67dcd9cb,4,0x04
1960,0x0005d9cc,0x67dcd9cc,-3,0xfd
1961,0x0005d9cd,0x67dcd9cd,-1,0xff
1962,0x0005d9ce,0x67dcd9ce,1,0x01
1963,0x0005d9cf,0x67dcd9cf,3,0x03
1964,0x0005d9d0,0x67dcd9d0,-2,0xfe
1965,0x0005d9d1,0x67dcd9d1,-1,0xff
1966,0x0005d9d2,0x67dcd9d2,1,0x01
1967,0x0005d9d3,0x67dcd9d3,3,0x03
1968,0x0005d9d4,0x67dcd9d4,-3,0xfd
1969,0x0005d9d5,0x67dcd9d5,-4,0xfc
1970,0x0005d9d6,0x67dcd9d6,-4,0xfc
1971,0x0005d9d7,0x67dcd9d7,-4,0xfc
1972,0x0005d9d8,0x67dcd9d8,-1,0xff
1973,0x0005d9d9,0x67dcd9d9,-1,0xff
1974,0x0005d9da,0x67dcd9da,-1,0xff
1975,0x0005d9db,0x67dcd9db,-1,0xff
1976,0x0005d9dc,0x67dcd9dc,2,0x02
1977,0x0005d9dd,0x67dcd9dd,1,0x01
1978,0x0005d9de,0x67dcd9de,1,0x01
1979,0x0005d9df,0x67dcd9df,2,0x02
1980,0x0005d9e0,0x67dcd9e0,3,0x03
1981,0x0005d9e1,0x67dcd9e1,3,0x03
1982,0x0005d9e2,0x67dcd9e2,3,0x03
1983,0x0005d9e3,0x67dcd9e3,4,0x04
1984,0x0005d9e4,0x67dcd9e4,-4,0xfc
1985,0x0005d9e5,0x67dcd9e5,-4,0xfc
1986,0x0005d9e6,0x67dcd9e6,-4,0xfc
1987,0x0005d9e7,0x67dcd9e7,-4,0xfc
1988,0x0005d9e8,0x67dcd9e8,-1,0xff
1989,0x0005d9e9,0x67dcd9e9,-1,0xff
1990,0x0005d9ea,0x67dcd9ea,-2,0xfe
1991,0x0005d9eb,0x67dcd9eb,-2,0xfe
1992,0x0005d9ec,0x67dcd9ec,2,0x02
1993,0x0005d9ed,0x67dcd9ed,1,0x01
1994,0x0005d9ee,0x67dcd9ee,1,0x01
1995,0x0005d9ef,0x67dcd9ef,1,0x01
1996,0x0005d9f0,0x67dcd9f0,4,0x04
1997,0x0005d9f1,0x67dcd9f1,3,0x03
1998,0x0005d9f2,0x67dcd9f2,3,0x03
1999,0x0005d9f3,0x67dcd9f3,3,0x03
2000,0x0005d9f4,0x67dcd9f4,3,0x03
2001,0x0005d9f5,0x67dcd9f5,3,0x03
2002,0x0005d9f6,0x67dcd9f6,3,0x03
2003,0x0005d9f7,0x67dcd9f7,4,0x04
2004,0x0005d9f8,0x67dcd9f8,1,0x01
2005,0x0005d9f9,0x67dcd9f9,2,0x02
2006,0x0005d9fa,0x67dcd9fa,1,0x01
2007,0x0005d9fb,0x67dcd9fb,2,0x02
2008,0x0005d9fc,0x67dcd9fc,-2,0xfe
2009,0x0005d9fd,0x67dcd9fd,-2,0xfe
2010,0x0005d9fe,0x67dcd9fe,-2,0xfe
2011,0x0005d9ff,0x67dcd9ff,-1,0xff
2012,0x0005da00,0x67dcda00,-4,0xfc
2013,0x0005da01,0x67dcda01,-4,0xfc
2014,0x0005da02,0x67dcda02,-4,0xfc
2015,0x0005da03,0x67dcda03,-4,0xfc
2016,0x0005da04,0x67dcda04,4,0x04
2017,0x0005da05,0x67dcda05,4,0x04
2018,0x0005da06,0x67dcda06,3,0x03
2019,0x0005da07,0x67dcda07,3,0x03
2020,0x0005da08,0x67dcda08,2,0x02
2021,0x0005da09,0x67dcda09,2,0x02
2022,0x0005da0a,0x67dcda0a,2,0x02
2023,0x0005da0b,0x67dcda0b,2,0x02
2024,0x0005da0c,0x67dcda0c,-1,0xff
2025,0x0005da0d,0x67dcda0d,-1,0xff
2026,0x0005da0e,0x67dcda0e,0,0x00
2027,0x0005da0f,0x67dcda0f,0,0x00
2028,0x0005da10,0x67dcda10,-3,0xfd
2029,0x0005da11,0x67dcda11,-3,0xfd
2030,0x0005da12,0x67dcda12,-3,0xfd
2031,0x0005da13,0x67dcda13,-3,0xfd
2032,0x0005da14,0x67dcda14,-1,0xff
2033,0x0005da15,0x67dcda15,-2,0xfe
2034,0x0005da16,0x67dcda16,-3,0xfd
2035,0x0005da17,0x67dcda17,-3,0xfd
2036,0x0005da18,0x67dcda18,0,0x00
2037,0x0005da19,0x67dcda19,-1,0xff
2038,0x0005da1a,0x67dcda1a,-2,0xfe
2039,0x0005da1b,0x67dcda1b,-2,0xfe
2040,0x0005da1c,0x67dcda1c,2,0x02
2041,0x0005da1d,0x67dcda1d,1,0x01
2042,0x0005da1e,0x67dcda1e,-1,0xff
2043,0x0005da1f,0x67dcda1f,-1,0xff
2044,0x0005da20,0x67dcda20,3,0x03
2045,0x0005da21,0x67dcda21,1,0x01
2046,0x0005da22,0x67dcda22,0,0x00
2047,0x0005da23,0x67dcda23,-1,0xff
2048,0x0005da24,0x67dcda24,-2,0xfe
2049,0x0005da25,0x67dcda25,-2,0xfe
2050,0x0005da26,0x67dcda26,-1,0xff
2051,0x0005da27,0x67dcda27,0,0x00
2052,0x0005da28,0x67dcda28,-2,0xfe
2053,0x0005da29,0x67dcda29,-1,0xff
2054,0x0005da2a,0x67dcda2a,0,0x00
2055,0x0005da2b,0x67dcda2b,1,0x01
2056,0x0005da2c,0x67dcda2c,-1,0xff
2057,0x0005da2d,0x67dcda2d,-1,0xff
2058,0x0005da2e,0x67dcda2e,0,0x00
2059,0x0005da2f,0x67dcda2f,1,0x01
2060,0x0005da30,0x67dcda30,-1,0xff
2061,0x0005da31,0x67dcda31,0,0x00
2062,0x0005da32,0x67dcda32,0,0x00
2063,0x0005da33,0x67dcda33,1,0x01
2064,0x0005da34,0x67dcda34,3,0x03
2065,0x0005da35,0x67dcda35,2,0x02
2066,0x0005da36,0x67dcda36,0,0x00
2067,0x0005da37,0x67dcda37,-1,0xff
2068,0x0005da38,0x67dcda38,3,0x03
2069,0x0005da39,0x67dcda39,1,0x01
2070,0x0005da3a,0x67dcda3a,0,0x00
2071,0x0005da3b,0x67dcda3b,-1,0xff
2072,0x0005da3c,0x67dcda3c,3,0x03
2073,0x0005da3d,0x67dcda3d,1,0x01
2074,0x0005da3e,0x67dcda3e,0,0x00
2075,0x0005da3f,0x67dcda3f,-1,0xff
2076,0x0005da40,0x67dcda40,2,0x02
2077,0x0005da41,0x67dcda41,1,0x01
2078,0x0005da42,0x67dcda42,0,0x00
2079,0x0005da43,0x67dcda43,0,0x00
2080,0x0005da44,0x67dcda44,0,0x00
2081,0x0005da45,0x67dcda45,0,0x00
2082,0x0005da46,0x67dcda46,0,0x00
2083,0x0005da47,0x67dcda47,1,0x01
2084,0x0005da48,0x67dcda48,0,0x00
2085,0x0005da49,0x67dcda49,0,0x00
2086,0x0005da4a,0x67dcda4a,0,0x00
2087,0x0005da4b,0x67dcda4b,1,0x01
2088,0x0005da4c,0x67dcda4c,0,0x00
2089,0x0005da4d,0x67dcda4d,0,0x00
2090,0x0005da4e,0x67dcda4e,0,0x00
2091,0x0005da4f,0x67dcda4f,1,0x01
2092,0x0005da50,0x67dcda50,0,0x00
2093,0x0005da51,0x67dcda51,0,0x00
2094,0x0005da52,0x67dcda52,0,0x00
2095,0x0005da53,0x67dcda53,1,0x01
2096,0x0005da54,0x67dcda54,0,0x00
2097,0x0005da55,0x67dcda55,0,0x00
2098,0x0005da56,0x67dcda56,0,0x00
2099,0x0005da57,0x67dcda57,1,0x01
2100,0x0005da58,0x67dcda58,0,0x00
2101,0x0005da59,0x67dcda59,0,0x00
2102,0x0005da5a,0x67dcda5a,-1,0xff
2103,0x0005da5b,0x67dcda5b,0,0x00
2104,0x0005da5c,0x67dcda5c,0,0x00
2105,0x0005da5d,0x67dcda5d,-1,0xff
2106,0x0005da5e,0x67dcda5e,-1,0xff
2107,0x0005da5f,0x67dcda5f,-1,0xff
2108,0x0005da60,0x67dcda60,0,0x00
2109,0x0005da61,0x67dcda61,-1,0xff
2110,0x0005da62,0x67dcda62,-1,0xff
2111,0x0005da63,0x67dcda63,-1,0xff
2112,0x0005da64,0x67dcda64,1,0x01
2113,0x0005da65,0x67dcda65,2,0x02
2114,0x0005da66,0x67dcda66,3,0x03
2115,0x0005da67,0x67dcda67,4,0x04
2116,0x0005da68,0x67dcda68,0,0x00
2117,0x0005da69,0x67dcda69,0,0x00
2118,0x0005da6a,0x67dcda6a,2,0x02
2119,0x0005da6b,0x67dcda6b,3,0x03
2120,0x0005da6c,0x67dcda6c,-1,0xff
2121,0x0005da6d,0x67dcda6d,-1,0xff
2122,0x0005da6e,0x67dcda6e,0,0x00
2123,0x0005da6f,0x67dcda6f,1,0x01
2124,0x0005da70,0x67dcda70,-1,0xff
2125,0x0005da71,0x67dcda71,-1,0xff
2126,0x0005da72,0x67dcda72,-1,0xff
2127,0x0005da73,0x67dcda73,0,0x00
2128,0x0005da74,0x67dcda74,0,0x00
2129,0x0005da75,0x67dcda75,0,0x00
2130,0x0005da76,0x67dcda76,-1,0xff
2131,0x0005da77,0x67dcda77,-1,0xff
2132,0x0005da78,0x67dcda78,1,0x01
2133,0x0005da79,0x67dcda79,0,0x00
2134,0x0005da7a,0x67dcda7a,0,0x00
2135,0x0005da7b,0x67dcda7b,-1,0xff
2136,0x0005da7c,0x67dcda7c,2,0x02
2137,0x0005da7d,0x67dcda7d,2,0x02
2138,0x0005da7e,0x67dcda7e,1,0x01
2139,0x0005da7f,0x67dcda7f,0,0x00
2140,0x0005da80,0x67dcda80,3,0x03
2141,0x0005da81,0x67dcda81,3,0x03
2142,0x0005da82,0x67dcda82,2,0x02
2143,0x0005da83,0x67dcda83,1,0x01
2144,0x0005da84,0x67dcda84,-1,0xff
2145,0x0005da85,0x67dcda85,-2,0xfe
2146,0x0005da86,0x67dcda86,-2,0xfe
2147,0x0005da87,0x67dcda87,-1,0xff
2148,0x0005da88,0x67dcda88,-1,0xff
2149,0x0005da89,0x67dcda89,-2,0xfe
2150,0x0005da8a,0x67dcda8a,-2,0xfe
2151,0x0005da8b,0x67dcda8b,-1,0xff
2152,0x0005da8c,0x67dcda8c,-1,0xff
2153,0x0005da8d,0x67dcda8d,-1,0xff
2154,0x0005da8e,0x67dcda8e,-1,0xff
2155,0x0005da8f,0x67dcda8f,-1,0xff
2156,0x0005da90,0x67dcda90,0,0x00
2157,0x0005da91,0x67dcda91,-1,0xff
2158,0x0005da92,0x67dcda92,-1,0xff
2159,0x0005da93,0x67dcda93,0,0x00
2160,0x0005da94,0x67dcda94,1,0x01
2161,0x0005da95,0x67dcda95,0,0x00
2162,0x0005da96,0x67dcda96,1,0x01
2163,0x0005da97,0x67dcda97,0,0x00
2164,0x0005da98,0x67dcda98,0,0x00
2165,0x0005da99,0x67dcda99,0,0x00
2166,0x0005da9a,0x67dcda9a,0,0x00
2167,0x0005da9b,0x67dcda9b,0,0x00
2168,0x0005da9c,0x67dcda9c,0,0x00
2169,0x0005da9d,0x67dcda9d,-1,0xff
2170,0x0005da9e,0x67dcda9e,0,0x00
2171,0x0005da9f,0x67dcda9f,0,0x00
2172,0x0005daa0,0x67dcdaa0,-1,0xff
2173,0x0005daa1,0x67dcdaa1,-1,0xff
2174,0x0005daa2,0x67dcdaa2,-1,0xff
2175,0x0005daa3,0x67dcdaa3,0,0x00
2176,0x0005daa4,0x67dcdaa4,0,0x00
2177,0x0005daa5,0x67dcdaa5,-1,0xff
2178,0x0005daa6,0x67dcdaa6,-2,0xfe
2179,0x0005daa7,0x67dcdaa7,-1,0xff
2180,0x0005daa8,0x67dcdaa8,-1,0xff
2181,0x0005daa9,0x67dcdaa9,-1,0xff
2182,0x0005daaa,0x67dcdaaa,-2,0xfe
2183,0x0005daab,0x67dcdaab,-1,0xff
2184,0x0005daac,0x67dcdaac,-1,0xff
2185,0x0005daad,0x67dcdaad,-1,0xff
2186,0x0005daae,0x67dcdaae,-1,0xff
2187,0x0005daaf,0x67dcdaaf,-1,0xff
2188,0x0005dab0,0x67dcdab0,0,0x00
2189,0x0005dab1,0x67dcdab1,0,0x00
2190,0x0005dab2,0x67dcdab2,0,0x00
2191,0x0005dab3,0x67dcdab3,0,0x00
2192,0x0005dab4,0x67dcdab4,-1,0xff
2193,0x0005dab5,0x67dcdab5,-1,0xff
2194,0x0005dab6,0x67dcdab6,-1,0xff
2195,0x0005dab7,0x67dcdab7,0,0x00
2196,0x0005dab8,0x67dcdab8,-1,0xff
2197,0x0005dab9,0x67dcdab9,-1,0xff
2198,0x0005daba,0x67dcdaba,-1,0xff
2199,0x0005dabb,0x67dcdabb,0,0x00
2200,0x0005dabc,0x67dcdabc,-2,0xfe
2201,0x0005dabd,0x67dcdabd,-2,0xfe
2202,0x0005dabe,0x67dcdabe,-1,0xff
2203,0x0005dabf,0x67dcdabf,0,0x00
2204,0x0005dac0,0x67dcdac0,-2,0xfe
2205,0x0005dac1,0x67dcdac1,-2,0xfe
2206,0x0005dac2,0x67dcdac2,-1,0xff
2207,0x0005dac3,0x67dcdac3,0,0x00
2208,0x0005dac4,0x67dcdac4,0,0x00
2209,0x0005dac5,0x67dcdac5,0,0x00
2210,0x0005dac6,0x67dcdac6,1,0x01
2211,0x0005dac7,0x67dcdac7,1,0x01
2212,0x0005dac8,0x67dcdac8,1,0x01
2213,0x0005dac9,0x67dcdac9,1,0x01
2214,0x0005daca,0x67dcdaca,2,0x02
2215,0x0005dacb,0x67dcdacb,3,0x03
2216,0x0005dacc,0x67dcdacc,1,0x01
2217,0x0005dacd,0x67dcdacd,2,0x02
2218,0x0005dace,0x67dcdace,3,0x03
2219,0x0005dacf,0x67dcdacf,4,0x04
2220,0x0005dad0,0x67dcdad0,1,0x01
2221,0x0005dad1,0x67dcdad1,2,0x02
2222,0x0005dad2,0x67dcdad2,4,0x04
2223,0x0005dad3,0x67dcdad3,5,0x05
2224,0x0005dad4,0x67dcdad4,-3,0xfd
2225,0x0005dad5,0x67dcdad5,-1,0xff
2226,0x0005dad6,0x67dcdad6,1,0x01
2227,0x0005dad7,0x67dcdad7,0,0x00
2228,0x0005dad8,0x67dcdad8,-3,0xfd
2229,0x0005dad9,0x67dcdad9,0,0x00
2230,0x0005dada,0x67dcdada,1,0x01
2231,0x0005dadb,0x67dcdadb,0,0x00
2232,0x0005dadc,0x67dcdadc,-3,0xfd
2233,0x0005dadd,0x67dcdadd,0,0x00
2234,0x0005dade,0x67dcdade,1,0x01
2235,0x0005dadf,0x67dcdadf,0,0x00
2236,0x0005dae0,0x67dcdae0,-2,0xfe
2237,0x0005dae1,0x67dcdae1,1,0x01
2238,0x0005dae2,0x67dcdae2,2,0x02
2239,0x0005dae3,0x67dcdae3,0,0x00
2240,0x0005dae4,0x67dcdae4,0,0x00
2241,0x0005dae5,0x67dcdae5,-1,0xff
2242,0x0005dae6,0x67dcdae6,0,0x00
2243,0x0005dae7,0x67dcdae7,1,0x01
2244,0x0005dae8,0x67dcdae8,-1,0xff
2245,0x0005dae9,0x67dcdae9,-1,0xff
2246,0x0005daea,0x67dcdaea,0,0x00
2247,0x0005daeb,0x67dcdaeb,2,0x02
2248,0x0005daec,0x67dcdaec,-1,0xff
2249,0x0005daed,0x67dcdaed,-1,0xff
2250,0x0005daee,0x67dcdaee,0,0x00
2251,0x0005daef,0x67dcdaef,2,0x02
2252,0x0005daf0,0x67dcdaf0,-1,0xff
2253,0x0005daf1,0x67dcdaf1,-1,0xff
2254,0x0005daf2,0x67dcdaf2,0,0x00
2255,0x0005daf3,0x67dcdaf3,2,0x02
2256,0x0005daf4,0x67dcdaf4,-2,0xfe
2257,0x0005daf5,0x67dcdaf5,1,0x01
2258,0x0005daf6,0x67dcdaf6,2,0x02
2259,0x0005daf7,0x67dcdaf7,0,0x00
2260,0x0005daf8,0x67dcdaf8,-2,0xfe
2261,0x0005daf9,0x67dcdaf9,1,0x01
2262,0x0005dafa,0x67dcdafa,2,0x02
2263,0x0005dafb,0x67dcdafb,0,0x00
2264,0x0005dafc,0x67dcdafc,-1,0xff
2265,0x0005dafd,0x67dcdafd,2,0x02
2266,0x0005dafe,0x67dcdafe,2,0x02
2267,0x0005daff,0x67dcdaff,0,0x00
2268,0x0005db00,0x67dcdb00,-1,0xff
2269,0x0005db01,0x67dcdb01,1,0x01
2270,0x0005db02,0x67dcdb02,1,0x01
2271,0x0005db03,0x67dcdb03,0,0x00
2272,0x0005db04,0x67dcdb04,-1,0xff
2273,0x0005db05,0x67dcdb05,-1,0xff
2274,0x0005db06,0x67dcdb06,0,0x00
2275,0x0005db07,0x67dcdb07,2,0x02
2276,0x0005db08,0x67dcdb08,-1,0xff
2277,0x0005db09,0x67dcdb09,-1,0xff
2278,0x0005db0a,0x67dcdb0a,0,0x00
2279,0x0005db0b,0x67dcdb0b,2,0x02
2280,0x0005db0c,0x67dcdb0c,-1,0xff
2281,0x0005db0d,0x67dcdb0d,-1,0xff
2282,0x0005db0e,0x67dcdb0e,0,0x00
2283,0x0005db0f,0x67dcdb0f,2,0x02
2284,0x0005db10,0x67dcdb10,-1,0xff
2285,0x0005db11,0x67dcdb11,-1,0xff
2286,0x0005db12,0x67dcdb12,-1,0xff
2287,0x0005db13,0x67dcdb13,1,0x01
2288,0x0005db14,0x67dcdb14,-2,0xfe
2289,0x0005db15,0x67dcdb15,-2,0xfe
2290,0x0005db16,0x67dcdb16,-1,0xff
2291,0x0005db17,0x67dcdb17,1,0x01
2292,0x0005db18,0x67dcdb18,-2,0xfe
2293,0x0005db19,0x67dcdb19,-2,0xfe
2294,0x0005db1a,0x67dcdb1a,-1,0xff
2295,0x0005db1b,0x67dcdb1b,0,0x00
2296,0x0005db1c,0x67dcdb1c,-2,0xfe
2297,0x0005db1d,0x67dcdb1d,-2,0xfe
2298,0x0005db1e,0x67dcdb1e,-1,0xff
2299,0x0005db1f,0x67dcdb1f,0,0x00
2300,0x0005db20,0x67dcdb20,-1,0xff
2301,0x0005db21,0x67dcdb21,-1,0xff
2302,0x0005db22,0x67dcdb22,-1,0xff
2303,0x0005db23,0x67dcdb23,0,0x00
2304,0x0005db24,0x67dcdb24,3,0x03
2305,0x0005db25,0x67dcdb25,4,0x04
2306,0x0005db26,0x67dcdb26,3,0x03
2307,0x0005db27,0x67dcdb27,1,0x01
2308,0x0005db28,0x67dcdb28,2,0x02
2309,0x0005db29,0x67dcdb29,3,0x03
2310,0x0005db2a,0x67dcdb2a,2,0x02
2311,0x0005db2b,0x67dcdb2b,0,0x00
2312,0x0005db2c,0x67dcdb2c,1,0x01
2313,0x0005db2d,0x67dcdb2d,2,0x02
2314,0x0005db2e,0x67dcdb2e,1,0x01
2315,0x0005db2f,0x67dcdb2f,-1,0xff
2316,0x0005db30,0x67dcdb30,1,0x01
2317,0x0005db31,0x67dcdb31,2,0x02
2318,0x0005db32,0x67dcdb32,1,0x01
2319,0x0005db33,0x67dcdb33,-1,0xff
2320,0x0005db34,0x67dcdb34,-1,0xff
2321,0x0005db35,0x67dcdb35,-1,0xff
2322,0x0005db36,0x67dcdb36,-1,0xff
2323,0x0005db37,0x67dcdb37,0,0x00
2324,0x0005db38,0x67dcdb38,0,0x00
2325,0x0005db39,0x67dcdb39,-1,0xff
2326,0x0005db3a,0x67dcdb3a,-1,0xff
2327,0x0005db3b,0x67dcdb3b,0,0x00
2328,0x0005db3c,0x67dcdb3c,0,0x00
2329,0x0005db3d,0x67dcdb3d,-1,0xff
2330,0x0005db3e,0x67dcdb3e,-1,0xff
2331,0x0005db3f,0x67dcdb3f,0,0x00
2332,0x0005db40,0x67dcdb40,0,0x00
2333,0x0005db41,0x67dcdb41,-1,0xff
2334,0x0005db42,0x67dcdb42,-1,0xff
2335,0x0005db43,0x67dcdb43,0,0x00
2336,0x0005db44,0x67dcdb44,1,0x01
2337,0x0005db45,0x67dcdb45,1,0x01
2338,0x0005db46,0x67dcdb46,0,0x00
2339,0x0005db47,0x67dcdb47,-2,0xfe
2340,0x0005db48,0x67dcdb48,1,0x01
2341,0x0005db49,0x67dcdb49,1,0x01
2342,0x0005db4a,0x67dcdb4a,0,0x00
2343,0x0005db4b,0x67dcdb4b,-1,0xff
2344,0x0005db4c,0x67dcdb4c,1,0x01
2345,0x0005db4d,0x67dcdb4d,1,0x01
2346,0x0005db4e,0x67dcdb4e,1,0x01
2347,0x0005db4f,0x67dcdb4f,-1,0xff
2348,0x0005db50,0x67dcdb50,0,0x00
2349,0x0005db51,0x67dcdb51,1,0x01
2350,0x0005db52,0x67dcdb52,0,0x00
2351,0x0005db53,0x67dcdb53,-1,0xff
2352,0x0005db54,0x67dcdb54,-2,0xfe
2353,0x0005db55,0x67dcdb55,-1,0xff
2354,0x0005db56,0x67dcdb56,0,0x00
2355,0x0005db57,0x67dcdb57,1,0x01
2356,0x0005db58,0x67dcdb58,-2,0xfe
2357,0x0005db59,0x67dcdb59,-1,0xff
2358,0x0005db5a,0x67dcdb5a,0,0x00
2359,0x0005db5b,0x67dcdb5b,0,0x00
2360,0x0005db5c,0x67dcdb5c,-2,0xfe
2361,0x0005db5d,0x67dcdb5d,-1,0xff
2362,0x0005db5e,0x67dcdb5e,-1,0xff
2363,0x0005db5f,0x67dcdb5f,0,0x00
2364,0x0005db60,0x67dcdb60,-2,0xfe
2365,0x0005db61,0x67dcdb61,-1,0xff
2366,0x0005db62,0x67dcdb62,-1,0xff
2367,0x0005db63,0x67dcdb63,-1,0xff
2368,0x0005db64,0x67dcdb64,1,0x01
2369,0x0005db65,0x67dcdb65,1,0x01
2370,0x0005db66,0x67dcdb66,1,0x01
2371,0x0005db67,0x67dcdb67,1,0x01
2372,0x0005db68,0x67dcdb68,0,0x00
2373,0x0005db69,0x67dcdb69,0,0x00
2374,0x0005db6a,0x67dcdb6a,0,0x00
2375,0x0005db6b,0x67dcdb6b,0,0x00
2376,0x0005db6c,0x67dcdb6c,-1,0xff
2377,0x0005db6d,0x67dcdb6d,-1,0xff
2378,0x0005db6e,0x67dcdb6e,-2,0xfe
2379,0x0005db6f,0x67dcdb6f,-2,0xfe
2380,0x0005db70,0x67dcdb70,-1,0xff
2381,0x0005db71,0x67dcdb71,-2,0xfe
2382,0x0005db72,0x67dcdb72,-2,0xfe
2383,0x0005db73,0x67dcdb73,-3,0xfd
2384,0x0005db74,0x67dcdb74,-1,0xff
2385,0x0005db75,0x67dcdb75,0,0x00
2386,0x0005db76,0x67dcdb76,1,0x01
2387,0x0005db77,0x67dcdb77,1,0x01
2388,0x0005db78,0x67dcdb78,1,0x01
2389,0x0005db79,0x67dcdb79,2,0x02
2390,0x0005db7a,0x67dcdb7a,3,0x03
2391,0x0005db7b,0x67dcdb7b,3,0x03
2392,0x0005db7c,0x67dcdb7c,1,0x01
2393,0x0005db7d,0x67dcdb7d,2,0x02
2394,0x0005db7e,0x67dcdb7e,3,0x03
2395,0x0005db7f,0x67dcdb7f,3,0x03
2396,0x0005db80,0x67dcdb80,0,0x00
2397,0x0005db81,0x67dcdb81,0,0x00
2398,0x0005db82,0x67dcdb82,1,0x01
2399,0x0005db83,0x67dcdb83,1,0x01
2400,0x0005db84,0x67dcdb84,0,0x00
2401,0x0005db85,0x67dcdb85,-1,0xff
2402,0x0005db86,0x67dcdb86,-2,0xfe
2403,0x0005db87,0x67dcdb87,-2,0xfe
2404,0x0005db88,0x67dcdb88,2,0x02
2405,0x0005db89,0x67dcdb89,1,0x01
2406,0x0005db8a,0x67dcdb8a,0,0x00
2407,0x0005db8b,0x67dcdb8b,0,0x00
2408,0x0005db8c,0x67dcdb8c,3,0x03
2409,0x0005db8d,0x67dcdb8d,2,0x02
2410,0x0005db8e,0x67dcdb8e,1,0x01
2411,0x0005db8f,0x67dcdb8f,0,0x00
2412,0x0005db90,0x67dcdb90,1,0x01
2413,0x0005db91,0x67dcdb91,1,0x01
2414,0x0005db92,0x67dcdb92,0,0x00
2415,0x0005db93,0x67dcdb93,0,0x00
2416,0x0005db94,0x67dcdb94,0,0x00
2417,0x0005db95,0x67dcdb95,-1,0xff
2418,0x0005db96,0x67dcdb96,-1,0xff
2419,0x0005db97,0x67dcdb97,-1,0xff
2420,0x0005db98,0x67dcdb98,1,0x01
2421,0x0005db99,0x67dcdb99,0,0x00
2422,0x0005db9a,0x67dcdb9a,0,0x00
2423,0x0005db9b,0x67dcdb9b,0,0x00
2424,0x0005db9c,0x67dcdb9c,1,0x01
2425,0x0005db9d,0x67dcdb9d,1,0x01
2426,0x0005db9e,0x67dcdb9e,1,0x01
2427,0x0005db9f,0x67dcdb9f,1,0x01
2428,0x0005dba0,0x67dcdba0,1,0x01
2429,0x0005dba1,0x67dcdba1,1,0x01
2430,0x0005dba2,0x67dcdba2,2,0x02
2431,0x0005dba3,0x67dcdba3,2,0x02
2432,0x0005dba4,0x67dcdba4,0,0x00
2433,0x0005dba5,0x67dcdba5,0,0x00
2434,0x0005dba6,0x67dcdba6,0,0x00
2435,0x0005dba7,0x67dcdba7,0,0x00
2436,0x0005dba8,0x67dcdba8,0,0x00
2437,0x0005dba9,0x67dcdba9,0,0x00
2438,0x0005dbaa,0x67dcdbaa,1,0x01
2439,0x0005dbab,0x67dcdbab,1,0x01
2440,0x0005dbac,0x67dcdbac,1,0x01
2441,0x0005dbad,0x67dcdbad,1,0x01
2442,0x0005dbae,0x67dcdbae,1,0x01
2443,0x0005dbaf,0x67dcdbaf,1,0x01
2444,0x0005dbb0,0x67dcdbb0,1,0x01
2445,0x0005dbb1,0x67dcdbb1,1,0x01
2446,0x0005dbb2,0x67dcdbb2,1,0x01
2447,0x0005dbb3,0x67dcdbb3,1,0x01
2448,0x0005dbb4,0x67dcdbb4,1,0x01
2449,0x0005dbb5,0x67dcdbb5,1,0x01
2450,0x0005dbb6,0x67dcdbb6,1,0x01
2451,0x0005dbb7,0x67dcdbb7,1,0x01
2452,0x0005dbb8,0x67dcdbb8,-1,0xff
2453,0x0005dbb9,0x67dcdbb9,0,0x00
2454,0x0005dbba,0x67dcdbba,0,0x00
2455,0x0005dbbb,0x67dcdbbb,1,0x01
2456,0x0005dbbc,0x67dcdbbc,-3,0xfd
2457,0x0005dbbd,0x67dcdbbd,-2,0xfe
2458,0x0005dbbe,0x67dcdbbe,-1,0xff
2459,0x0005dbbf,0x67dcdbbf,-1,0xff
2460,0x0005dbc0,0x67dcdbc0,-5,0xfb
2461,0x0005dbc1,0x67dcdbc1,-5,0xfb
2462,0x0005dbc2,0x67dcdbc2,-4,0xfc
2463,0x0005dbc3,0x67dcdbc3,-3,0xfd
2464,0x0005dbc4,0x67dcdbc4,1,0x01
2465,0x0005dbc5,0x67dcdbc5,1,0x01
2466,0x0005dbc6,0x67dcdbc6,1,0x01
2467,0x0005dbc7,0x67dcdbc7,1,0x01
2468,0x0005dbc8,0x67dcdbc8,1,0x01
2469,0x0005dbc9,0x67dcdbc9,0,0x00
2470,0x0005dbca,0x67dcdbca,0,0x00
2471,0x0005dbcb,0x67dcdbcb,0,0x00
2472,0x0005dbcc,0x67dcdbcc,-1,0xff
2473,0x0005dbcd,0x67dcdbcd,-1,0xff
2474,0x0005dbce,0x67dcdbce,0,0x00
2475,0x0005dbcf,0x67dcdbcf,-1,0xff
2476,0x0005dbd0,0x67dcdbd0,-2,0xfe
2477,0x0005dbd1,0x67dcdbd1,-2,0xfe
2478,0x0005dbd2,0x67dcdbd2,-2,0xfe
2479,0x0005dbd3,0x67dcdbd3,-1,0xff
2480,0x0005dbd4,0x67dcdbd4,1,0x01
2481,0x0005dbd5,0x67dcdbd5,1,0x01
2482,0x0005dbd6,0x67dcdbd6,1,0x01
2483,0x0005dbd7,0x67dcdbd7,1,0x01
2484,0x0005dbd8,0x67dcdbd8,1,0x01
2485,0x0005dbd9,0x67dcdbd9,1,0x01
2486,0x0005dbda,0x67dcdbda,1,0x01
2487,0x0005dbdb,0x67dcdbdb,2,0x02
2488,0x0005dbdc,0x67dcdbdc,1,0x01
2489,0x0005dbdd,0x67dcdbdd,1,0x01
2490,0x0005dbde,0x67dcdbde,1,0x01
2491,0x0005dbdf,0x67dcdbdf,1,0x01
2492,0x0005dbe0,0x67dcdbe0,2,0x02
2493,0x0005dbe1,0x67dcdbe1,1,0x01
2494,0x0005dbe2,0x67dcdbe2,1,0x01
2495,0x0005dbe3,0x67dcdbe3,1,0x01
2496,0x0005dbe4,0x67dcdbe4,2,0x02
2497,0x0005dbe5,0x67dcdbe5,1,0x01
2498,0x0005dbe6,0x67dcdbe6,0,0x00
2499,0x0005dbe7,0x67dcdbe7,-1,0xff
2500,0x0005dbe8,0x67dcdbe8,1,0x01
2501,0x0005dbe9,0x67dcdbe9,1,0x01
2502,0x0005dbea,0x67dcdbea,0,0x00
2503,0x0005dbeb,0x67dcdbeb,-1,0xff
2504,0x0005dbec,0x67dcdbec,1,0x01
2505,0x0005dbed,0x67dcdbed,1,0x01
2506,0x0005dbee,0x67dcdbee,0,0x00
2507,0x0005dbef,0x67dcdbef,-2,0xfe
2508,0x0005dbf0,0x67dcdbf0,1,0x01
2509,0x0005dbf1,0x67dcdbf1,1,0x01
2510,0x0005dbf2,0x67dcdbf2,0,0x00
2511,0x0005dbf3,0x67dcdbf3,-2,0xfe
2512,0x0005dbf4,0x67dcdbf4,1,0x01
2513,0x0005dbf5,0x67dcdbf5,1,0x01
2514,0x0005dbf6,0x67dcdbf6,0,0x00
2515,0x0005dbf7,0x67dcdbf7,0,0x00
2516,0x0005dbf8,0x67dcdbf8,1,0x01
2517,0x0005dbf9,0x67dcdbf9,1,0x01
2518,0x0005dbfa,0x67dcdbfa,0,0x00
2519,0x0005dbfb,0x67dcdbfb,0,0x00
2520,0x0005dbfc,0x67dcdbfc,1,0x01
2521,0x0005dbfd,0x67dcdbfd,1,0x01
2522,0x0005dbfe,0x67dcdbfe,0,0x00
2523,0x0005dbff,0x67dcdbff,0,0x00
2524,0x0005dc00,0x67dcdc00,1,0x01
2525,0x0005dc01,0x67dcdc01,0,0x00
2526,0x0005dc02,0x67dcdc02,0,0x00
2527,0x0005dc03,0x67dcdc03,-1,0xff
2528,0x0005dc04,0x67dcdc04,0,0x00
2529,0x0005dc05,0x67dcdc05,0,0x00
2530,0x0005dc06,0x67dcdc06,-1,0xff
2531,0x0005dc07,0x67dcdc07,-3,0xfd
2532,0x0005dc08,0x67dcdc08,0,0x00
2533,0x0005dc09,0x67dcdc09,-1,0xff
2534,0x0005dc0a,0x67dcdc0a,-2,0xfe
2535,0x0005dc0b,0x67dcdc0b,-3,0xfd
2536,0x0005dc0c,0x67dcdc0c,-1,0xff
2537,0x0005dc0d,0x67dcdc0d,-1,0xff
2538,0x0005dc0e,0x67dcdc0e,-2,0xfe
2539,0x0005dc0f,0x67dcdc0f,-4,0xfc
2540,0x0005dc10,0x67dcdc10,-2,0xfe
2541,0x0005dc11,0x67dcdc11,-2,0xfe
2542,0x0005dc12,0x67dcdc12,-3,0xfd
2543,0x0005dc13,0x67dcdc13,-4,0xfc
2544,0x0005dc14,0x67dcdc14,8,0x08
2545,0x0005dc15,0x67dcdc15,7,0x07
2546,0x0005dc16,0x67dcdc16,5,0x05
2547,0x0005dc17,0x67dcdc17,3,0x03
2548,0x0005dc18,0x67dcdc18,2,0x02
2549,0x0005dc19,0x67dcdc19,1,0x01
2550,0x0005dc1a,0x67dcdc1a,0,0x00
2551,0x0005dc1b,0x67dcdc1b,0,0x00
2552,0x0005dc1c,0x67dcdc1c,-1,0xff
2553,0x0005dc1d,0x67dcdc1d,-1,0xff
2554,0x0005dc1e,0x67dcdc1e,-1,0xff
2555,0x0005dc1f,0x67dcdc1f,-2,0xfe
2556,0x0005dc20,0x67dcdc20,-1,0xff
2557,0x0005dc21,0x67dcdc21,-1,0xff
2558,0x0005dc22,0x67dcdc22,-1,0xff
2559,0x0005dc23,0x67dcdc23,-1,0xff
2560,0x0005dc24,0x67dcdc24,2,0x02
2561,0x0005dc25,0x67dcdc25,1,0x01
2562,0x0005dc26,0x67dcdc26,1,0x01
2563,0x0005dc27,0x67dcdc27,1,0x01
2564,0x0005dc28,0x67dcdc28,-1,0xff
2565,0x0005dc29,0x67dcdc29,-1,0xff
2566,0x0005dc2a,0x67dcdc2a,-2,0xfe
2567,0x0005dc2b,0x67dcdc2b,-1,0xff
2568,0x0005dc2c,0x67dcdc2c,-2,0xfe
2569,0x0005dc2d,0x67dcdc2d,-2,0xfe
2570,0x0005dc2e,0x67dcdc2e,-2,0xfe
2571,0x0005dc2f,0x67dcdc2f,-1,0xff
2572,0x0005dc30,0x67dcdc30,0,0x00
2573,0x0005dc31,0x67dcdc31,-1,0xff
2574,0x0005dc32,0x67dcdc32,-1,0xff
2575,0x0005dc33,0x67dcdc33,0,0x00
2576,0x0005dc34,0x67dcdc34,0,0x00
2577,0x0005dc35,0x67dcdc35,0,0x00
2578,0x0005dc36,0x67dcdc36,0,0x00
2579,0x0005dc37,0x67dcdc37,1,0x01
2580,0x0005dc38,0x67dcdc38,0,0x00
2581,0x0005dc39,0x67dcdc39,0,0x00
2582,0x0005dc3a,0x67dcdc3a,1,0x01
2583,0x0005dc3b,0x67dcdc3b,1,0x01
2584,0x0005dc3c,0x67dcdc3c,-1,0xff
2585,0x0005dc3d,0x67dcdc3d,0,0x00
2586,0x0005dc3e,0x67dcdc3e,0,0x00
2587,0x0005dc3f,0x67dcdc3f,0,0x00
2588,0x0005dc40,0x67dcdc40,-2,0xfe
2589,0x0005dc41,0x67dcdc41,-2,0xfe
2590,0x0005dc42,0x67dcdc42,-1,0xff
2591,0x0005dc43,0x67dcdc43,-1,0xff
2592,0x0005dc44,0x67dcdc44,1,0x01
2593,0x0005dc45,0x67dcdc45,0,0x00
2594,0x0005dc46,0x67dcdc46,0,0x00
2595,0x0005dc47,0x67dcdc47,0,0x00
2596,0x0005dc48,0x67dcdc48,1,0x01
2597,0x0005dc49,0x67dcdc49,0,0x00
2598,0x0005dc4a,0x67dcdc4a,0,0x00
2599,0x0005dc4b,0x67dcdc4b,0,0x00
2600,0x0005dc4c,0x67dcdc4c,0,0x00
2601,0x0005dc4d,0x67dcdc4d,0,0x00
2602,0x0005dc4e,0x67dcdc4e,-1,0xff
2603,0x0005dc4f,0x67dcdc4f,-1,0xff
2604,0x0005dc50,0x67dcdc50,-1,0xff
2605,0x0005dc51,0x67dcdc51,-2,0xfe
2606,0x0005dc52,0x67dcdc52,-2,0xfe
2607,0x0005dc53,0x67dcdc53,-1,0xff
2608,0x0005dc54,0x67dcdc54,9,0x09
2609,0x0005dc55,0x67dcdc55,4,0x04
2610,0x0005dc56,0x67dcdc56,0,0x00
2611,0x0005dc57,0x67dcdc57,-2,0xfe
2612,0x0005dc58,0x67dcdc58,7,0x07
2613,0x0005dc59,0x67dcdc59,2,0x02
2614,0x0005dc5a,0x67dcdc5a,-1,0xff
2615,0x0005dc5b,0x67dcdc5b,-2,0xfe
2616,0x0005dc5c,0x67dcdc5c,4,0x04
2617,0x0005dc5d,0x67dcdc5d,0,0x00
2618,0x0005dc5e,0x67dcdc5e,-2,0xfe
2619,0x0005dc5f,0x67dcdc5f,-2,0xfe
2620,0x0005dc60,0x67dcdc60,1,0x01
2621,0x0005dc61,0x67dcdc61,-2,0xfe
2622,0x0005dc62,0x67dcdc62,-2,0xfe
2623,0x0005dc63,0x67dcdc63,-2,0xfe
2624,0x0005dc64,0x67dcdc64,-2,0xfe
2625,0x0005dc65,0x67dcdc65,-2,0xfe
2626,0x0005dc66,0x67dcdc66,-1,0xff
2627,0x0005dc67,0x67dcdc67,-1,0xff
2628,0x0005dc68,0x67dcdc68,-2,0xfe
2629,0x0005dc69,0x67dcdc69,-1,0xff
2630,0x0005dc6a,0x67dcdc6a,0,0x00
2631,0x0005dc6b,0x67dcdc6b,0,0x00
2632,0x0005dc6c,0x67dcdc6c,-1,0xff
2633,0x0005dc6d,0x67dcdc6d,0,0x00
2634,0x0005dc6e,0x67dcdc6e,1,0x01
2635,0x0005dc6f,0x67dcdc6f,1,0x01
2636,0x0005dc70,0x67dcdc70,-1,0xff
2637,0x0005dc71,0x67dcdc71,0,0x00
2638,0x0005dc72,0x67dcdc72,1,0x01
2639,0x0005dc73,0x67dcdc73,1,0x01
2640,0x0005dc74,0x67dcdc74,-1,0xff
2641,0x0005dc75,0x67dcdc75,-2,0xfe
2642,0x0005dc76,0x67dcdc76,-2,0xfe
2643,0x0005dc77,0x67dcdc77,-1,0xff
2644,0x0005dc78,0x67dcdc78,-1,0xff
2645,0x0005dc79,0x67dcdc79,-2,0xfe
2646,0x0005dc7a,0x67dcdc7a,-1,0xff
2647,0x0005dc7b,0x67dcdc7b,0,0x00
2648,0x0005dc7c,0x67dcdc7c,-1,0xff
2649,0x0005dc7d,0x67dcdc7d,-1,0xff
2650,0x0005dc7e,0x67dcdc7e,0,0x00
2651,0x0005dc7f,0x67dcdc7f,1,0x01
2652,0x0005dc80,0x67dcdc80,0,0x00
2653,0x0005dc81,0x67dcdc81,-1,0xff
2654,0x0005dc82,0x67dcdc82,0,0x00
2655,0x0005dc83,0x67dcdc83,1,0x01
2656,0x0005dc84,0x67dcdc84,0,0x00
2657,0x0005dc85,0x67dcdc85,1,0x01
2658,0x0005dc86,0x67dcdc86,1,0x01
2659,0x0005dc87,0x67dcdc87,1,0x01
2660,0x0005dc88,0x67dcdc88,1,0x01
2661,0x0005dc89,0x67dcdc89,1,0x01
2662,0x0005dc8a,0x67dcdc8a,1,0x01
2663,0x0005dc8b,0x67dcdc8b,0,0x00
2664,0x0005dc8c,0x67dcdc8c,1,0x01
2665,0x0005dc8d,0x67dcdc8d,1,0x01
2666,0x0005dc8e,0x67dcdc8e,0,0x00
2667,0x0005dc8f,0x67dcdc8f,-1,0xff
2668,0x0005dc90,0x67dcdc90,0,0x00
2669,0x0005dc91,0x67dcdc91,0,0x00
2670,0x0005dc92,0x67dcdc92,-1,0xff
2671,0x0005dc93,0x67dcdc93,-1,0xff
2672,0x0005dc94,0x67dcdc94,0,0x00
2673,0x0005dc95,0x67dcdc95,1,0x01
2674,0x0005dc96,0x67dcdc96,1,0x01
2675,0x0005dc97,0x67dcdc97,1,0x01
2676,0x0005dc98,0x67dcdc98,1,0x01
2677,0x0005dc99,0x67dcdc99,2,0x02
2678,0x0005dc9a,0x67dcdc9a,2,0x02
2679,0x0005dc9b,0x67dcdc9b,2,0x02
2680,0x0005dc9c,0x67dcdc9c,2,0x02
2681,0x0005dc9d,0x67dcdc9d,2,0x02
2682,0x0005dc9e,0x67dcdc9e,2,0x02
2683,0x0005dc9f,0x67dcdc9f,2,0x02
2684,0x0005dca0,0x67dcdca0,1,0x01
2685,0x0005dca1,0x67dcdca1,1,0x01
2686,0x0005dca2,0x67dcdca2,1,0x01
2687,0x0005dca3,0x67dcdca3,0,0x00
2688,0x0005dca4,0x67dcdca4,1,0x01
2689,0x0005dca5,0x67dcdca5,1,0x01
2690,0x0005dca6,0x67dcdca6,0,0x00
2691,0x0005dca7,0x67dcdca7,0,0x00
2692,0x0005dca8,0x67dcdca8,1,0x01
2693,0x0005dca9,0x67dcdca9,0,0x00
2694,0x0005dcaa,0x67dcdcaa,0,0x00
2695,0x0005dcab,0x67dcdcab,0,0x00
2696,0x0005dcac,0x67dcdcac,1,0x01
2697,0x0005dcad,0x67dcdcad,0,0x00
2698,0x0005dcae,0x67dcdcae,-1,0xff
2699,0x0005dcaf,0x67dcdcaf,-1,0xff
2700,0x0005dcb0,0x67dcdcb0,-1,0xff
2701,0x0005dcb1,0x67dcdcb1,-2,0xfe
2702,0x0005dcb2,0x67dcdcb2,-2,0xfe
2703,0x0005dcb3,0x67dcdcb3,-2,0xfe
2704,0x0005dcb4,0x67dcdcb4,0,0x00
2705,0x0005dcb5,0x67dcdcb5,0,0x00
2706,0x0005dcb6,0x67dcdcb6,0,0x00
2707,0x0005dcb7,0x67dcdcb7,-1,0xff
2708,0x0005dcb8,0x67dcdcb8,-1,0xff
2709,0x0005dcb9,0x67dcdcb9,-1,0xff
2710,0x0005dcba,0x67dcdcba,-1,0xff
2711,0x0005dcbb,0x67dcdcbb,-2,0xfe
2712,0x0005dcbc,0x67dcdcbc,-1,0xff
2713,0x0005dcbd,0x67dcdcbd,-1,0xff
2714,0x0005dcbe,0x67dcdcbe,-1,0xff
2715,0x0005dcbf,0x67dcdcbf,-1,0xff
2716,0x0005dcc0,0x67dcdcc0,-1,0xff
2717,0x0005dcc1,0x67dcdcc1,-1,0xff
2718,0x0005dcc2,0x67dcdcc2,-1,0xff
2719,0x0005dcc3,0x67dcdcc3,0,0x00
2720,0x0005dcc4,0x67dcdcc4,-2,0xfe
2721,0x0005dcc5,0x67dcdcc5,-3,0xfd
2722,0x0005dcc6,0x67dcdcc6,-2,0xfe
2723,0x0005dcc7,0x67dcdcc7,-2,0xfe
2724,0x0005dcc8,0x67dcdcc8,-2,0xfe
2725,0x0005dcc9,0x67dcdcc9,-2,0xfe
2726,0x0005dcca,0x67dcdcca,-1,0xff
2727,0x0005dccb,0x67dcdccb,0,0x00
2728,0x0005dccc,0x67dcdccc,0,0x00
2729,0x0005dccd,0x67dcdccd,0,0x00
2730,0x0005dcce,0x67dcdcce,1,0x01
2731,0x0005dccf,0x67dcdccf,2,0x02
2732,0x0005dcd0,0x67dcdcd0,1,0x01
2733,0x0005dcd1,0x67dcdcd1,2,0x02
2734,0x0005dcd2,0x67dcdcd2,3,0x03
2735,0x0005dcd3,0x67dcdcd3,4,0x04
2736,0x0005dcd4,0x67dcdcd4,-1,0xff
2737,0x0005dcd5,0x67dcdcd5,-1,0xff
2738,0x0005dcd6,0x67dcdcd6,0,0x00
2739,0x0005dcd7,0x67dcdcd7,0,0x00
2740,0x0005dcd8,0x67dcdcd8,-1,0xff
2741,0x0005dcd9,0x67dcdcd9,-1,0xff
2742,0x0005dcda,0x67dcdcda,0,0x00
2743,0x0005dcdb,0x67dcdcdb,0,0x00
2744,0x0005dcdc,0x67dcdcdc,-2,0xfe
2745,0x0005dcdd,0x67dcdcdd,-2,0xfe
2746,0x0005dcde,0x67dcdcde,-1,0xff
2747,0x0005dcdf,0x67dcdcdf,0,0x00
2748,0x0005dce0,0x67dcdce0,-2,0xfe
2749,0x0005dce1,0x67dcdce1,-2,0xfe
2750,0x0005dce2,0x67dcdce2,-2,0xfe
2751,0x0005dce3,0x67dcdce3,0,0x00
2752,0x0005dce4,0x67dcdce4,-1,0xff
2753,0x0005dce5,0x67dcdce5,-2,0xfe
2754,0x0005dce6,0x67dcdce6,-3,0xfd
2755,0x0005dce7,0x67dcdce7,-3,0xfd
2756,0x0005dce8,0x67dcdce8,0,0x00
2757,0x0005dce9,0x67dcdce9,-1,0xff
2758,0x0005dcea,0x67dcdcea,-1,0xff
2759,0x0005dceb,0x67dcdceb,-1,0xff
2760,0x0005dcec,0x67dcdcec,1,0x01
2761,0x0005dced,0x67dcdced,1,0x01
2762,0x0005dcee,0x67dcdcee,1,0x01
2763,0x0005dcef,0x67dcdcef,1,0x01
2764,0x0005dcf0,0x67dcdcf0,1,0x01
2765,0x0005dcf1,0x67dcdcf1,2,0x02
2766,0x0005dcf2,0x67dcdcf2,3,0x03
2767,0x0005dcf3,0x67dcdcf3,3,0x03
2768,0x0005dcf4,0x67dcdcf4,-1,0xff
2769,0x0005dcf5,0x67dcdcf5,-1,0xff
2770,0x0005dcf6,0x67dcdcf6,-1,0xff
2771,0x0005dcf7,0x67dcdcf7,0,0x00
2772,0x0005dcf8,0x67dcdcf8,1,0x01
2773,0x0005dcf9,0x67dcdcf9,0,0x00
2774,0x0005dcfa,0x67dcdcfa,0,0x00
2775,0x0005dcfb,0x67dcdcfb,0,0x00
2776,0x0005dcfc,0x67dcdcfc,2,0x02
2777,0x0005dcfd,0x67dcdcfd,2,0x02
2778,0x0005dcfe,0x67dcdcfe,1,0x01
2779,0x0005dcff,0x67dcdcff,0,0x00
2780,0x0005dd00,0x67dcdd00,3,0x03
2781,0x0005dd01,0x67dcdd01,2,0x02
2782,0x0005dd02,0x67dcdd02,1,0x01
2783,0x0005dd03,0x67dcdd03,0,0x00
2784,0x0005dd04,0x67dcdd04,1,0x01
2785,0x0005dd05,0x67dcdd05,3,0x03
2786,0x0005dd06,0x67dcdd06,3,0x03
2787,0x0005dd07,0x67dcdd07,3,0x03
2788,0x0005dd08,0x67dcdd08,1,0x01
2789,0x0005dd09,0x67dcdd09,1,0x01
2790,0x0005dd0a,0x67dcdd0a,2,0x02
2791,0x0005dd0b,0x67dcdd0b,2,0x02
2792,0x0005dd0c,0x67dcdd0c,0,0x00
2793,0x0005dd0d,0x67dcdd0d,-1,0xff
2794,0x0005dd0e,0x67dcdd0e,-1,0xff
2795,0x0005dd0f,0x67dcdd0f,-1,0xff
2796,0x0005dd10,0x67dcdd10,-1,0xff
2797,0x0005dd11,0x67dcdd11,-2,0xfe
2798,0x0005dd12,0x67dcdd12,-3,0xfd
2799,0x0005dd13,0x67dcdd13,-3,0xfd
2800,0x0005dd14,0x67dcdd14,-1,0xff
2801,0x0005dd15,0x67dcdd15,-1,0xff
2802,0x0005dd16,0x67dcdd16,-1,0xff
2803,0x0005dd17,0x67dcdd17,-2,0xfe
2804,0x0005dd18,0x67dcdd18,0,0x00
2805,0x0005dd19,0x67dcdd19,0,0x00
2806,0x0005dd1a,0x67dcdd1a,0,0x00
2807,0x0005dd1b,0x67dcdd1b,-1,0xff
2808,0x0005dd1c,0x67dcdd1c,1,0x01
2809,0x0005dd1d,0x67dcdd1d,1,0x01
2810,0x0005dd1e,0x67dcdd1e,1,0x01
2811,0x0005dd1f,0x67dcdd1f,0,0x00
2812,0x0005dd20,0x67dcdd20,2,0x02
2813,0x0005dd21,0x67dcdd21,2,0x02
2814,0x0005dd22,0x67dcdd22,2,0x02
2815,0x0005dd23,0x67dcdd23,1,0x01
2816,0x0005dd24,0x67dcdd24,-2,0xfe
2817,0x0005dd25,0x67dcdd25,-3,0xfd
2818,0x0005dd26,0x67dcdd26,-4,0xfc
2819,0x0005dd27,0x67dcdd27,-5,0xfb
2820,0x0005dd28,0x67dcdd28,-1,0xff
2821,0x0005dd29,0x67dcdd29,-3,0xfd
2822,0x0005dd2a,0x67dcdd2a,-3,0xfd
2823,0x0005dd2b,0x67dcdd2b,-4,0xfc
2824,0x0005dd2c,0x67dcdd2c,0,0x00
2825,0x0005dd2d,0x67dcdd2d,-1,0xff
2826,0x0005dd2e,0x67dcdd2e,-2,0xfe
2827,0x0005dd2f,0x67dcdd2f,-3,0xfd
2828,0x0005dd30,0x67dcdd30,1,0x01
2829,0x0005dd31,0x67dcdd31,0,0x00
2830,0x0005dd32,0x67dcdd32,-1,0xff
2831,0x0005dd33,0x67dcdd33,-1,0xff
2832,0x0005dd34,0x67dcdd34,2,0x02
2833,0x0005dd35,0x67dcdd35,2,0x02
2834,0x0005dd36,0x67dcdd36,2,0x02
2835,0x0005dd37,0x67dcdd37,2,0x02
2836,0x0005dd38,0x67dcdd38,2,0x02
2837,0x0005dd39,0x67dcdd39,2,0x02
2838,0x0005dd3a,0x67dcdd3a,2,0x02
2839,0x0005dd3b,0x67dcdd3b,2,0x02
2840,0x0005dd3c,0x67dcdd3c,1,0x01
2841,0x0005dd3d,0x67dcdd3d,1,0x01
2842,0x0005dd3e,0x67dcdd3e,2,0x02
2843,0x0005dd3f,0x67dcdd3f,1,0x01
2844,0x0005dd40,0x67dcdd40,0,0x00
2845,0x0005dd41,0x67dcdd41,0,0x00
2846,0x0005dd42,0x67dcdd42,1,0x01
2847,0x0005dd43,0x67dcdd43,1,0x01
2848,0x0005dd44,0x67dcdd44,1,0x01
2849,0x0005dd45,0x67dcdd45,1,0x01
2850,0x0005dd46,0x67dcdd46,0,0x00
2851,0x0005dd47,0x67dcdd47,-1,0xff
2852,0x0005dd48,0x67dcdd48,2,0x02
2853,0x0005dd49,0x67dcdd49,1,0x01
2854,0x0005dd4a,0x67dcdd4a,0,0x00
2855,0x0005dd4b,0x67dcdd4b,0,0x00
2856,0x0005dd4c,0x67dcdd4c,1,0x01
2857,0x0005dd4d,0x67dcdd4d,1,0x01
2858,0x0005dd4e,0x67dcdd4e,0,0x00
2859,0x0005dd4f,0x67dcdd4f,0,0x00
2860,0x0005dd50,0x67dcdd50,0,0x00
2861,0x0005dd51,0x67dcdd51,0,0x00
2862,0x0005dd52,0x67dcdd52,0,0x00
2863,0x0005dd53,0x67dcdd53,-1,0xff
2864,0x0005dd54,0x67dcdd54,-2,0xfe
2865,0x0005dd55,0x67dcdd55,2,0x02
2866,0x0005dd56,0x67dcdd56,3,0x03
2867,0x0005dd57,0x67dcdd57,1,0x01
2868,0x0005dd58,0x67dcdd58,-3,0xfd
2869,0x0005dd59,0x67dcdd59,2,0x02
2870,0x0005dd5a,0x67dcdd5a,3,0x03
2871,0x0005dd5b,0x67dcdd5b,0,0x00
2872,0x0005dd5c,0x67dcdd5c,-3,0xfd
2873,0x0005dd5d,0x67dcdd5d,2,0x02
2874,0x0005dd5e,0x67dcdd5e,3,0x03
2875,0x0005dd5f,0x67dcdd5f,0,0x00
2876,0x0005dd60,0x67dcdd60,-4,0xfc
2877,0x0005dd61,0x67dcdd61,2,0x02
2878,0x0005dd62,0x67dcdd62,3,0x03
2879,0x0005dd63,0x67dcdd63,0,0x00
2880,0x0005dd64,0x67dcdd64,-1,0xff
2881,0x0005dd65,0x67dcdd65,1,0x01
2882,0x0005dd66,0x67dcdd66,1,0x01
2883,0x0005dd67,0x67dcdd67,-1,0xff
2884,0x0005dd68,0x67dcdd68,-1,0xff
2885,0x0005dd69,0x67dcdd69,1,0x01
2886,0x0005dd6a,0x67dcdd6a,1,0x01
2887,0x0005dd6b,0x67dcdd6b,-1,0xff
2888,0x0005dd6c,0x67dcdd6c,-1,0xff
2889,0x0005dd6d,0x67dcdd6d,1,0x01
2890,0x0005dd6e,0x67dcdd6e,1,0x01
2891,0x0005dd6f,0x67dcdd6f,-1,0xff
2892,0x0005dd70,0x67dcdd70,-1,0xff
2893,0x0005dd71,0x67dcdd71,1,0x01
2894,0x0005dd72,0x67dcdd72,1,0x01
2895,0x0005dd73,0x67dcdd73,-2,0xfe
2896,0x0005dd74,0x67dcdd74,-4,0xfc
2897,0x0005dd75,0x67dcdd75,1,0x01
2898,0x0005dd76,0x67dcdd76,3,0x03
2899,0x0005dd77,0x67dcdd77,0,0x00
2900,0x0005dd78,0x67dcdd78,-4,0xfc
2901,0x0005dd79,0x67dcdd79,1,0x01
2902,0x0005dd7a,0x67dcdd7a,3,0x03
2903,0x0005dd7b,0x67dcdd7b,-1,0xff
2904,0x0005dd7c,0x67dcdd7c,-3,0xfd
2905,0x0005dd7d,0x67dcdd7d,1,0x01
2906,0x0005dd7e,0x67dcdd7e,2,0x02
2907,0x0005dd7f,0x67dcdd7f,0,0x00
2908,0x0005dd80,0x67dcdd80,-3,0xfd
2909,0x0005dd81,0x67dcdd81,1,0x01
2910,0x0005dd82,0x67dcdd82,2,0x02
2911,0x0005dd83,0x67dcdd83,0,0x00
2912,0x0005dd84,0x67dcdd84,-1,0xff
2913,0x0005dd85,0x67dcdd85,1,0x01
2914,0x0005dd86,0x67dcdd86,1,0x01
2915,0x0005dd87,0x67dcdd87,-2,0xfe
2916,0x0005dd88,0x67dcdd88,-2,0xfe
2917,0x0005dd89,0x67dcdd89,1,0x01
2918,0x0005dd8a,0x67dcdd8a,1,0x01
2919,0x0005dd8b,0x67dcdd8b,-2,0xfe
2920,0x0005dd8c,0x67dcdd8c,-1,0xff
2921,0x0005dd8d,0x67dcdd8d,1,0x01
2922,0x0005dd8e,0x67dcdd8e,1,0x01
2923,0x0005dd8f,0x67dcdd8f,-2,0xfe
2924,0x0005dd90,0x67dcdd90,-1,0xff
2925,0x0005dd91,0x67dcdd91,1,0x01
2926,0x0005dd92,0x67dcdd92,1,0x01
2927,0x0005dd93,0x67dcdd93,-1,0xff
2928,0x0005dd94,0x67dcdd94,-1,0xff
2929,0x0005dd95,0x67dcdd95,-1,0xff
2930,0x0005dd96,0x67dcdd96,-1,0xff
2931,0x0005dd97,0x67dcdd97,-2,0xfe
2932,0x0005dd98,0x67dcdd98,1,0x01
2933,0x0005dd99,0x67dcdd99,1,0x01
2934,0x0005dd9a,0x67dcdd9a,1,0x01
2935,0x0005dd9b,0x67dcdd9b,1,0x01
2936,0x0005dd9c,0x67dcdd9c,1,0x01
2937,0x0005dd9d,0x67dcdd9d,2,0x02
2938,0x0005dd9e,0x67dcdd9e,2,0x02
2939,0x0005dd9f,0x67dcdd9f,2,0x02
2940,0x0005dda0,0x67dcdda0,0,0x00
2941,0x0005dda1,0x67dcdda1,0,0x00
2942,0x0005dda2,0x67dcdda2,1,0x01
2943,0x0005dda3,0x67dcdda3,1,0x01
2944,0x0005dda4,0x67dcdda4,-2,0xfe
2945,0x0005dda5,0x67dcdda5,-2,0xfe
2946,0x0005dda6,0x67dcdda6,-2,0xfe
2947,0x0005dda7,0x67dcdda7,-2,0xfe
2948,0x0005dda8,0x67dcdda8,0,0x00
2949,0x0005dda9,0x67dcdda9,0,0x00
2950,0x0005ddaa,0x67dcddaa,0,0x00
2951,0x0005ddab,0x67dcddab,0,0x00
2952,0x0005ddac,0x67dcddac,2,0x02
2953,0x0005ddad,0x67dcddad,2,0x02
2954,0x0005ddae,0x67dcddae,2,0x02
2955,0x0005ddaf,0x67dcddaf,2,0x02
2956,0x0005ddb0,0x67dcddb0,1,0x01
2957,0x0005ddb1,0x67dcddb1,2,0x02
2958,0x0005ddb2,0x67dcddb2,2,0x02
2959,0x0005ddb3,0x67dcddb3,2,0x02
2960,0x0005ddb4,0x67dcddb4,-2,0xfe
2961,0x0005ddb5,0x67dcddb5,-2,0xfe
2962,0x0005ddb6,0x67dcddb6,-1,0xff
2963,0x0005ddb7,0x67dcddb7,-1,0xff
2964,0x0005ddb8,0x67dcddb8,-3,0xfd
2965,0x0005ddb9,0x67dcddb9,-3,0xfd
2966,0x0005ddba,0x67dcddba,-3,0xfd
2967,0x0005ddbb,0x67dcddbb,-3,0xfd
2968,0x0005ddbc,0x67dcddbc,-1,0xff
2969,0x0005ddbd,0x67dcddbd,-1,0xff
2970,0x0005ddbe,0x67dcddbe,-1,0xff
2971,0x0005ddbf,0x67dcddbf,-1,0xff
2972,0x0005ddc0,0x67dcddc0,4,0x04
2973,0x0005ddc1,0x67dcddc1,4,0x04
2974,0x0005ddc2,0x67dcddc2,4,0x04
2975,0x0005ddc3,0x67dcddc3,4,0x04
2976,0x0005ddc4,0x67dcddc4,-1,0xff
2977,0x0005ddc5,0x67dcddc5,0,0x00
2978,0x0005ddc6,0x67dcddc6,0,0x00
2979,0x0005ddc7,0x67dcddc7,0,0x00
2980,0x0005ddc8,0x67dcddc8,-3,0xfd
2981,0x0005ddc9,0x67dcddc9,-3,0xfd
2982,0x0005ddca,0x67dcddca,-3,0xfd
2983,0x0005ddcb,0x67dcddcb,-2,0xfe
2984,0x0005ddcc,0x67dcddcc,-2,0xfe
2985,0x0005ddcd,0x67dcddcd,-2,0xfe
2986,0x0005ddce,0x67dcddce,-2,0xfe
2987,0x0005ddcf,0x67dcddcf,-2,0xfe
2988,0x0005ddd0,0x67dcddd0,4,0x04
2989,0x0005ddd1,0x67dcddd1,3,0x03
2990,0x0005ddd2,0x67dcddd2,3,0x03
2991,0x0005ddd3,0x67dcddd3,2,0x02
2992,0x0005ddd4,0x67dcddd4,-3,0xfd
2993,0x0005ddd5,0x67dcddd5,-3,0xfd
2994,0x0005ddd6,0x67dcddd6,-2,0xfe
2995,0x0005ddd7,0x67dcddd7,-1,0xff
2996,0x0005ddd8,0x67dcddd8,-3,0xfd
2997,0x0005ddd9,0x67dcddd9,-3,0xfd
2998,0x0005ddda,0x67dcddda,-3,0xfd
2999,0x0005dddb,0x67dcdddb,-2,0xfe
3000,0x0005dddc,0x67dcdddc,-3,0xfd
3001,0x0005dddd,0x67dcdddd,-3,0xfd
3002,0x0005ddde,0x67dcddde,-2,0xfe
3003,0x0005dddf,0x67dcdddf,-2,0xfe
3004,0x0005dde0,0x67dcdde0,-3,0xfd
3005,0x0005dde1,0x67dcdde1,-2,0xfe
3006,0x0005dde2,0x67dcdde2,-2,0xfe
3007,0x0005dde3,0x67dcdde3,-2,0xfe
3008,0x0005dde4,0x67dcdde4,0,0x00
3009,0x0005dde5,0x67dcdde5,1,0x01
3010,0x0005dde6,0x67dcdde6,2,0x02
3011,0x0005dde7,0x67dcdde7,5,0x05
3012,0x0005dde8,0x67dcdde8,-1,0xff
3013,0x0005dde9,0x67dcdde9,1,0x01
3014,0x0005ddea,0x67dcddea,3,0x03
3015,0x0005ddeb,0x67dcddeb,6,0x06
3016,0x0005ddec,0x67dcddec,0,0x00
3017,0x0005dded,0x67dcdded,2,0x02
3018,0x0005ddee,0x67dcddee,3,0x03
3019,0x0005ddef,0x67dcddef,5,0x05
3020,0x0005ddf0,0x67dcddf0,0,0x00
3021,0x0005ddf1,0x67dcddf1,1,0x01
3022,0x0005ddf2,0x67dcddf2,3,0x03
3023,0x0005ddf3,0x67dcddf3,5,0x05
3024,0x0005ddf4,0x67dcddf4,-2,0xfe
3025,0x0005ddf5,0x67dcddf5,-2,0xfe
3026,0x0005ddf6,0x67dcddf6,-2,0xfe
3027,0x0005ddf7,0x67dcddf7,-1,0xff
3028,0x0005ddf8,0x67dcddf8,-2,0xfe
3029,0x0005ddf9,0x67dcddf9,-2,0xfe
3030,0x0005ddfa,0x67dcddfa,-1,0xff
3031,0x0005ddfb,0x67dcddfb,-1,0xff
3032,0x0005ddfc,0x67dcddfc,-1,0xff
3033,0x0005ddfd,0x67dcddfd,-1,0xff
3034,0x0005ddfe,0x67dcddfe,-1,0xff
3035,0x0005ddff,0x67dcddff,-1,0xff
3036,0x0005de00,0x67dcde00,-1,0xff
3037,0x0005de01,0x67dcde01,-1,0xff
3038,0x0005de02,0x67dcde02,-1,0xff
3039,0x0005de03,0x67dcde03,-1,0xff
3040,0x0005de04,0x67dcde04,-1,0xff
3041,0x0005de05,0x67dcde05,1,0x01
3042,0x0005de06,0x67dcde06,3,0x03
3043,0x0005de07,0x67dcde07,5,0x05
3044,0x0005de08,0x67dcde08,0,0x00
3045,0x0005de09,0x67dcde09,1,0x01
3046,0x0005de0a,0x67dcde0a,2,0x02
3047,0x0005de0b,0x67dcde0b,4,0x04
3048,0x0005de0c,0x67dcde0c,0,0x00
3049,0x0005de0d,0x67dcde0d,1,0x01
3050,0x0005de0e,0x67dcde0e,1,0x01
3051,0x0005de0f,0x67dcde0f,4,0x04
3052,0x0005de10,0x67dcde10,0,0x00
3053,0x0005de11,0x67dcde11,1,0x01
3054,0x0005de12,0x67dcde12,2,0x02
3055,0x0005de13,0x67dcde13,3,0x03
3056,0x0005de14,0x67dcde14,0,0x00
3057,0x0005de15,0x67dcde15,-1,0xff
3058,0x0005de16,0x67dcde16,0,0x00
3059,0x0005de17,0x67dcde17,1,0x01
3060,0x0005de18,0x67dcde18,0,0x00
3061,0x0005de19,0x67dcde19,0,0x00
3062,0x0005de1a,0x67dcde1a,0,0x00
3063,0x0005de1b,0x67dcde1b,1,0x01
3064,0x0005de1c,0x67dcde1c,1,0x01
3065,0x0005de1d,0x67dcde1d,0,0x00
3066,0x0005de1e,0x67dcde1e,-1,0xff
3067,0x0005de1f,0x67dcde1f,0,0x00
3068,0x0005de20,0x67dcde20,1,0x01
3069,0x0005de21,0x67dcde21,-1,0xff
3070,0x0005de22,0x67dcde22,-2,0xfe
3071,0x0005de23,0x67dcde23,-1,0xff
3072,0x0005de24,0x67dcde24,1,0x01
3073,0x0005de25,0x67dcde25,0,0x00
3074,0x0005de26,0x67dcde26,-1,0xff
3075,0x0005de27,0x67dcde27,-1,0xff
3076,0x0005de28,0x67dcde28,2,0x02
3077,0x0005de29,0x67dcde29,0,0x00
3078,0x0005de2a,0x67dcde2a,-1,0xff
3079,0x0005de2b,0x67dcde2b,-1,0xff
3080,0x0005de2c,0x67dcde2c,1,0x01
3081,0x0005de2d,0x67dcde2d,0,0x00
3082,0x0005de2e,0x67dcde2e,0,0x00
3083,0x0005de2f,0x67dcde2f,0,0x00
3084,0x0005de30,0x67dcde30,0,0x00
3085,0x0005de31,0x67dcde31,0,0x00
3086,0x0005de32,0x67dcde32,0,0x00
3087,0x0005de33,0x67dcde33,0,0x00
3088,0x0005de34,0x67dcde34,1,0x01
3089,0x0005de35,0x67dcde35,-2,0xfe
3090,0x0005de36,0x67dcde36,-3,0xfd
3091,0x0005de37,0x67dcde37,-1,0xff
3092,0x0005de38,0x67dcde38,1,0x01
3093,0x0005de39,0x67dcde39,-1,0xff
3094,0x0005de3a,0x67dcde3a,-3,0xfd
3095,0x0005de3b,0x67dcde3b,-2,0xfe
3096,0x0005de3c,0x67dcde3c,1,0x01
3097,0x0005de3d,0x67dcde3d,-1,0xff
3098,0x0005de3e,0x67dcde3e,-2,0xfe
3099,0x0005de3f,0x67dcde3f,-1,0xff
3100,0x0005de40,0x67dcde40,2,0x02
3101,0x0005de41,0x67dcde41,0,0x00
3102,0x0005de42,0x67dcde42,-1,0xff
3103,0x0005de43,0x67dcde43,0,0x00
3104,0x0005de44,0x67dcde44,0,0x00
3105,0x0005de45,0x67dcde45,0,0x00
3106,0x0005de46,0x67dcde46,0,0x00
3107,0x0005de47,0x67dcde47,1,0x01
3108,0x0005de48,0x67dcde48,0,0x00
3109,0x0005de49,0x67dcde49,1,0x01
3110,0x0005de4a,0x67dcde4a,1,0x01
3111,0x0005de4b,0x67dcde4b,2,0x02
3112,0x0005de4c,0x67dcde4c,0,0x00
3113,0x0005de4d,0x67dcde4d,1,0x01
3114,0x0005de4e,0x67dcde4e,1,0x01
3115,0x0005de4f,0x67dcde4f,2,0x02
3116,0x0005de50,0x67dcde50,1,0x01
3117,0x0005de51,0x67dcde51,1,0x01
3118,0x0005de52,0x67dcde52,2,0x02
3119,0x0005de53,0x67dcde53,2,0x02
3120,0x0005de54,0x67dcde54,1,0x01
3121,0x0005de55,0x67dcde55,1,0x01
3122,0x0005de56,0x67dcde56,1,0x01
3123,0x0005de57,0x67dcde57,1,0x01
3124,0x0005de58,0x67dcde58,-1,0xff
3125,0x0005de59,0x67dcde59,0,0x00
3126,0x0005de5a,0x67dcde5a,0,0x00
3127,0x0005de5b,0x67dcde5b,-1,0xff
3128,0x0005de5c,0x67dcde5c,-3,0xfd
3129,0x0005de5d,0x67dcde5d,-2,0xfe
3130,0x0005de5e,0x67dcde5e,-1,0xff
3131,0x0005de5f,0x67dcde5f,-1,0xff
3132,0x0005de60,0x67dcde60,-4,0xfc
3133,0x0005de61,0x67dcde61,-2,0xfe
3134,0x0005de62,0x67dcde62,-1,0xff
3135,0x0005de63,0x67dcde63,0,0x00
3136,0x0005de64,0x67dcde64,0,0x00
3137,0x0005de65,0x67dcde65,0,0x00
3138,0x0005de66,0x67dcde66,1,0x01
3139,0x0005de67,0x67dcde67,2,0x02
3140,0x0005de68,0x67dcde68,0,0x00
3141,0x0005de69,0x67dcde69,0,0x00
3142,0x0005de6a,0x67dcde6a,0,0x00
3143,0x0005de6b,0x67dcde6b,1,0x01
3144,0x0005de6c,0x67dcde6c,-1,0xff
3145,0x0005de6d,0x67dcde6d,0,0x00
3146,0x0005de6e,0x67dcde6e,1,0x01
3147,0x0005de6f,0x67dcde6f,1,0x01
3148,0x0005de70,0x67dcde70,0,0x00
3149,0x0005de71,0x67dcde71,1,0x01
3150,0x0005de72,0x67dcde72,1,0x01
3151,0x0005de73,0x67dcde73,1,0x01
3152,0x0005de74,0x67dcde74,-3,0xfd
3153,0x0005de75,0x67dcde75,-2,0xfe
3154,0x0005de76,0x67dcde76,0,0x00
3155,0x0005de77,0x67dcde77,0,0x00
3156,0x0005de78,0x67dcde78,-3,0xfd
3157,0x0005de79,0x67dcde79,-1,0xff
3158,0x0005de7a,0x67dcde7a,0,0x00
3159,0x0005de7b,0x67dcde7b,1,0x01
3160,0x0005de7c,0x67dcde7c,-1,0xff
3161,0x0005de7d,0x67dcde7d,0,0x00
3162,0x0005de7e,0x67dcde7e,1,0x01
3163,0x0005de7f,0x67dcde7f,1,0x01
3164,0x0005de80,0x67dcde80,0,0x00
3165,0x0005de81,0x67dcde81,1,0x01
3166,0x0005de82,0x67dcde82,2,0x02
3167,0x0005de83,0x67dcde83,2,0x02
3168,0x0005de84,0x67dcde84,1,0x01
3169,0x0005de85,0x67dcde85,1,0x01
3170,0x0005de86,0x67dcde86,1,0x01
3171,0x0005de87,0x67dcde87,1,0x01
3172,0x0005de88,0x67dcde88,1,0x01
3173,0x0005de89,0x67dcde89,1,0x01
3174,0x0005de8a,0x67dcde8a,0,0x00
3175,0x0005de8b,0x67dcde8b,0,0x00
3176,0x0005de8c,0x67dcde8c,1,0x01
3177,0x0005de8d,0x67dcde8d,0,0x00
3178,0x0005de8e,0x67dcde8e,0,0x00
3179,0x0005de8f,0x67dcde8f,-1,0xff
3180,0x0005de90,0x67dcde90,1,0x01
3181,0x0005de91,0x67dcde91,0,0x00
3182,0x0005de92,0x67dcde92,0,0x00
3183,0x0005de93,0x67dcde93,-1,0xff
3184,0x0005de94,0x67dcde94,-4,0xfc
3185,0x0005de95,0x67dcde95,-4,0xfc
3186,0x0005de96,0x67dcde96,-4,0xfc
3187,0x0005de97,0x67dcde97,-3,0xfd
3188,0x0005de98,0x67dcde98,-2,0xfe
3189,0x0005de99,0x67dcde99,-2,0xfe
3190,0x0005de9a,0x67dcde9a,-2,0xfe
3191,0x0005de9b,0x67dcde9b,-1,0xff
3192,0x0005de9c,0x67dcde9c,-1,0xff
3193,0x0005de9d,0x67dcde9d,0,0x00
3194,0x0005de9e,0x67dcde9e,0,0x00
3195,0x0005de9f,0x67dcde9f,0,0x00
3196,0x0005dea0,0x67dcdea0,0,0x00
3197,0x0005dea1,0x67dcdea1,0,0x00
3198,0x0005dea2,0x67dcdea2,1,0x01
3199,0x0005dea3,0x67dcdea3,1,0x01
3200,0x0005dea4,0x67dcdea4,-2,0xfe
3201,0x0005dea5,0x67dcdea5,-1,0xff
3202,0x0005dea6,0x67dcdea6,-1,0xff
3203,0x0005dea7,0x67dcdea7,-1,0xff
3204,0x0005dea8,0x67dcdea8,0,0x00
3205,0x0005dea9,0x67dcdea9,0,0x00
3206,0x0005deaa,0x67dcdeaa,0,0x00
3207,0x0005deab,0x67dcdeab,0,0x00
3208,0x0005deac,0x67dcdeac,1,0x01
3209,0x0005dead,0x67dcdead,1,0x01
3210,0x0005deae,0x67dcdeae,1,0x01
3211,0x0005deaf,0x67dcdeaf,1,0x01
3212,0x0005deb0,0x67dcdeb0,1,0x01
3213,0x0005deb1,0x67dcdeb1,1,0x01
3214,0x0005deb2,0x67dcdeb2,1,0x01
3215,0x0005deb3,0x67dcdeb3,1,0x01
3216,0x0005deb4,0x67dcdeb4,0,0x00
3217,0x0005deb5,0x67dcdeb5,0,0x00
3218,0x0005deb6,0x67dcdeb6,1,0x01
3219,0x0005deb7,0x67dcdeb7,1,0x01
3220,0x0005deb8,0x67dcdeb8,0,0x00
3221,0x0005deb9,0x67dcdeb9,0,0x00
3222,0x0005deba,0x67dcdeba,1,0x01
3223,0x0005debb,0x67dcdebb,1,0x01
3224,0x0005debc,0x67dcdebc,0,0x00
3225,0x0005debd,0x67dcdebd,0,0x00
3226,0x0005debe,0x67dcdebe,0,0x00
3227,0x0005debf,0x67dcdebf,1,0x01
3228,0x0005dec0,0x67dcdec0,-1,0xff
3229,0x0005dec1,0x67dcdec1,0,0x00
3230,0x0005dec2,0x67dcdec2,0,0x00
3231,0x0005dec3,0x67dcdec3,1,0x01
3232,0x0005dec4,0x67dcdec4,2,0x02
3233,0x0005dec5,0x67dcdec5,2,0x02
3234,0x0005dec6,0x67dcdec6,1,0x01
3235,0x0005dec7,0x67dcdec7,0,0x00
3236,0x0005dec8,0x67dcdec8,1,0x01
3237,0x0005dec9,0x67dcdec9,1,0x01
3238,0x0005deca,0x67dcdeca,1,0x01
3239,0x0005decb,0x67dcdecb,0,0x00
3240,0x0005decc,0x67dcdecc,1,0x01
3241,0x0005decd,0x67dcdecd,1,0x01
3242,0x0005dece,0x67dcdece,1,0x01
3243,0x0005decf,0x67dcdecf,0,0x00
3244,0x0005ded0,0x67dcded0,1,0x01
3245,0x0005ded1,0x67dcded1,1,0x01
3246,0x0005ded2,0x67dcded2,0,0x00
3247,0x0005ded3,0x67dcded3,0,0x00
3248,0x0005ded4,0x67dcded4,1,0x01
3249,0x0005ded5,0x67dcded5,2,0x02
3250,0x0005ded6,0x67dcded6,2,0x02
3251,0x0005ded7,0x67dcded7,2,0x02
3252,0x0005ded8,0x67dcded8,1,0x01
3253,0x0005ded9,0x67dcded9,1,0x01
3254,0x0005deda,0x67dcdeda,2,0x02
3255,0x0005dedb,0x67dcdedb,2,0x02
3256,0x0005dedc,0x67dcdedc,0,0x00
3257,0x0005dedd,0x67dcdedd,1,0x01
3258,0x0005dede,0x67dcdede,1,0x01
3259,0x0005dedf,0x67dcdedf,1,0x01
3260,0x0005dee0,0x67dcdee0,-1,0xff
3261,0x0005dee1,0x67dcdee1,0,0x00
3262,0x0005dee2,0x67dcdee2,1,0x01
3263,0x0005dee3,0x67dcdee3,1,0x01
3264,0x0005dee4,0x67dcdee4,1,0x01
3265,0x0005dee5,0x67dcdee5,-1,0xff
3266,0x0005dee6,0x67dcdee6,-2,0xfe
3267,0x0005dee7,0x67dcdee7,-4,0xfc
3268,0x0005dee8,0x67dcdee8,1,0x01
3269,0x0005dee9,0x67dcdee9,0,0x00
3270,0x0005deea,0x67dcdeea,-2,0xfe
3271,0x0005deeb,0x67dcdeeb,-4,0xfc
3272,0x0005deec,0x67dcdeec,1,0x01
3273,0x0005deed,0x67dcdeed,0,0x00
3274,0x0005deee,0x67dcdeee,-1,0xff
3275,0x0005deef,0x67dcdeef,-3,0xfd
3276,0x0005def0,0x67dcdef0,0,0x00
3277,0x0005def1,0x67dcdef1,0,0x00
3278,0x0005def2,0x67dcdef2,-1,0xff
3279,0x0005def3,0x67dcdef3,-2,0xfe
3280,0x0005def4,0x67dcdef4,-1,0xff
3281,0x0005def5,0x67dcdef5,0,0x00
3282,0x0005def6,0x67dcdef6,1,0x01
3283,0x0005def7,0x67dcdef7,1,0x01
3284,0x0005def8,0x67dcdef8,-2,0xfe
3285,0x0005def9,0x67dcdef9,-1,0xff
3286,0x0005defa,0x67dcdefa,0,0x00
3287,0x0005defb,0x67dcdefb,0,0x00
3288,0x0005defc,0x67dcdefc,-1,0xff
3289,0x0005defd,0x67dcdefd,-1,0xff
3290,0x0005defe,0x67dcdefe,0,0x00
3291,0x0005deff,0x67dcdeff,1,0x01
3292,0x0005df00,0x67dcdf00,-1,0xff
3293,0x0005df01,0x67dcdf01,0,0x00
3294,0x0005df02,0x67dcdf02,1,0x01
3295,0x0005df03,0x67dcdf03,1,0x01
3296,0x0005df04,0x67dcdf04,1,0x01
3297,0x0005df05,0x67dcdf05,0,0x00
3298,0x0005df06,0x67dcdf06,0,0x00
3299,0x0005df07,0x67dcdf07,-1,0xff
3300,0x0005df08,0x67dcdf08,0,0x00
3301,0x0005df09,0x67dcdf09,0,0x00
3302,0x0005df0a,0x67dcdf0a,0,0x00
3303,0x0005df0b,0x67dcdf0b,-1,0xff
3304,0x0005df0c,0x67dcdf0c,1,0x01
3305,0x0005df0d,0x67dcdf0d,0,0x00
3306,0x0005df0e,0x67dcdf0e,0,0x00
3307,0x0005df0f,0x67dcdf0f,0,0x00
3308,0x0005df10,0x67dcdf10,1,0x01
3309,0x0005df11,0x67dcdf11,1,0x01
3310,0x0005df12,0x67dcdf12,1,0x01
3311,0x0005df13,0x67dcdf13,0,0x00
3312,0x0005df14,0x67dcdf14,2,0x02
3313,0x0005df15,0x67dcdf15,2,0x02
3314,0x0005df16,0x67dcdf16,0,0x00
3315,0x0005df17,0x67dcdf17,-1,0xff
3316,0x0005df18,0x67dcdf18,1,0x01
3317,0x0005df19,0x67dcdf19,1,0x01
3318,0x0005df1a,0x67dcdf1a,-1,0xff
3319,0x0005df1b,0x67dcdf1b,-2,0xfe
3320,0x0005df1c,0x67dcdf1c,1,0x01
3321,0x0005df1d,0x67dcdf1d,1,0x01
3322,0x0005df1e,0x67dcdf1e,-1,0xff
3323,0x0005df1f,0x67dcdf1f,-2,0xfe
3324,0x0005df20,0x67dcdf20,1,0x01
3325,0x0005df21,0x67dcdf21,1,0x01
3326,0x0005df22,0x67dcdf22,0,0x00
3327,0x0005df23,0x67dcdf23,-2,0xfe
3328,0x0005df24,0x67dcdf24,-2,0xfe
3329,0x0005df25,0x67dcdf25,-1,0xff
3330,0x0005df26,0x67dcdf26,-1,0xff
3331,0x0005df27,0x67dcdf27,-2,0xfe
3332,0x0005df28,0x67dcdf28,-2,0xfe
3333,0x0005df29,0x67dcdf29,-1,0xff
3334,0x0005df2a,0x67dcdf2a,-1,0xff
3335,0x0005df2b,0x67dcdf2b,-2,0xfe
3336,0x0005df2c,0x67dcdf2c,-2,0xfe
3337,0x0005df2d,0x67dcdf2d,0,0x00
3338,0x0005df2e,0x67dcdf2e,0,0x00
3339,0x0005df2f,0x67dcdf2f,-1,0xff
3340,0x0005df30,0x67dcdf30,-1,0xff
3341,0x0005df31,0x67dcdf31,1,0x01
3342,0x0005df32,0x67dcdf32,1,0x01
3343,0x0005df33,0x67dcdf33,0,0x00
3344,0x0005df34,0x67dcdf34,1,0x01
3345,0x0005df35,0x67dcdf35,1,0x01
3346,0x0005df36,0x67dcdf36,0,0x00
3347,0x0005df37,0x67dcdf37,-1,0xff
3348,0x0005df38,0x67dcdf38,1,0x01
3349,0x0005df39,0x67dcdf39,1,0x01
3350,0x0005df3a,0x67dcdf3a,0,0x00
3351,0x0005df3b,0x67dcdf3b,-1,0xff
3352,0x0005df3c,0x67dcdf3c,1,0x01
3353,0x0005df3d,0x67dcdf3d,1,0x01
3354,0x0005df3e,0x67dcdf3e,0,0x00
3355,0x0005df3f,0x67dcdf3f,-1,0xff
3356,0x0005df40,0x67dcdf40,1,0x01
3357,0x0005df41,0x67dcdf41,1,0x01
3358,0x0005df42,0x67dcdf42,0,0x00
3359,0x0005df43,0x67dcdf43,-1,0xff
3360,0x0005df44,0x67dcdf44,-1,0xff
3361,0x0005df45,0x67dcdf45,1,0x01
3362,0x0005df46,0x67dcdf46,2,0x02
3363,0x0005df47,0x67dcdf47,1,0x01
3364,0x0005df48,0x67dcdf48,-1,0xff
3365,0x0005df49,0x67dcdf49,1,0x01
3366,0x0005df4a,0x67dcdf4a,2,0x02
3367,0x0005df4b,0x67dcdf4b,1,0x01
3368,0x0005df4c,0x67dcdf4c,-1,0xff
3369,0x0005df4d,0x67dcdf4d,1,0x01
3370,0x0005df4e,0x67dcdf4e,1,0x01
3371,0x0005df4f,0x67dcdf4f,1,0x01
3372,0x0005df50,0x67dcdf50,0,0x00
3373,0x0005df51,0x67dcdf51,1,0x01
3374,0x0005df52,0x67dcdf52,1,0x01
3375,0x0005df53,0x67dcdf53,1,0x01
3376,0x0005df54,0x67dcdf54,0,0x00
3377,0x0005df55,0x67dcdf55,0,0x00
3378,0x0005df56,0x67dcdf56,-1,0xff
3379,0x0005df57,0x67dcdf57,-2,0xfe
3380,0x0005df58,0x67dcdf58,3,0x03
3381,0x0005df59,0x67dcdf59,3,0x03
3382,0x0005df5a,0x67dcdf5a,3,0x03
3383,0x0005df5b,0x67dcdf5b,2,0x02
3384,0x0005df5c,0x67dcdf5c,3,0x03
3385,0x0005df5d,0x67dcdf5d,3,0x03
3386,0x0005df5e,0x67dcdf5e,3,0x03
3387,0x0005df5f,0x67dcdf5f,3,0x03
3388,0x0005df60,0x67dcdf60,0,0x00
3389,0x0005df61,0x67dcdf61,0,0x00
3390,0x0005df62,0x67dcdf62,0,0x00
3391,0x0005df63,0x67dcdf63,0,0x00
3392,0x0005df64,0x67dcdf64,-4,0xfc
3393,0x0005df65,0x67dcdf65,-4,0xfc
3394,0x0005df66,0x67dcdf66,-4,0xfc
3395,0x0005df67,0x67dcdf67,-4,0xfc
3396,0x0005df68,0x67dcdf68,1,0x01
3397,0x0005df69,0x67dcdf69,0,0x00
3398,0x0005df6a,0x67dcdf6a,0,0x00
3399,0x0005df6b,0x67dcdf6b,0,0x00
3400,0x0005df6c,0x67dcdf6c,2,0x02
3401,0x0005df6d,0x67dcdf6d,2,0x02
3402,0x0005df6e,0x67dcdf6e,2,0x02
3403,0x0005df6f,0x67dcdf6f,2,0x02
3404,0x0005df70,0x67dcdf70,0,0x00
3405,0x0005df71,0x67dcdf71,0,0x00
3406,0x0005df72,0x67dcdf72,0,0x00
3407,0x0005df73,0x67dcdf73,1,0x01
3408,0x0005df74,0x67dcdf74,-1,0xff
3409,0x0005df75,0x67dcdf75,-1,0xff
3410,0x0005df76,0x67dcdf76,-1,0xff
3411,0x0005df77,0x67dcdf77,-1,0xff
3412,0x0005df78,0x67dcdf78,0,0x00
3413,0x0005df79,0x67dcdf79,-1,0xff
3414,0x0005df7a,0x67dcdf7a,0,0x00
3415,0x0005df7b,0x67dcdf7b,0,0x00
3416,0x0005df7c,0x67dcdf7c,0,0x00
3417,0x0005df7d,0x67dcdf7d,0,0x00
3418,0x0005df7e,0x67dcdf7e,0,0x00
3419,0x0005df7f,0x67dcdf7f,0,0x00
3420,0x0005df80,0x67dcdf80,0,0x00
3421,0x0005df81,0x67dcdf81,0,0x00
3422,0x0005df82,0x67dcdf82,0,0x00
3423,0x0005df83,0x67dcdf83,0,0x00
3424,0x0005df84,0x67dcdf84,-1,0xff
3425,0x0005df85,0x67dcdf85,-1,0xff
3426,0x0005df86,0x67dcdf86,-1,0xff
3427,0x0005df87,0x67dcdf87,0,0x00
3428,0x0005df88,0x67dcdf88,-1,0xff
3429,0x0005df89,0x67dcdf89,0,0x00
3430,0x0005df8a,0x67dcdf8a,0,0x00
3431,0x0005df8b,0x67dcdf8b,0,0x00
3432,0x0005df8c,0x67dcdf8c,0,0x00
3433,0x0005df8d,0x67dcdf8d,0,0x00
3434,0x0005df8e,0x67dcdf8e,0,0x00
3435,0x0005df8f,0x67dcdf8f,0,0x00
3436,0x0005df90,0x67dcdf90,0,0x00
3437,0x0005df91,0x67dcdf91,-1,0xff
3438,0x0005df92,0x67dcdf92,-1,0xff
3439,0x0005df93,0x67dcdf93,0,0x00
3440,0x0005df94,0x67dcdf94,-1,0xff
3441,0x0005df95,0x67dcdf95,-1,0xff
3442,0x0005df96,0x67dcdf96,0,0x00
3443,0x0005df97,0x67dcdf97,-1,0xff
3444,0x0005df98,0x67dcdf98,1,0x01
3445,0x0005df99,0x67dcdf99,1,0x01
3446,0x0005df9a,0x67dcdf9a,0,0x00
3447,0x0005df9b,0x67dcdf9b,0,0x00
3448,0x0005df9c,0x67dcdf9c,1,0x01
3449,0x0005df9d,0x67dcdf9d,1,0x01
3450,0x0005df9e,0x67dcdf9e,0,0x00
3451,0x0005df9f,0x67dcdf9f,-1,0xff
3452,0x0005dfa0,0x67dcdfa0,1,0x01
3453,0x0005dfa1,0x67dcdfa1,1,0x01
3454,0x0005dfa2,0x67dcdfa2,0,0x00
3455,0x0005dfa3,0x67dcdfa3,-2,0xfe
3456,0x0005dfa4,0x67dcdfa4,-1,0xff
3457,0x0005dfa5,0x67dcdfa5,1,0x01
3458,0x0005dfa6,0x67dcdfa6,2,0x02
3459,0x0005dfa7,0x67dcdfa7,-1,0xff
3460,0x0005dfa8,0x67dcdfa8,0,0x00
3461,0x0005dfa9,0x67dcdfa9,2,0x02
3462,0x0005dfaa,0x67dcdfaa,3,0x03
3463,0x0005dfab,0x67dcdfab,-1,0xff
3464,0x0005dfac,0x67dcdfac,-1,0xff
3465,0x0005dfad,0x67dcdfad,1,0x01
3466,0x0005dfae,0x67dcdfae,3,0x03
3467,0x0005dfaf,0x67dcdfaf,-1,0xff
3468,0x0005dfb0,0x67dcdfb0,-2,0xfe
3469,0x0005dfb1,0x67dcdfb1,0,0x00
3470,0x0005dfb2,0x67dcdfb2,1,0x01
3471,0x0005dfb3,0x67dcdfb3,-2,0xfe
3472,0x0005dfb4,0x67dcdfb4,1,0x01
3473,0x0005dfb5,0x67dcdfb5,0,0x00
3474,0x0005dfb6,0x67dcdfb6,0,0x00
3475,0x0005dfb7,0x67dcdfb7,-2,0xfe
3476,0x0005dfb8,0x67dcdfb8,0,0x00
3477,0x0005dfb9,0x67dcdfb9,0,0x00
3478,0x0005dfba,0x67dcdfba,0,0x00
3479,0x0005dfbb,0x67dcdfbb,0,0x00
3480,0x0005dfbc,0x67dcdfbc,0,0x00
3481,0x0005dfbd,0x67dcdfbd,1,0x01
3482,0x0005dfbe,0x67dcdfbe,1,0x01
3483,0x0005dfbf,0x67dcdfbf,0,0x00
3484,0x0005dfc0,0x67dcdfc0,-1,0xff
3485,0x0005dfc1,0x67dcdfc1,0,0x00
3486,0x0005dfc2,0x67dcdfc2,1,0x01
3487,0x0005dfc3,0x67dcdfc3,1,0x01
3488,0x0005dfc4,0x67dcdfc4,-2,0xfe
3489,0x0005dfc5,0x67dcdfc5,0,0x00
3490,0x0005dfc6,0x67dcdfc6,1,0x01
3491,0x0005dfc7,0x67dcdfc7,-3,0xfd
3492,0x0005dfc8,0x67dcdfc8,-1,0xff
3493,0x0005dfc9,0x67dcdfc9,1,0x01
3494,0x0005dfca,0x67dcdfca,1,0x01
3495,0x0005dfcb,0x67dcdfcb,-3,0xfd
3496,0x0005dfcc,0x67dcdfcc,1,0x01
3497,0x0005dfcd,0x67dcdfcd,2,0x02
3498,0x0005dfce,0x67dcdfce,1,0x01
3499,0x0005dfcf,0x67dcdfcf,-3,0xfd
3500,0x0005dfd0,0x67dcdfd0,1,0x01
3501,0x0005dfd1,0x67dcdfd1,2,0x02
3502,0x0005dfd2,0x67dcdfd2,1,0x01
3503,0x0005dfd3,0x67dcdfd3,-4,0xfc
3504,0x0005dfd4,0x67dcdfd4,-4,0xfc
3505,0x0005dfd5,0x67dcdfd5,-3,0xfd
3506,0x0005dfd6,0x67dcdfd6,0,0x00
3507,0x0005dfd7,0x67dcdfd7,1,0x01
3508,0x0005dfd8,0x67dcdfd8,-4,0xfc
3509,0x0005dfd9,0x67dcdfd9,-2,0xfe
3510,0x0005dfda,0x67dcdfda,0,0x00
3511,0x0005dfdb,0x67dcdfdb,1,0x01
3512,0x0005dfdc,0x67dcdfdc,-3,0xfd
3513,0x0005dfdd,0x67dcdfdd,-1,0xff
3514,0x0005dfde,0x67dcdfde,1,0x01
3515,0x0005dfdf,0x67dcdfdf,1,0x01
3516,0x0005dfe0,0x67dcdfe0,-1,0xff
3517,0x0005dfe1,0x67dcdfe1,1,0x01
3518,0x0005dfe2,0x67dcdfe2,1,0x01
3519,0x0005dfe3,0x67dcdfe3,1,0x01
3520,0x0005dfe4,0x67dcdfe4,1,0x01
3521,0x0005dfe5,0x67dcdfe5,1,0x01
3522,0x0005dfe6,0x67dcdfe6,0,0x00
3523,0x0005dfe7,0x67dcdfe7,0,0x00
3524,0x0005dfe8,0x67dcdfe8,1,0x01
3525,0x0005dfe9,0x67dcdfe9,1,0x01
3526,0x0005dfea,0x67dcdfea,0,0x00
3527,0x0005dfeb,0x67dcdfeb,-1,0xff
3528,0x0005dfec,0x67dcdfec,1,0x01
3529,0x0005dfed,0x67dcdfed,0,0x00
3530,0x0005dfee,0x67dcdfee,-1,0xff
3531,0x0005dfef,0x67dcdfef,-1,0xff
3532,0x0005dff0,0x67dcdff0,1,0x01
3533,0x0005dff1,0x67dcdff1,0,0x00
3534,0x0005dff2,0x67dcdff2,-1,0xff
3535,0x0005dff3,0x67dcdff3,0,0x00
3536,0x0005dff4,0x67dcdff4,1,0x01
3537,0x0005dff5,0x67dcdff5,2,0x02
3538,0x0005dff6,0x67dcdff6,2,0x02
3539,0x0005dff7,0x67dcdff7,1,0x01
3540,0x0005dff8,0x67dcdff8,2,0x02
3541,0x0005dff9,0x67dcdff9,2,0x02
3542,0x0005dffa,0x67dcdffa,1,0x01
3543,0x0005dffb,0x67dcdffb,0,0x00
3544,0x0005dffc,0x67dcdffc,2,0x02
3545,0x0005dffd,0x67dcdffd,1,0x01
3546,0x0005dffe,0x67dcdffe,0,0x00
3547,0x0005dfff,0x67dcdfff,-1,0xff
3548,0x0005e000,0x67dce000,2,0x02
3549,0x0005e001,0x67dce001,2,0x02
3550,0x0005e002,0x67dce002,0,0x00
3551,0x0005e003,0x67dce003,-1,0xff
3552,0x0005e004,0x67dce004,0,0x00
3553,0x0005e005,0x67dce005,-1,0xff
3554,0x0005e006,0x67dce006,0,0x00
3555,0x0005e007,0x67dce007,0,0x00
3556,0x0005e008,0x67dce008,-1,0xff
3557,0x0005e009,0x67dce009,-1,0xff
3558,0x0005e00a,0x67dce00a,0,0x00
3559,0x0005e00b,0x67dce00b,1,0x01
3560,0x0005e00c,0x67dce00c,-2,0xfe
3561,0x0005e00d,0x67dce00d,-1,0xff
3562,0x0005e00e,0x67dce00e,0,0x00
3563,0x0005e00f,0x67dce00f,1,0x01
3564,0x0005e010,0x67dce010,-2,0xfe
3565,0x0005e011,0x67dce011,-1,0xff
3566,0x0005e012,0x67dce012,1,0x01
3567,0x0005e013,0x67dce013,1,0x01
3568,0x0005e014,0x67dce014,1,0x01
3569,0x0005e015,0x67dce015,1,0x01
3570,0x0005e016,0x67dce016,0,0x00
3571,0x0005e017,0x67dce017,0,0x00
3572,0x0005e018,0x67dce018,0,0x00
3573,0x0005e019,0x67dce019,-1,0xff
3574,0x0005e01a,0x67dce01a,-1,0xff
3575,0x0005e01b,0x67dce01b,-1,0xff
3576,0x0005e01c,0x67dce01c,-1,0xff
3577,0x0005e01d,0x67dce01d,-1,0xff
3578,0x0005e01e,0x67dce01e,-1,0xff
3579,0x0005e01f,0x67dce01f,-1,0xff
3580,0x0005e020,0x67dce020,0,0x00
3581,0x0005e021,0x67dce021,0,0x00
3582,0x0005e022,0x67dce022,-1,0xff
3583,0x0005e023,0x67dce023,-1,0xff
3584,0x0005e024,0x67dce024,-1,0xff
3585,0x0005e025,0x67dce025,-1,0xff
3586,0x0005e026,0x67dce026,-1,0xff
3587,0x0005e027,0x67dce027,-1,0xff
3588,0x0005e028,0x67dce028,-1,0xff
3589,0x0005e029,0x67dce029,-1,0xff
3590,0x0005e02a,0x67dce02a,-1,0xff
3591,0x0005e02b,0x67dce02b,-1,0xff
3592,0x0005e02c,0x67dce02c,-1,0xff
3593,0x0005e02d,0x67dce02d,-1,0xff
3594,0x0005e02e,0x67dce02e,-1,0xff
3595,0x0005e02f,0x67dce02f,-1,0xff
3596,0x0005e030,0x67dce030,-1,0xff
3597,0x0005e031,0x67dce031,-1,0xff
3598,0x0005e032,0x67dce032,-1,0xff
3599,0x0005e033,0x67dce033,-1,0xff
3600,0x0005e034,0x67dce034,1,0x01
3601,0x0005e035,0x67dce035,0,0x00
3602,0x0005e036,0x67dce036,0,0x00
3603,0x0005e037,0x67dce037,-1,0xff
3604,0x0005e038,0x67dce038,2,0x02
3605,0x0005e039,0x67dce039,1,0x01
3606,0x0005e03a,0x67dce03a,0,0x00
3607,0x0005e03b,0x67dce03b,0,0x00
3608,0x0005e03c,0x67dce03c,5,0x05
3609,0x0005e03d,0x67dce03d,3,0x03
3610,0x0005e03e,0x67dce03e,2,0x02
3611,0x0005e03f,0x67dce03f,1,0x01
3612,0x0005e040,0x67dce040,6,0x06
3613,0x0005e041,0x67dce041,5,0x05
3614,0x0005e042,0x67dce042,3,0x03
3615,0x0005e043,0x67dce043,2,0x02
3616,0x0005e044,0x67dce044,-1,0xff
3617,0x0005e045,0x67dce045,-1,0xff
3618,0x0005e046,0x67dce046,-1,0xff
3619,0x0005e047,0x67dce047,-1,0xff
3620,0x0005e048,0x67dce048,-1,0xff
3621,0x0005e049,0x67dce049,-1,0xff
3622,0x0005e04a,0x67dce04a,-1,0xff
3623,0x0005e04b,0x67dce04b,-1,0xff
3624,0x0005e04c,0x67dce04c,0,0x00
3625,0x0005e04d,0x67dce04d,0,0x00
3626,0x0005e04e,0x67dce04e,0,0x00
3627,0x0005e04f,0x67dce04f,0,0x00
3628,0x0005e050,0x67dce050,1,0x01
3629,0x0005e051,0x67dce051,0,0x00
3630,0x0005e052,0x67dce052,0,0x00
3631,0x0005e053,0x67dce053,0,0x00
3632,0x0005e054,0x67dce054,4,0x04
3633,0x0005e055,0x67dce055,4,0x04
3634,0x0005e056,0x67dce056,3,0x03
3635,0x0005e057,0x67dce057,1,0x01
3636,0x0005e058,0x67dce058,3,0x03
3637,0x0005e059,0x67dce059,3,0x03
3638,0x0005e05a,0x67dce05a,2,0x02
3639,0x0005e05b,0x67dce05b,1,0x01
3640,0x0005e05c,0x67dce05c,2,0x02
3641,0x0005e05d,0x67dce05d,2,0x02
3642,0x0005e05e,0x67dce05e,1,0x01
3643,0x0005e05f,0x67dce05f,0,0x00
3644,0x0005e060,0x67dce060,0,0x00
3645,0x0005e061,0x67dce061,0,0x00
3646,0x0005e062,0x67dce062,0,0x00
3647,0x0005e063,0x67dce063,-1,0xff
3648,0x0005e064,0x67dce064,0,0x00
3649,0x0005e065,0x67dce065,0,0x00
3650,0x0005e066,0x67dce066,0,0x00
3651,0x0005e067,0x67dce067,1,0x01
3652,0x0005e068,0x67dce068,0,0x00
3653,0x0005e069,0x67dce069,0,0x00
3654,0x0005e06a,0x67dce06a,0,0x00
3655,0x0005e06b,0x67dce06b,1,0x01
3656,0x0005e06c,0x67dce06c,-1,0xff
3657,0x0005e06d,0x67dce06d,-1,0xff
3658,0x0005e06e,0x67dce06e,0,0x00
3659,0x0005e06f,0x67dce06f,1,0x01
3660,0x0005e070,0x67dce070,-1,0xff
3661,0x0005e071,0x67dce071,-1,0xff
3662,0x0005e072,0x67dce072,0,0x00
3663,0x0005e073,0x67dce073,1,0x01
3664,0x0005e074,0x67dce074,0,0x00
3665,0x0005e075,0x67dce075,0,0x00
3666,0x0005e076,0x67dce076,-1,0xff
3667,0x0005e077,0x67dce077,-1,0xff
3668,0x0005e078,0x67dce078,0,0x00
3669,0x0005e079,0x67dce079,-1,0xff
3670,0x0005e07a,0x67dce07a,-1,0xff
3671,0x0005e07b,0x67dce07b,-2,0xfe
3672,0x0005e07c,0x67dce07c,0,0x00
3673,0x0005e07d,0x67dce07d,-1,0xff
3674,0x0005e07e,0x67dce07e,-1,0xff
3675,0x0005e07f,0x67dce07f,-2,0xfe
3676,0x0005e080,0x67dce080,0,0x00
3677,0x0005e081,0x67dce081,0,0x00
3678,0x0005e082,0x67dce082,-1,0xff
3679,0x0005e083,0x67dce083,-2,0xfe
3680,0x0005e084,0x67dce084,-2,0xfe
3681,0x0005e085,0x67dce085,-1,0xff
3682,0x0005e086,0x67dce086,0,0x00
3683,0x0005e087,0x67dce087,2,0x02
3684,0x0005e088,0x67dce088,-2,0xfe
3685,0x0005e089,0x67dce089,-2,0xfe
3686,0x0005e08a,0x67dce08a,0,0x00
3687,0x0005e08b,0x67dce08b,1,0x01
3688,0x0005e08c,0x67dce08c,-2,0xfe
3689,0x0005e08d,0x67dce08d,-2,0xfe
3690,0x0005e08e,0x67dce08e,-1,0xff
3691,0x0005e08f,0x67dce08f,0,0x00
3692,0x0005e090,0x67dce090,-2,0xfe
3693,0x0005e091,0x67dce091,-2,0xfe
3694,0x0005e092,0x67dce092,-1,0xff
3695,0x0005e093,0x67dce093,0,0x00
3696,0x0005e094,0x67dce094,0,0x00
3697,0x0005e095,0x67dce095,0,0x00
3698,0x0005e096,0x67dce096,-1,0xff
3699,0x0005e097,0x67dce097,-1,0xff
3700,0x0005e098,0x67dce098,0,0x00
3701,0x0005e099,0x67dce099,-1,0xff
3702,0x0005e09a,0x67dce09a,-2,0xfe
3703,0x0005e09b,0x67dce09b,-2,0xfe
3704,0x0005e09c,0x67dce09c,1,0x01
3705,0x0005e09d,0x67dce09d,0,0x00
3706,0x0005e09e,0x67dce09e,-1,0xff
3707,0x0005e09f,0x67dce09f,-1,0xff
3708,0x0005e0a0,0x67dce0a0,1,0x01
3709,0x0005e0a1,0x67dce0a1,1,0x01
3710,0x0005e0a2,0x67dce0a2,1,0x01
3711,0x0005e0a3,0x67dce0a3,0,0x00
3712,0x0005e0a4,0x67dce0a4,-1,0xff
3713,0x0005e0a5,0x67dce0a5,0,0x00
3714,0x0005e0a6,0x67dce0a6,2,0x02
3715,0x0005e0a7,0x67dce0a7,3,0x03
3716,0x0005e0a8,0x67dce0a8,-1,0xff
3717,0x0005e0a9,0x67dce0a9,-1,0xff
3718,0x0005e0aa,0x67dce0aa,1,0x01
3719,0x0005e0ab,0x67dce0ab,2,0x02
3720,0x0005e0ac,0x67dce0ac,-1,0xff
3721,0x0005e0ad,0x67dce0ad,0,0x00
3722,0x0005e0ae,0x67dce0ae,0,0x00
3723,0x0005e0af,0x67dce0af,0,0x00
3724,0x0005e0b0,0x67dce0b0,0,0x00
3725,0x0005e0b1,0x67dce0b1,0,0x00
3726,0x0005e0b2,0x67dce0b2,-1,0xff
3727,0x0005e0b3,0x67dce0b3,-1,0xff
3728,0x0005e0b4,0x67dce0b4,1,0x01
3729,0x0005e0b5,0x67dce0b5,2,0x02
3730,0x0005e0b6,0x67dce0b6,1,0x01
3731,0x0005e0b7,0x67dce0b7,0,0x00
3732,0x0005e0b8,0x67dce0b8,-1,0xff
3733,0x0005e0b9,0x67dce0b9,0,0x00
3734,0x0005e0ba,0x67dce0ba,0,0x00
3735,0x0005e0bb,0x67dce0bb,0,0x00
3736,0x0005e0bc,0x67dce0bc,-3,0xfd
3737,0x0005e0bd,0x67dce0bd,-2,0xfe
3738,0x0005e0be,0x67dce0be,-1,0xff
3739,0x0005e0bf,0x67dce0bf,-1,0xff
3740,0x0005e0c0,0x67dce0c0,-4,0xfc
3741,0x0005e0c1,0x67dce0c1,-3,0xfd
3742,0x0005e0c2,0x67dce0c2,-1,0xff
3743,0x0005e0c3,0x67dce0c3,1,0x01
3744,0x0005e0c4,0x67dce0c4,0,0x00
3745,0x0005e0c5,0x67dce0c5,-1,0xff
3746,0x0005e0c6,0x67dce0c6,-1,0xff
3747,0x0005e0c7,0x67dce0c7,-1,0xff
3748,0x0005e0c8,0x67dce0c8,-1,0xff
3749,0x0005e0c9,0x67dce0c9,-1,0xff
3750,0x0005e0ca,0x67dce0ca,-1,0xff
3751,0x0005e0cb,0x67dce0cb,-1,0xff
3752,0x0005e0cc,0x67dce0cc,0,0x00
3753,0x0005e0cd,0x67dce0cd,1,0x01
3754,0x0005e0ce,0x67dce0ce,1,0x01
3755,0x0005e0cf,0x67dce0cf,2,0x02
3756,0x0005e0d0,0x67dce0d0,2,0x02
3757,0x0005e0d1,0x67dce0d1,3,0x03
3758,0x0005e0d2,0x67dce0d2,5,0x05
3759,0x0005e0d3,0x67dce0d3,5,0x05
3760,0x0005e0d4,0x67dce0d4,0,0x00
3761,0x0005e0d5,0x67dce0d5,0,0x00
3762,0x0005e0d6,0x67dce0d6,0,0x00
3763,0x0005e0d7,0x67dce0d7,0,0x00
3764,0x0005e0d8,0x67dce0d8,1,0x01
3765,0x0005e0d9,0x67dce0d9,1,0x01
3766,0x0005e0da,0x67dce0da,1,0x01
3767,0x0005e0db,0x67dce0db,1,0x01
3768,0x0005e0dc,0x67dce0dc,0,0x00
3769,0x0005e0dd,0x67dce0dd,0,0x00
3770,0x0005e0de,0x67dce0de,0,0x00
3771,0x0005e0df,0x67dce0df,-1,0xff
3772,0x0005e0e0,0x67dce0e0,-1,0xff
3773,0x0005e0e1,0x67dce0e1,-1,0xff
3774,0x0005e0e2,0x67dce0e2,-2,0xfe
3775,0x0005e0e3,0x67dce0e3,-2,0xfe
3776,0x0005e0e4,0x67dce0e4,0,0x00
3777,0x0005e0e5,0x67dce0e5,0,0x00
3778,0x0005e0e6,0x67dce0e6,0,0x00
3779,0x0005e0e7,0x67dce0e7,0,0x00
3780,0x0005e0e8,0x67dce0e8,1,0x01
3781,0x0005e0e9,0x67dce0e9,1,0x01
3782,0x0005e0ea,0x67dce0ea,1,0x01
3783,0x0005e0eb,0x67dce0eb,1,0x01
3784,0x0005e0ec,0x67dce0ec,0,0x00
3785,0x0005e0ed,0x67dce0ed,0,0x00
3786,0x0005e0ee,0x67dce0ee,0,0x00
3787,0x0005e0ef,0x67dce0ef,1,0x01
3788,0x0005e0f0,0x67dce0f0,-2,0xfe
3789,0x0005e0f1,0x67dce0f1,-1,0xff
3790,0x0005e0f2,0x67dce0f2,-1,0xff
3791,0x0005e0f3,0x67dce0f3,0,0x00
3792,0x0005e0f4,0x67dce0f4,0,0x00
3793,0x0005e0f5,0x67dce0f5,0,0x00
3794,0x0005e0f6,0x67dce0f6,0,0x00
3795,0x0005e0f7,0x67dce0f7,0,0x00
3796,0x0005e0f8,0x67dce0f8,2,0x02
3797,0x0005e0f9,0x67dce0f9,2,0x02
3798,0x0005e0fa,0x67dce0fa,2,0x02
3799,0x0005e0fb,0x67dce0fb,2,0x02
3800,0x0005e0fc,0x67dce0fc,1,0x01
3801,0x0005e0fd,0x67dce0fd,1,0x01
3802,0x0005e0fe,0x67dce0fe,1,0x01
3803,0x0005e0ff,0x67dce0ff,1,0x01
3804,0x0005e100,0x67dce100,-4,0xfc
3805,0x0005e101,0x67dce101,-3,0xfd
3806,0x0005e102,0x67dce102,-4,0xfc
3807,0x0005e103,0x67dce103,-4,0xfc
3808,0x0005e104,0x67dce104,0,0x00
3809,0x0005e105,0x67dce105,1,0x01
3810,0x0005e106,0x67dce106,1,0x01
3811,0x0005e107,0x67dce107,1,0x01
3812,0x0005e108,0x67dce108,2,0x02
3813,0x0005e109,0x67dce109,3,0x03
3814,0x0005e10a,0x67dce10a,3,0x03
3815,0x0005e10b,0x67dce10b,3,0x03
3816,0x0005e10c,0x67dce10c,2,0x02
3817,0x0005e10d,0x67dce10d,2,0x02
3818,0x0005e10e,0x67dce10e,1,0x01
3819,0x0005e10f,0x67dce10f,1,0x01
3820,0x0005e110,0x67dce110,-4,0xfc
3821,0x0005e111,0x67dce111,-4,0xfc
3822,0x0005e112,0x67dce112,-3,0xfd
3823,0x0005e113,0x67dce113,-3,0xfd
3824,0x0005e114,0x67dce114,-1,0xff
3825,0x0005e115,0x67dce115,0,0x00
3826,0x0005e116,0x67dce116,1,0x01
3827,0x0005e117,0x67dce117,2,0x02
3828,0x0005e118,0x67dce118,-1,0xff
3829,0x0005e119,0x67dce119,-1,0xff
3830,0x0005e11a,0x67dce11a,-1,0xff
3831,0x0005e11b,0x67dce11b,-1,0xff
3832,0x0005e11c,0x67dce11c,0,0x00
3833,0x0005e11d,0x67dce11d,0,0x00
3834,0x0005e11e,0x67dce11e,-1,0xff
3835,0x0005e11f,0x67dce11f,-2,0xfe
3836,0x0005e120,0x67dce120,3,0x03
3837,0x0005e121,0x67dce121,2,0x02
3838,0x0005e122,0x67dce122,1,0x01
3839,0x0005e123,0x67dce123,0,0x00
3840,0x0005e124,0x67dce124,2,0x02
3841,0x0005e125,0x67dce125,3,0x03
3842,0x0005e126,0x67dce126,3,0x03
3843,0x0005e127,0x67dce127,3,0x03
3844,0x0005e128,0x67dce128,0,0x00
3845,0x0005e129,0x67dce129,0,0x00
3846,0x0005e12a,0x67dce12a,0,0x00
3847,0x0005e12b,0x67dce12b,0,0x00
3848,0x0005e12c,0x67dce12c,-2,0xfe
3849,0x0005e12d,0x67dce12d,-3,0xfd
3850,0x0005e12e,0x67dce12e,-3,0xfd
3851,0x0005e12f,0x67dce12f,-2,0xfe
3852,0x0005e130,0x67dce130,-1,0xff
3853,0x0005e131,0x67dce131,-2,0xfe
3854,0x0005e132,0x67dce132,-2,0xfe
3855,0x0005e133,0x67dce133,-2,0xfe
3856,0x0005e134,0x67dce134,4,0x04
3857,0x0005e135,0x67dce135,3,0x03
3858,0x0005e136,0x67dce136,2,0x02
3859,0x0005e137,0x67dce137,1,0x01
3860,0x0005e138,0x67dce138,2,0x02
3861,0x0005e139,0x67dce139,2,0x02
3862,0x0005e13a,0x67dce13a,1,0x01
3863,0x0005e13b,0x67dce13b,1,0x01
3864,0x0005e13c,0x67dce13c,0,0x00
3865,0x0005e13d,0x67dce13d,-1,0xff
3866,0x0005e13e,0x67dce13e,-1,0xff
3867,0x0005e13f,0x67dce13f,-1,0xff
3868,0x0005e140,0x67dce140,-2,0xfe
3869,0x0005e141,0x67dce141,-2,0xfe
3870,0x0005e142,0x67dce142,-2,0xfe
3871,0x0005e143,0x67dce143,-2,0xfe
3872,0x0005e144,0x67dce144,1,0x01
3873,0x0005e145,0x67dce145,0,0x00
3874,0x0005e146,0x67dce146,0,0x00
3875,0x0005e147,0x67dce147,0,0x00
3876,0x0005e148,0x67dce148,0,0x00
3877,0x0005e149,0x67dce149,1,0x01
3878,0x0005e14a,0x67dce14a,1,0x01
3879,0x0005e14b,0x67dce14b,1,0x01
3880,0x0005e14c,0x67dce14c,-1,0xff
3881,0x0005e14d,0x67dce14d,0,0x00
3882,0x0005e14e,0x67dce14e,0,0x00
3883,0x0005e14f,0x67dce14f,1,0x01
3884,0x0005e150,0x67dce150,-2,0xfe
3885,0x0005e151,0x67dce151,-1,0xff
3886,0x0005e152,0x67dce152,0,0x00
3887,0x0005e153,0x67dce153,0,0x00
3888,0x0005e154,0x67dce154,1,0x01
3889,0x0005e155,0x67dce155,-1,0xff
3890,0x0005e156,0x67dce156,0,0x00
3891,0x0005e157,0x67dce157,2,0x02
3892,0x0005e158,0x67dce158,1,0x01
3893,0x0005e159,0x67dce159,-1,0xff
3894,0x0005e15a,0x67dce15a,0,0x00
3895,0x0005e15b,0x67dce15b,2,0x02
3896,0x0005e15c,0x67dce15c,1,0x01
3897,0x0005e15d,0x67dce15d,-1,0xff
3898,0x0005e15e,0x67dce15e,0,0x00
3899,0x0005e15f,0x67dce15f,3,0x03
3900,0x0005e160,0x67dce160,0,0x00
3901,0x0005e161,0x67dce161,-2,0xfe
3902,0x0005e162,0x67dce162,0,0x00
3903,0x0005e163,0x67dce163,3,0x03
3904,0x0005e164,0x67dce164,1,0x01
3905,0x0005e165,0x67dce165,-2,0xfe
3906,0x0005e166,0x67dce166,-1,0xff
3907,0x0005e167,0x67dce167,1,0x01
3908,0x0005e168,0x67dce168,1,0x01
3909,0x0005e169,0x67dce169,-2,0xfe
3910,0x0005e16a,0x67dce16a,-2,0xfe
3911,0x0005e16b,0x67dce16b,1,0x01
3912,0x0005e16c,0x67dce16c,2,0x02
3913,0x0005e16d,0x67dce16d,-2,0xfe
3914,0x0005e16e,0x67dce16e,-1,0xff
3915,0x0005e16f,0x67dce16f,1,0x01
3916,0x0005e170,0x67dce170,2,0x02
3917,0x0005e171,0x67dce171,-2,0xfe
3918,0x0005e172,0x67dce172,-2,0xfe
3919,0x0005e173,0x67dce173,1,0x01
3920,0x0005e174,0x67dce174,0,0x00
3921,0x0005e175,0x67dce175,-2,0xfe
3922,0x0005e176,0x67dce176,0,0x00
3923,0x0005e177,0x67dce177,3,0x03
3924,0x0005e178,0x67dce178,0,0x00
3925,0x0005e179,0x67dce179,-2,0xfe
3926,0x0005e17a,0x67dce17a,0,0x00
3927,0x0005e17b,0x67dce17b,3,0x03
3928,0x0005e17c,0x67dce17c,0,0x00
3929,0x0005e17d,0x67dce17d,-2,0xfe
3930,0x0005e17e,0x67dce17e,0,0x00
3931,0x0005e17f,0x67dce17f,2,0x02
3932,0x0005e180,0x67dce180,0,0x00
3933,0x0005e181,0x67dce181,-1,0xff
3934,0x0005e182,0x67dce182,0,0x00
3935,0x0005e183,0x67dce183,2,0x02
3936,0x0005e184,0x67dce184,2,0x02
3937,0x0005e185,0x67dce185,-2,0xfe
3938,0x0005e186,0x67dce186,-2,0xfe
3939,0x0005e187,0x67dce187,1,0x01
3940,0x0005e188,0x67dce188,1,0x01
3941,0x0005e189,0x67dce189,-2,0xfe
3942,0x0005e18a,0x67dce18a,-1,0xff
3943,0x0005e18b,0x67dce18b,1,0x01
3944,0x0005e18c,0x67dce18c,1,0x01
3945,0x0005e18d,0x67dce18d,-2,0xfe
3946,0x0005e18e,0x67dce18e,-2,0xfe
3947,0x0005e18f,0x67dce18f,1,0x01
3948,0x0005e190,0x67dce190,1,0x01
3949,0x0005e191,0x67dce191,-2,0xfe
3950,0x0005e192,0x67dce192,-1,0xff
3951,0x0005e193,0x67dce193,1,0x01
3952,0x0005e194,0x67dce194,0,0x00
3953,0x0005e195,0x67dce195,1,0x01
3954,0x0005e196,0x67dce196,2,0x02
3955,0x0005e197,0x67dce197,2,0x02
3956,0x0005e198,0x67dce198,0,0x00
3957,0x0005e199,0x67dce199,1,0x01
3958,0x0005e19a,0x67dce19a,1,0x01
3959,0x0005e19b,0x67dce19b,2,0x02
3960,0x0005e19c,0x67dce19c,0,0x00
3961,0x0005e19d,0x67dce19d,0,0x00
3962,0x0005e19e,0x67dce19e,1,0x01
3963,0x0005e19f,0x67dce19f,2,0x02
3964,0x0005e1a0,0x67dce1a0,-1,0xff
3965,0x0005e1a1,0x67dce1a1,0,0x00
3966,0x0005e1a2,0x67dce1a2,0,0x00
3967,0x0005e1a3,0x67dce1a3,1,0x01
3968,0x0005e1a4,0x67dce1a4,3,0x03
3969,0x0005e1a5,0x67dce1a5,3,0x03
3970,0x0005e1a6,0x67dce1a6,2,0x02
3971,0x0005e1a7,0x67dce1a7,2,0x02
3972,0x0005e1a8,0x67dce1a8,3,0x03
3973,0x0005e1a9,0x67dce1a9,3,0x03
3974,0x0005e1aa,0x67dce1aa,2,0x02
3975,0x0005e1ab,0x67dce1ab,1,0x01
3976,0x0005e1ac,0x67dce1ac,2,0x02
3977,0x0005e1ad,0x67dce1ad,2,0x02
3978,0x0005e1ae,0x67dce1ae,2,0x02
3979,0x0005e1af,0x67dce1af,1,0x01
3980,0x0005e1b0,0x67dce1b0,1,0x01
3981,0x0005e1b1,0x67dce1b1,1,0x01
3982,0x0005e1b2,0x67dce1b2,1,0x01
3983,0x0005e1b3,0x67dce1b3,1,0x01
3984,0x0005e1b4,0x67dce1b4,-1,0xff
3985,0x0005e1b5,0x67dce1b5,-1,0xff
3986,0x0005e1b6,0x67dce1b6,0,0x00
3987,0x0005e1b7,0x67dce1b7,0,0x00
3988,0x0005e1b8,0x67dce1b8,-1,0xff
3989,0x0005e1b9,0x67dce1b9,-1,0xff
3990,0x0005e1ba,0x67dce1ba,-1,0xff
3991,0x0005e1bb,0x67dce1bb,-1,0xff
3992,0x0005e1bc,0x67dce1bc,-2,0xfe
3993,0x0005e1bd,0x67dce1bd,-2,0xfe
3994,0x0005e1be,0x67dce1be,-2,0xfe
3995,0x0005e1bf,0x67dce1bf,-2,0xfe
3996,0x0005e1c0,0x67dce1c0,-2,0xfe
3997,0x0005e1c1,0x67dce1c1,-2,0xfe
3998,0x0005e1c2,0x67dce1c2,-2,0xfe
3999,0x0005e1c3,0x67dce1c3,-2,0xfe
4000,0x0005e1c4,0x67dce1c4,0,0x00
4001,0x0005e1c5,0x67dce1c5,0,0x00
4002,0x0005e1c6,0x67dce1c6,0,0x00
4003,0x0005e1c7,0x67dce1c7,0,0x00
4004,0x0005e1c8,0x67dce1c8,-1,0xff
4005,0x0005e1c9,0x67dce1c9,-1,0xff
4006,0x0005e1ca,0x67dce1ca,-1,0xff
4007,0x0005e1cb,0x67dce1cb,-1,0xff
4008,0x0005e1cc,0x67dce1cc,-2,0xfe
4009,0x0005e1cd,0x67dce1cd,-2,0xfe
4010,0x0005e1ce,0x67dce1ce,-2,0xfe
4011,0x0005e1cf,0x67dce1cf,-1,0xff
4012,0x0005e1d0,0x67dce1d0,-2,0xfe
4013,0x0005e1d1,0x67dce1d1,-2,0xfe
4014,0x0005e1d2,0x67dce1d2,-2,0xfe
4015,0x0005e1d3,0x67dce1d3,-1,0xff
4016,0x0005e1d4,0x67dce1d4,0,0x00
4017,0x0005e1d5,0x67dce1d5,0,0x00
4018,0x0005e1d6,0x67dce1d6,-1,0xff
4019,0x0005e1d7,0x67dce1d7,-2,0xfe
4020,0x0005e1d8,0x67dce1d8,0,0x00
4021,0x0005e1d9,0x67dce1d9,0,0x00
4022,0x0005e1da,0x67dce1da,-1,0xff
4023,0x0005e1db,0x67dce1db,-1,0xff
4024,0x0005e1dc,0x67dce1dc,1,0x01
4025,0x0005e1dd,0x67dce1dd,1,0x01
4026,0x0005e1de,0x67dce1de,0,0x00
4027,0x0005e1df,0x67dce1df,0,0x00
4028,0x0005e1e0,0x67dce1e0,1,0x01
4029,0x0005e1e1,0x67dce1e1,2,0x02
4030,0x0005e1e2,0x67dce1e2,1,0x01
4031,0x0005e1e3,0x67dce1e3,1,0x01
4032,0x0005e1e4,0x67dce1e4,-1,0xff
4033,0x0005e1e5,0x67dce1e5,0,0x00
4034,0x0005e1e6,0x67dce1e6,3,0x03
4035,0x0005e1e7,0x67dce1e7,5,0x05
4036,0x0005e1e8,0x67dce1e8,-1,0xff
4037,0x0005e1e9,0x67dce1e9,0,0x00
4038,0x0005e1ea,0x67dce1ea,2,0x02
4039,0x0005e1eb,0x67dce1eb,4,0x04
4040,0x0005e1ec,0x67dce1ec,-1,0xff
4041,0x0005e1ed,0x67dce1ed,-1,0xff
4042,0x0005e1ee,0x67dce1ee,1,0x01
4043,0x0005e1ef,0x67dce1ef,2,0x02
4044,0x0005e1f0,0x67dce1f0,0,0x00
4045,0x0005e1f1,0x67dce1f1,-1,0xff
4046,0x0005e1f2,0x67dce1f2,-1,0xff
4047,0x0005e1f3,0x67dce1f3,0,0x00
4048,0x0005e1f4,0x67dce1f4,0,0x00
4049,0x0005e1f5,0x67dce1f5,1,0x01
4050,0x0005e1f6,0x67dce1f6,2,0x02
4051,0x0005e1f7,0x67dce1f7,1,0x01
4052,0x0005e1f8,0x67dce1f8,-1,0xff
4053,0x0005e1f9,0x67dce1f9,0,0x00
4054,0x0005e1fa,0x67dce1fa,1,0x01
4055,0x0005e1fb,0x67dce1fb,2,0x02
4056,0x0005e1fc,0x67dce1fc,-2,0xfe
4057,0x0005e1fd,0x67dce1fd,-1,0xff
4058,0x0005e1fe,0x67dce1fe,1,0x01
4059,0x0005e1ff,0x67dce1ff,2,0x02
4060,0x0005e200,0x67dce200,-2,0xfe
4061,0x0005e201,0x67dce201,-1,0xff
4062,0x0005e202,0x67dce202,0,0x00
4063,0x0005e203,0x67dce203,2,0x02
4064,0x0005e204,0x67dce204,0,0x00
4065,0x0005e205,0x67dce205,-1,0xff
4066,0x0005e206,0x67dce206,-2,0xfe
4067,0x0005e207,0x67dce207,-2,0xfe
4068,0x0005e208,0x67dce208,1,0x01
4069,0x0005e209,0x67dce209,0,0x00
4070,0x0005e20a,0x67dce20a,-3,0xfd
4071,0x0005e20b,0x67dce20b,-3,0xfd
4072,0x0005e20c,0x67dce20c,2,0x02
4073,0x0005e20d,0x67dce20d,0,0x00
4074,0x0005e20e,0x67dce20e,-2,0xfe
4075,0x0005e20f,0x67dce20f,-4,0xfc
4076,0x0005e210,0x67dce210,2,0x02
4077,0x0005e211,0x67dce211,1,0x01
4078,0x0005e212,0x67dce212,-1,0xff
4079,0x0005e213,0x67dce213,-3,0xfd
4080,0x0005e214,0x67dce214,0,0x00
4081,0x0005e215,0x67dce215,0,0x00
4082,0x0005e216,0x67dce216,0,0x00
4083,0x0005e217,0x67dce217,0,0x00
4084,0x0005e218,0x67dce218,0,0x00
4085,0x0005e219,0x67dce219,0,0x00
4086,0x0005e21a,0x67dce21a,-1,0xff
4087,0x0005e21b,0x67dce21b,0,0x00
4088,0x0005e21c,0x67dce21c,-1,0xff
4089,0x0005e21d,0x67dce21d,-1,0xff
4090,0x0005e21e,0x67dce21e,-1,0xff
4091,0x0005e21f,0x67dce21f,-1,0xff
4092,0x0005e220,0x67dce220,-1,0xff
4093,0x0005e221,0x67dce221,-1,0xff
4094,0x0005e222,0x67dce222,-1,0xff
4095,0x0005e223,0x67dce223,-1,0xff
4096,0x0005e224,0x67dce224,0,0x00
4097,0x0005e225,0x67dce225,0,0x00
4098,0x0005e226,0x67dce226,-1,0xff
4099,0x0005e227,0x67dce227,-1,0xff
4100,0x0005e228,0x67dce228,0,0x00
4101,0x0005e229,0x67dce229,0,0x00
4102,0x0005e22a,0x67dce22a,0,0x00
4103,0x0005e22b,0x67dce22b,0,0x00
4104,0x0005e22c,0x67dce22c,0,0x00
4105,0x0005e22d,0x67dce22d,0,0x00
4106,0x0005e22e,0x67dce22e,0,0x00
4107,0x0005e22f,0x67dce22f,0,0x00
4108,0x0005e230,0x67dce230,-1,0xff
4109,0x0005e231,0x67dce231,-1,0xff
4110,0x0005e232,0x67dce232,-1,0xff
4111,0x0005e233,0x67dce233,0,0x00
4112,0x0005e234,0x67dce234,-1,0xff
4113,0x0005e235,0x67dce235,-1,0xff
4114,0x0005e236,0x67dce236,-1,0xff
4115,0x0005e237,0x67dce237,-1,0xff
4116,0x0005e238,0x67dce238,-1,0xff
4117,0x0005e239,0x67dce239,0,0x00
4118,0x0005e23a,0x67dce23a,0,0x00
4119,0x0005e23b,0x67dce23b,0,0x00
4120,0x0005e23c,0x67dce23c,0,0x00
4121,0x0005e23d,0x67dce23d,0,0x00
4122,0x0005e23e,0x67dce23e,1,0x01
4123,0x0005e23f,0x67dce23f,1,0x01
4124,0x0005e240,0x67dce240,3,0x03
4125,0x0005e241,0x67dce241,3,0x03
4126,0x0005e242,0x67dce242,3,0x03
4127,0x0005e243,0x67dce243,4,0x04
4128,0x0005e244,0x67dce244,-1,0xff
4129,0x0005e245,0x67dce245,-1,0xff
4130,0x0005e246,0x67dce246,-1,0xff
4131,0x0005e247,0x67dce247,0,0x00
4132,0x0005e248,0x67dce248,0,0x00
4133,0x0005e249,0x67dce249,-1,0xff
4134,0x0005e24a,0x67dce24a,-1,0xff
4135,0x0005e24b,0x67dce24b,0,0x00
4136,0x0005e24c,0x67dce24c,0,0x00
4137,0x0005e24d,0x67dce24d,0,0x00
4138,0x0005e24e,0x67dce24e,0,0x00
4139,0x0005e24f,0x67dce24f,1,0x01
4140,0x0005e250,0x67dce250,3,0x03
4141,0x0005e251,0x67dce251,3,0x03
4142,0x0005e252,0x67dce252,3,0x03
4143,0x0005e253,0x67dce253,3,0x03
4144,0x0005e254,0x67dce254,5,0x05
4145,0x0005e255,0x67dce255,1,0x01
4146,0x0005e256,0x67dce256,-2,0xfe
4147,0x0005e257,0x67dce257,-2,0xfe
4148,0x0005e258,0x67dce258,4,0x04
4149,0x0005e259,0x67dce259,-1,0xff
4150,0x0005e25a,0x67dce25a,-3,0xfd
4151,0x0005e25b,0x67dce25b,-1,0xff
4152,0x0005e25c,0x67dce25c,3,0x03
4153,0x0005e25d,0x67dce25d,-1,0xff
4154,0x0005e25e,0x67dce25e,-1,0xff
4155,0x0005e25f,0x67dce25f,0,0x00
4156,0x0005e260,0x67dce260,2,0x02
4157,0x0005e261,0x67dce261,0,0x00
4158,0x0005e262,0x67dce262,0,0x00
4159,0x0005e263,0x67dce263,1,0x01
4160,0x0005e264,0x67dce264,0,0x00
4161,0x0005e265,0x67dce265,0,0x00
4162,0x0005e266,0x67dce266,0,0x00
4163,0x0005e267,0x67dce267,-1,0xff
4164,0x0005e268,0x67dce268,0,0x00
4165,0x0005e269,0x67dce269,0,0x00
4166,0x0005e26a,0x67dce26a,0,0x00
4167,0x0005e26b,0x67dce26b,-1,0xff
4168,0x0005e26c,0x67dce26c,1,0x01
4169,0x0005e26d,0x67dce26d,1,0x01
4170,0x0005e26e,0x67dce26e,0,0x00
4171,0x0005e26f,0x67dce26f,-1,0xff
4172,0x0005e270,0x67dce270,1,0x01
4173,0x0005e271,0x67dce271,1,0x01
4174,0x0005e272,0x67dce272,0,0x00
4175,0x0005e273,0x67dce273,-2,0xfe
4176,0x0005e274,0x67dce274,1,0x01
4177,0x0005e275,0x67dce275,0,0x00
4178,0x0005e276,0x67dce276,0,0x00
4179,0x0005e277,0x67dce277,1,0x01
4180,0x0005e278,0x67dce278,0,0x00
4181,0x0005e279,0x67dce279,-1,0xff
4182,0x0005e27a,0x67dce27a,-1,0xff
4183,0x0005e27b,0x67dce27b,-1,0xff
4184,0x0005e27c,0x67dce27c,0,0x00
4185,0x0005e27d,0x67dce27d,-1,0xff
4186,0x0005e27e,0x67dce27e,-1,0xff
4187,0x0005e27f,0x67dce27f,-1,0xff
4188,0x0005e280,0x67dce280,2,0x02
4189,0x0005e281,0x67dce281,1,0x01
4190,0x0005e282,0x67dce282,0,0x00
4191,0x0005e283,0x67dce283,0,0x00
4192,0x0005e284,0x67dce284,1,0x01
4193,0x0005e285,0x67dce285,1,0x01
4194,0x0005e286,0x67dce286,0,0x00
4195,0x0005e287,0x67dce287,-2,0xfe
4196,0x0005e288,0x67dce288,0,0x00
4197,0x0005e289,0x67dce289,0,0x00
4198,0x0005e28a,0x67dce28a,0,0x00
4199,0x0005e28b,0x67dce28b,-1,0xff
4200,0x0005e28c,0x67dce28c,-1,0xff
4201,0x0005e28d,0x67dce28d,0,0x00
4202,0x0005e28e,0x67dce28e,0,0x00
4203,0x0005e28f,0x67dce28f,-1,0xff
4204,0x0005e290,0x67dce290,0,0x00
4205,0x0005e291,0x67dce291,1,0x01
4206,0x0005e292,0x67dce292,0,0x00
4207,0x0005e293,0x67dce293,0,0x00
4208,0x0005e294,0x67dce294,1,0x01
4209,0x0005e295,0x67dce295,0,0x00
4210,0x0005e296,0x67dce296,1,0x01
4211,0x0005e297,0x67dce297,1,0x01
4212,0x0005e298,0x67dce298,1,0x01
4213,0x0005e299,0x67dce299,0,0x00
4214,0x0005e29a,0x67dce29a,0,0x00
4215,0x0005e29b,0x67dce29b,1,0x01
4216,0x0005e29c,0x67dce29c,1,0x01
4217,0x0005e29d,0x67dce29d,-1,0xff
4218,0x0005e29e,0x67dce29e,-1,0xff
4219,0x0005e29f,0x67dce29f,0,0x00
4220,0x0005e2a0,0x67dce2a0,2,0x02
4221,0x0005e2a1,0x67dce2a1,0,0x00
4222,0x0005e2a2,0x67dce2a2,-1,0xff
4223,0x0005e2a3,0x67dce2a3,-1,0xff
4224,0x0005e2a4,0x67dce2a4,1,0x01
4225,0x0005e2a5,0x67dce2a5,1,0x01
4226,0x0005e2a6,0x67dce2a6,0,0x00
4227,0x0005e2a7,0x67dce2a7,0,0x00
4228,0x0005e2a8,0x67dce2a8,1,0x01
4229,0x0005e2a9,0x67dce2a9,0,0x00
4230,0x0005e2aa,0x67dce2aa,0,0x00
4231,0x0005e2ab,0x67dce2ab,0,0x00
4232,0x0005e2ac,0x67dce2ac,0,0x00
4233,0x0005e2ad,0x67dce2ad,0,0x00
4234,0x0005e2ae,0x67dce2ae,0,0x00
4235,0x0005e2af,0x67dce2af,0,0x00
4236,0x0005e2b0,0x67dce2b0,-1,0xff
4237,0x0005e2b1,0x67dce2b1,-1,0xff
4238,0x0005e2b2,0x67dce2b2,-1,0xff
4239,0x0005e2b3,0x67dce2b3,0,0x00
4240,0x0005e2b4,0x67dce2b4,3,0x03
4241,0x0005e2b5,0x67dce2b5,1,0x01
4242,0x0005e2b6,0x67dce2b6,-1,0xff
4243,0x0005e2b7,0x67dce2b7,-1,0xff
4244,0x0005e2b8,0x67dce2b8,4,0x04
4245,0x0005e2b9,0x67dce2b9,2,0x02
4246,0x0005e2ba,0x67dce2ba,1,0x01
4247,0x0005e2bb,0x67dce2bb,0,0x00
4248,0x0005e2bc,0x67dce2bc,2,0x02
4249,0x0005e2bd,0x67dce2bd,1,0x01
4250,0x0005e2be,0x67dce2be,0,0x00
4251,0x0005e2bf,0x67dce2bf,0,0x00
4252,0x0005e2c0,0x67dce2c0,0,0x00
4253,0x0005e2c1,0x67dce2c1,-1,0xff
4254,0x0005e2c2,0x67dce2c2,-1,0xff
4255,0x0005e2c3,0x67dce2c3,-1,0xff
4256,0x0005e2c4,0x67dce2c4,-2,0xfe
4257,0x0005e2c5,0x67dce2c5,-2,0xfe
4258,0x0005e2c6,0x67dce2c6,-2,0xfe
4259,0x0005e2c7,0x67dce2c7,-1,0xff
4260,0x0005e2c8,0x67dce2c8,-1,0xff
4261,0x0005e2c9,0x67dce2c9,-2,0xfe
4262,0x0005e2ca,0x67dce2ca,-2,0xfe
4263,0x0005e2cb,0x67dce2cb,-1,0xff
4264,0x0005e2cc,0x67dce2cc,-1,0xff
4265,0x0005e2cd,0x67dce2cd,-1,0xff
4266,0x0005e2ce,0x67dce2ce,0,0x00
4267,0x0005e2cf,0x67dce2cf,0,0x00
4268,0x0005e2d0,0x67dce2d0,-1,0xff
4269,0x0005e2d1,0x67dce2d1,0,0x00
4270,0x0005e2d2,0x67dce2d2,1,0x01
4271,0x0005e2d3,0x67dce2d3,1,0x01
4272,0x0005e2d4,0x67dce2d4,0,0x00
4273,0x0005e2d5,0x67dce2d5,1,0x01
4274,0x0005e2d6,0x67dce2d6,2,0x02
4275,0x0005e2d7,0x67dce2d7,2,0x02
4276,0x0005e2d8,0x67dce2d8,0,0x00
4277,0x0005e2d9,0x67dce2d9,0,0x00
4278,0x0005e2da,0x67dce2da,1,0x01
4279,0x0005e2db,0x67dce2db,1,0x01
4280,0x0005e2dc,0x67dce2dc,0,0x00
4281,0x0005e2dd,0x67dce2dd,0,0x00
4282,0x0005e2de,0x67dce2de,0,0x00
4283,0x0005e2df,0x67dce2df,0,0x00
4284,0x0005e2e0,0x67dce2e0,0,0x00
4285,0x0005e2e1,0x67dce2e1,0,0x00
4286,0x0005e2e2,0x67dce2e2,-1,0xff
4287,0x0005e2e3,0x67dce2e3,0,0x00
4288,0x0005e2e4,0x67dce2e4,2,0x02
4289,0x0005e2e5,0x67dce2e5,1,0x01
4290,0x0005e2e6,0x67dce2e6,-1,0xff
4291,0x0005e2e7,0x67dce2e7,-3,0xfd
4292,0x0005e2e8,0x67dce2e8,1,0x01
4293,0x0005e2e9,0x67dce2e9,0,0x00
4294,0x0005e2ea,0x67dce2ea,-1,0xff
4295,0x0005e2eb,0x67dce2eb,-2,0xfe
4296,0x0005e2ec,0x67dce2ec,0,0x00
4297,0x0005e2ed,0x67dce2ed,0,0x00
4298,0x0005e2ee,0x67dce2ee,-1,0xff
4299,0x0005e2ef,0x67dce2ef,-1,0xff
4300,0x0005e2f0,0x67dce2f0,0,0x00
4301,0x0005e2f1,0x67dce2f1,1,0x01
4302,0x0005e2f2,0x67dce2f2,1,0x01
4303,0x0005e2f3,0x67dce2f3,0,0x00
4304,0x0005e2f4,0x67dce2f4,0,0x00
4305,0x0005e2f5,0x67dce2f5,0,0x00
4306,0x0005e2f6,0x67dce2f6,-1,0xff
4307,0x0005e2f7,0x67dce2f7,0,0x00
4308,0x0005e2f8,0x67dce2f8,0,0x00
4309,0x0005e2f9,0x67dce2f9,0,0x00
4310,0x0005e2fa,0x67dce2fa,0,0x00
4311,0x0005e2fb,0x67dce2fb,0,0x00
4312,0x0005e2fc,0x67dce2fc,0,0x00
4313,0x0005e2fd,0x67dce2fd,0,0x00
4314,0x0005e2fe,0x67dce2fe,1,0x01
4315,0x0005e2ff,0x67dce2ff,1,0x01
4316,0x0005e300,0x67dce300,0,0x00
4317,0x0005e301,0x67dce301,0,0x00
4318,0x0005e302,0x67dce302,0,0x00
4319,0x0005e303,0x67dce303,1,0x01
4320,0x0005e304,0x67dce304,1,0x01
4321,0x0005e305,0x67dce305,1,0x01
4322,0x0005e306,0x67dce306,1,0x01
4323,0x0005e307,0x67dce307,1,0x01
4324,0x0005e308,0x67dce308,1,0x01
4325,0x0005e309,0x67dce309,1,0x01
4326,0x0005e30a,0x67dce30a,1,0x01
4327,0x0005e30b,0x67dce30b,0,0x00
4328,0x0005e30c,0x67dce30c,2,0x02
4329,0x0005e30d,0x67dce30d,1,0x01
4330,0x0005e30e,0x67dce30e,-1,0xff
4331,0x0005e30f,0x67dce30f,-3,0xfd
4332,0x0005e310,0x67dce310,1,0x01
4333,0x0005e311,0x67dce311,-1,0xff
4334,0x0005e312,0x67dce312,-4,0xfc
4335,0x0005e313,0x67dce313,-5,0xfb
4336,0x0005e314,0x67dce314,-2,0xfe
4337,0x0005e315,0x67dce315,-2,0xfe
4338,0x0005e316,0x67dce316,-2,0xfe
4339,0x0005e317,0x67dce317,-1,0xff
4340,0x0005e318,0x67dce318,0,0x00
4341,0x0005e319,0x67dce319,0,0x00
4342,0x0005e31a,0x67dce31a,0,0x00
4343,0x0005e31b,0x67dce31b,0,0x00
4344,0x0005e31c,0x67dce31c,1,0x01
4345,0x0005e31d,0x67dce31d,1,0x01
4346,0x0005e31e,0x67dce31e,1,0x01
4347,0x0005e31f,0x67dce31f,1,0x01
4348,0x0005e320,0x67dce320,0,0x00
4349,0x0005e321,0x67dce321,0,0x00
4350,0x0005e322,0x67dce322,1,0x01
4351,0x0005e323,0x67dce323,1,0x01
4352,0x0005e324,0x67dce324,0,0x00
4353,0x0005e325,0x67dce325,2,0x02
4354,0x0005e326,0x67dce326,2,0x02
4355,0x0005e327,0x67dce327,2,0x02
4356,0x0005e328,0x67dce328,1,0x01
4357,0x0005e329,0x67dce329,1,0x01
4358,0x0005e32a,0x67dce32a,1,0x01
4359,0x0005e32b,0x67dce32b,0,0x00
4360,0x0005e32c,0x67dce32c,1,0x01
4361,0x0005e32d,0x67dce32d,0,0x00
4362,0x0005e32e,0x67dce32e,-2,0xfe
4363,0x0005e32f,0x67dce32f,-3,0xfd
4364,0x0005e330,0x67dce330,0,0x00
4365,0x0005e331,0x67dce331,-1,0xff
4366,0x0005e332,0x67dce332,-3,0xfd
4367,0x0005e333,0x67dce333,-4,0xfc
4368,0x0005e334,0x67dce334,-1,0xff
4369,0x0005e335,0x67dce335,-1,0xff
4370,0x0005e336,0x67dce336,0,0x00
4371,0x0005e337,0x67dce337,1,0x01
4372,0x0005e338,0x67dce338,-1,0xff
4373,0x0005e339,0x67dce339,-1,0xff
4374,0x0005e33a,0x67dce33a,0,0x00
4375,0x0005e33b,0x67dce33b,1,0x01
4376,0x0005e33c,0x67dce33c,0,0x00
4377,0x0005e33d,0x67dce33d,0,0x00
4378,0x0005e33e,0x67dce33e,0,0x00
4379,0x0005e33f,0x67dce33f,1,0x01
4380,0x0005e340,0x67dce340,1,0x01
4381,0x0005e341,0x67dce341,1,0x01
4382,0x0005e342,0x67dce342,1,0x01
4383,0x0005e343,0x67dce343,1,0x01
4384,0x0005e344,0x67dce344,0,0x00
4385,0x0005e345,0x67dce345,0,0x00
4386,0x0005e346,0x67dce346,-2,0xfe
4387,0x0005e347,0x67dce347,-3,0xfd
4388,0x0005e348,0x67dce348,1,0x01
4389,0x0005e349,0x67dce349,1,0x01
4390,0x0005e34a,0x67dce34a,0,0x00
4391,0x0005e34b,0x67dce34b,-1,0xff
4392,0x0005e34c,0x67dce34c,1,0x01
4393,0x0005e34d,0x67dce34d,1,0x01
4394,0x0005e34e,0x67dce34e,1,0x01
4395,0x0005e34f,0x67dce34f,0,0x00
4396,0x0005e350,0x67dce350,0,0x00
4397,0x0005e351,0x67dce351,0,0x00
4398,0x0005e352,0x67dce352,0,0x00
4399,0x0005e353,0x67dce353,0,0x00
4400,0x0005e354,0x67dce354,0,0x00
4401,0x0005e355,0x67dce355,1,0x01
4402,0x0005e356,0x67dce356,0,0x00
4403,0x0005e357,0x67dce357,0,0x00
4404,0x0005e358,0x67dce358,1,0x01
4405,0x0005e359,0x67dce359,2,0x02
4406,0x0005e35a,0x67dce35a,0,0x00
4407,0x0005e35b,0x67dce35b,0,0x00
4408,0x0005e35c,0x67dce35c,0,0x00
4409,0x0005e35d,0x67dce35d,2,0x02
4410,0x0005e35e,0x67dce35e,0,0x00
4411,0x0005e35f,0x67dce35f,-1,0xff
4412,0x0005e360,0x67dce360,0,0x00
4413,0x0005e361,0x67dce361,1,0x01
4414,0x0005e362,0x67dce362,0,0x00
4415,0x0005e363,0x67dce363,0,0x00
4416,0x0005e364,0x67dce364,1,0x01
4417,0x0005e365,0x67dce365,1,0x01
4418,0x0005e366,0x67dce366,1,0x01
4419,0x0005e367,0x67dce367,2,0x02
4420,0x0005e368,0x67dce368,0,0x00
4421,0x0005e369,0x67dce369,0,0x00
4422,0x0005e36a,0x67dce36a,-1,0xff
4423,0x0005e36b,0x67dce36b,1,0x01
4424,0x0005e36c,0x67dce36c,1,0x01
4425,0x0005e36d,0x67dce36d,0,0x00
4426,0x0005e36e,0x67dce36e,-1,0xff
4427,0x0005e36f,0x67dce36f,0,0x00
4428,0x0005e370,0x67dce370,2,0x02
4429,0x0005e371,0x67dce371,1,0x01
4430,0x0005e372,0x67dce372,0,0x00
4431,0x0005e373,0x67dce373,1,0x01
4432,0x0005e374,0x67dce374,0,0x00
4433,0x0005e375,0x67dce375,1,0x01
4434,0x0005e376,0x67dce376,-1,0xff
4435,0x0005e377,0x67dce377,0,0x00
4436,0x0005e378,0x67dce378,-1,0xff
4437,0x0005e379,0x67dce379,0,0x00
4438,0x0005e37a,0x67dce37a,-1,0xff
4439,0x0005e37b,0x67dce37b,-1,0xff
4440,0x0005e37c,0x67dce37c,-2,0xfe
4441,0x0005e37d,0x67dce37d,-2,0xfe
4442,0x0005e37e,0x67dce37e,-3,0xfd
4443,0x0005e37f,0x67dce37f,-2,0xfe
4444,0x0005e380,0x67dce380,-2,0xfe
4445,0x0005e381,0x67dce381,-2,0xfe
4446,0x0005e382,0x67dce382,-3,0xfd
4447,0x0005e383,0x67dce383,-3,0xfd
4448,0x0005e384,0x67dce384,2,0x02
4449,0x0005e385,0x67dce385,2,0x02
4450,0x0005e386,0x67dce386,0,0x00
4451,0x0005e387,0x67dce387,1,0x01
4452,0x0005e388,0x67dce388,2,0x02
4453,0x0005e389,0x67dce389,1,0x01
4454,0x0005e38a,0x67dce38a,1,0x01
4455,0x0005e38b,0x67dce38b,2,0x02
4456,0x0005e38c,0x67dce38c,0,0x00
4457,0x0005e38d,0x67dce38d,1,0x01
4458,0x0005e38e,0x67dce38e,1,0x01
4459,0x0005e38f,0x67dce38f,1,0x01
4460,0x0005e390,0x67dce390,-1,0xff
4461,0x0005e391,0x67dce391,-1,0xff
4462,0x0005e392,0x67dce392,-1,0xff
4463,0x0005e393,0x67dce393,0,0x00
4464,0x0005e394,0x67dce394,-3,0xfd
4465,0x0005e395,0x67dce395,-1,0xff
4466,0x0005e396,0x67dce396,0,0x00
4467,0x0005e397,0x67dce397,1,0x01
4468,0x0005e398,0x67dce398,-3,0xfd
4469,0x0005e399,0x67dce399,-1,0xff
4470,0x0005e39a,0x67dce39a,0,0x00
4471,0x0005e39b,0x67dce39b,1,0x01
4472,0x0005e39c,0x67dce39c,-2,0xfe
4473,0x0005e39d,0x67dce39d,0,0x00
4474,0x0005e39e,0x67dce39e,0,0x00
4475,0x0005e39f,0x67dce39f,1,0x01
4476,0x0005e3a0,0x67dce3a0,-1,0xff
4477,0x0005e3a1,0x67dce3a1,0,0x00
4478,0x0005e3a2,0x67dce3a2,0,0x00
4479,0x0005e3a3,0x67dce3a3,0,0x00
4480,0x0005e3a4,0x67dce3a4,2,0x02
4481,0x0005e3a5,0x67dce3a5,1,0x01
4482,0x0005e3a6,0x67dce3a6,1,0x01
4483,0x0005e3a7,0x67dce3a7,0,0x00
4484,0x0005e3a8,0x67dce3a8,2,0x02
4485,0x0005e3a9,0x67dce3a9,1,0x01
4486,0x0005e3aa,0x67dce3aa,1,0x01
4487,0x0005e3ab,0x67dce3ab,1,0x01
4488,0x0005e3ac,0x67dce3ac,1,0x01
4489,0x0005e3ad,0x67dce3ad,1,0x01
4490,0x0005e3ae,0x67dce3ae,1,0x01
4491,0x0005e3af,0x67dce3af,1,0x01
4492,0x0005e3b0,0x67dce3b0,0,0x00
4493,0x0005e3b1,0x67dce3b1,0,0x00
4494,0x0005e3b2,0x67dce3b2,0,0x00
4495,0x0005e3b3,0x67dce3b3,0,0x00
4496,0x0005e3b4,0x67dce3b4,-2,0xfe
4497,0x0005e3b5,0x67dce3b5,0,0x00
4498,0x0005e3b6,0x67dce3b6,0,0x00
4499,0x0005e3b7,0x67dce3b7,0,0x00
4500,0x0005e3b8,0x67dce3b8,-2,0xfe
4501,0x0005e3b9,0x67dce3b9,0,0x00
4502,0x0005e3ba,0x67dce3ba,0,0x00
4503,0x0005e3bb,0x67dce3bb,0,0x00
4504,0x0005e3bc,0x67dce3bc,-3,0xfd
4505,0x0005e3bd,0x67dce3bd,0,0x00
4506,0x0005e3be,0x67dce3be,1,0x01
4507,0x0005e3bf,0x67dce3bf,1,0x01
4508,0x0005e3c0,0x67dce3c0,-5,0xfb
4509,0x0005e3c1,0x67dce3c1,-2,0xfe
4510,0x0005e3c2,0x67dce3c2,0,0x00
4511,0x0005e3c3,0x67dce3c3,1,0x01
4512,0x0005e3c4,0x67dce3c4,0,0x00
4513,0x0005e3c5,0x67dce3c5,-1,0xff
4514,0x0005e3c6,0x67dce3c6,-1,0xff
4515,0x0005e3c7,0x67dce3c7,0,0x00
4516,0x0005e3c8,0x67dce3c8,0,0x00
4517,0x0005e3c9,0x67dce3c9,0,0x00
4518,0x0005e3ca,0x67dce3ca,-1,0xff
4519,0x0005e3cb,0x67dce3cb,-1,0xff
4520,0x0005e3cc,0x67dce3cc,1,0x01
4521,0x0005e3cd,0x67dce3cd,1,0x01
4522,0x0005e3ce,0x67dce3ce,0,0x00
4523,0x0005e3cf,0x67dce3cf,1,0x01
4524,0x0005e3d0,0x67dce3d0,2,0x02
4525,0x0005e3d1,0x67dce3d1,2,0x02
4526,0x0005e3d2,0x67dce3d2,1,0x01
4527,0x0005e3d3,0x67dce3d3,2,0x02
4528,0x0005e3d4,0x67dce3d4,-2,0xfe
4529,0x0005e3d5,0x67dce3d5,-1,0xff
4530,0x0005e3d6,0x67dce3d6,-1,0xff
4531,0x0005e3d7,0x67dce3d7,0,0x00
4532,0x0005e3d8,0x67dce3d8,0,0x00
4533,0x0005e3d9,0x67dce3d9,0,0x00
4534,0x0005e3da,0x67dce3da,1,0x01
4535,0x0005e3db,0x67dce3db,1,0x01
4536,0x0005e3dc,0x67dce3dc,0,0x00
4537,0x0005e3dd,0x67dce3dd,0,0x00
4538,0x0005e3de,0x67dce3de,1,0x01
4539,0x0005e3df,0x67dce3df,0,0x00
4540,0x0005e3e0,0x67dce3e0,-1,0xff
4541,0x0005e3e1,0x67dce3e1,-1,0xff
4542,0x0005e3e2,0x67dce3e2,-1,0xff
4543,0x0005e3e3,0x67dce3e3,-1,0xff
4544,0x0005e3e4,0x67dce3e4,0,0x00
4545,0x0005e3e5,0x67dce3e5,1,0x01
4546,0x0005e3e6,0x67dce3e6,2,0x02
4547,0x0005e3e7,0x67dce3e7,3,0x03
4548,0x0005e3e8,0x67dce3e8,0,0x00
4549,0x0005e3e9,0x67dce3e9,0,0x00
4550,0x0005e3ea,0x67dce3ea,1,0x01
4551,0x0005e3eb,0x67dce3eb,2,0x02
4552,0x0005e3ec,0x67dce3ec,-1,0xff
4553,0x0005e3ed,0x67dce3ed,-1,0xff
4554,0x0005e3ee,0x67dce3ee,0,0x00
4555,0x0005e3ef,0x67dce3ef,1,0x01
4556,0x0005e3f0,0x67dce3f0,-2,0xfe
4557,0x0005e3f1,0x67dce3f1,-2,0xfe
4558,0x0005e3f2,0x67dce3f2,-1,0xff
4559,0x0005e3f3,0x67dce3f3,0,0x00
4560,0x0005e3f4,0x67dce3f4,-2,0xfe
4561,0x0005e3f5,0x67dce3f5,-2,0xfe
4562,0x0005e3f6,0x67dce3f6,-2,0xfe
4563,0x0005e3f7,0x67dce3f7,-2,0xfe
4564,0x0005e3f8,0x67dce3f8,0,0x00
4565,0x0005e3f9,0x67dce3f9,0,0x00
4566,0x0005e3fa,0x67dce3fa,0,0x00
4567,0x0005e3fb,0x67dce3fb,-1,0xff
4568,0x0005e3fc,0x67dce3fc,2,0x02
4569,0x0005e3fd,0x67dce3fd,1,0x01
4570,0x0005e3fe,0x67dce3fe,0,0x00
4571,0x0005e3ff,0x67dce3ff,0,0x00
4572,0x0005e400,0x67dce400,2,0x02
4573,0x0005e401,0x67dce401,1,0x01
4574,0x0005e402,0x67dce402,0,0x00
4575,0x0005e403,0x67dce403,-1,0xff
4576,0x0005e404,0x67dce404,-2,0xfe
4577,0x0005e405,0x67dce405,-1,0xff
4578,0x0005e406,0x67dce406,0,0x00
4579,0x0005e407,0x67dce407,1,0x01
4580,0x0005e408,0x67dce408,0,0x00
4581,0x0005e409,0x67dce409,1,0x01
4582,0x0005e40a,0x67dce40a,2,0x02
4583,0x0005e40b,0x67dce40b,2,0x02
4584,0x0005e40c,0x67dce40c,0,0x00
4585,0x0005e40d,0x67dce40d,1,0x01
4586,0x0005e40e,0x67dce40e,2,0x02
4587,0x0005e40f,0x67dce40f,2,0x02
4588,0x0005e410,0x67dce410,-1,0xff
4589,0x0005e411,0x67dce411,-1,0xff
4590,0x0005e412,0x67dce412,0,0x00
4591,0x0005e413,0x67dce413,0,0x00
4592,0x0005e414,0x67dce414,0,0x00
4593,0x0005e415,0x67dce415,1,0x01
4594,0x0005e416,0x67dce416,1,0x01
4595,0x0005e417,0x67dce417,1,0x01
4596,0x0005e418,0x67dce418,-1,0xff
4597,0x0005e419,0x67dce419,-1,0xff
4598,0x0005e41a,0x67dce41a,0,0x00
4599,0x0005e41b,0x67dce41b,1,0x01
4600,0x0005e41c,0x67dce41c,-2,0xfe
4601,0x0005e41d,0x67dce41d,-1,0xff
4602,0x0005e41e,0x67dce41e,0,0x00
4603,0x0005e41f,0x67dce41f,0,0x00
4604,0x0005e420,0x67dce420,-1,0xff
4605,0x0005e421,0x67dce421,0,0x00
4606,0x0005e422,0x67dce422,0,0x00
4607,0x0005e423,0x67dce423,0,0x00
4608,0x0005e424,0x67dce424,1,0x01
4609,0x0005e425,0x67dce425,1,0x01
4610,0x0005e426,0x67dce426,-1,0xff
4611,0x0005e427,0x67dce427,-4,0xfc
4612,0x0005e428,0x67dce428,1,0x01
4613,0x0005e429,0x67dce429,1,0x01
4614,0x0005e42a,0x67dce42a,0,0x00
4615,0x0005e42b,0x67dce42b,-3,0xfd
4616,0x0005e42c,0x67dce42c,1,0x01
4617,0x0005e42d,0x67dce42d,2,0x02
4618,0x0005e42e,0x67dce42e,2,0x02
4619,0x0005e42f,0x67dce42f,-2,0xfe
4620,0x0005e430,0x67dce430,0,0x00
4621,0x0005e431,0x67dce431,2,0x02
4622,0x0005e432,0x67dce432,3,0x03
4623,0x0005e433,0x67dce433,-1,0xff
4624,0x0005e434,0x67dce434,-1,0xff
4625,0x0005e435,0x67dce435,0,0x00
4626,0x0005e436,0x67dce436,0,0x00
4627,0x0005e437,0x67dce437,0,0x00
4628,0x0005e438,0x67dce438,0,0x00
4629,0x0005e439,0x67dce439,0,0x00
4630,0x0005e43a,0x67dce43a,-1,0xff
4631,0x0005e43b,0x67dce43b,-2,0xfe
4632,0x0005e43c,0x67dce43c,0,0x00
4633,0x0005e43d,0x67dce43d,0,0x00
4634,0x0005e43e,0x67dce43e,-1,0xff
4635,0x0005e43f,0x67dce43f,-2,0xfe
4636,0x0005e440,0x67dce440,0,0x00
4637,0x0005e441,0x67dce441,0,0x00
4638,0x0005e442,0x67dce442,-1,0xff
4639,0x0005e443,0x67dce443,-2,0xfe
4640,0x0005e444,0x67dce444,0,0x00
4641,0x0005e445,0x67dce445,1,0x01
4642,0x0005e446,0x67dce446,2,0x02
4643,0x0005e447,0x67dce447,0,0x00
4644,0x0005e448,0x67dce448,-1,0xff
4645,0x0005e449,0x67dce449,1,0x01
4646,0x0005e44a,0x67dce44a,1,0x01
4647,0x0005e44b,0x67dce44b,0,0x00
4648,0x0005e44c,0x67dce44c,-2,0xfe
4649,0x0005e44d,0x67dce44d,0,0x00
4650,0x0005e44e,0x67dce44e,2,0x02
4651,0x0005e44f,0x67dce44f,1,0x01
4652,0x0005e450,0x67dce450,-1,0xff
4653,0x0005e451,0x67dce451,1,0x01
4654,0x0005e452,0x67dce452,2,0x02
4655,0x0005e453,0x67dce453,2,0x02
4656,0x0005e454,0x67dce454,1,0x01
4657,0x0005e455,0x67dce455,0,0x00
4658,0x0005e456,0x67dce456,0,0x00
4659,0x0005e457,0x67dce457,0,0x00
4660,0x0005e458,0x67dce458,0,0x00
4661,0x0005e459,0x67dce459,0,0x00
4662,0x0005e45a,0x67dce45a,1,0x01
4663,0x0005e45b,0x67dce45b,0,0x00
4664,0x0005e45c,0x67dce45c,0,0x00
4665,0x0005e45d,0x67dce45d,-1,0xff
4666,0x0005e45e,0x67dce45e,1,0x01
4667,0x0005e45f,0x67dce45f,1,0x01
4668,0x0005e460,0x67dce460,0,0x00
4669,0x0005e461,0x67dce461,-1,0xff
4670,0x0005e462,0x67dce462,1,0x01
4671,0x0005e463,0x67dce463,1,0x01
4672,0x0005e464,0x67dce464,-2,0xfe
4673,0x0005e465,0x67dce465,-3,0xfd
4674,0x0005e466,0x67dce466,-2,0xfe
4675,0x0005e467,0x67dce467,-3,0xfd
4676,0x0005e468,0x67dce468,-2,0xfe
4677,0x0005e469,0x67dce469,-2,0xfe
4678,0x0005e46a,0x67dce46a,-1,0xff
4679,0x0005e46b,0x67dce46b,-1,0xff
4680,0x0005e46c,0x67dce46c,-1,0xff
4681,0x0005e46d,0x67dce46d,-1,0xff
4682,0x0005e46e,0x67dce46e,0,0x00
4683,0x0005e46f,0x67dce46f,0,0x00
4684,0x0005e470,0x67dce470,-1,0xff
4685,0x0005e471,0x67dce471,-1,0xff
4686,0x0005e472,0x67dce472,0,0x00
4687,0x0005e473,0x67dce473,0,0x00
4688,0x0005e474,0x67dce474,0,0x00
4689,0x0005e475,0x67dce475,1,0x01
4690,0x0005e476,0x67dce476,2,0x02
4691,0x0005e477,0x67dce477,1,0x01
4692,0x0005e478,0x67dce478,1,0x01
4693,0x0005e479,0x67dce479,2,0x02
4694,0x0005e47a,0x67dce47a,3,0x03
4695,0x0005e47b,0x67dce47b,2,0x02
4696,0x0005e47c,0x67dce47c,-1,0xff
4697,0x0005e47d,0x67dce47d,0,0x00
4698,0x0005e47e,0x67dce47e,2,0x02
4699,0x0005e47f,0x67dce47f,1,0x01
4700,0x0005e480,0x67dce480,-2,0xfe
4701,0x0005e481,0x67dce481,-1,0xff
4702,0x0005e482,0x67dce482,0,0x00
4703,0x0005e483,0x67dce483,0,0x00
4704,0x0005e484,0x67dce484,-1,0xff
4705,0x0005e485,0x67dce485,-1,0xff
4706,0x0005e486,0x67dce486,0,0x00
4707,0x0005e487,0x67dce487,1,0x01
4708,0x0005e488,0x67dce488,0,0x00
4709,0x0005e489,0x67dce489,0,0x00
4710,0x0005e48a,0x67dce48a,1,0x01
4711,0x0005e48b,0x67dce48b,2,0x02
4712,0x0005e48c,0x67dce48c,0,0x00
4713,0x0005e48d,0x67dce48d,0,0x00
4714,0x0005e48e,0x67dce48e,2,0x02
4715,0x0005e48f,0x67dce48f,3,0x03
4716,0x0005e490,0x67dce490,-1,0xff
4717,0x0005e491,0x67dce491,0,0x00
4718,0x0005e492,0x67dce492,1,0x01
4719,0x0005e493,0x67dce493,2,0x02
4720,0x0005e494,0x67dce494,1,0x01
4721,0x0005e495,0x67dce495,1,0x01
4722,0x0005e496,0x67dce496,0,0x00
4723,0x0005e497,0x67dce497,-1,0xff
4724,0x0005e498,0x67dce498,1,0x01
4725,0x0005e499,0x67dce499,1,0x01
4726,0x0005e49a,0x67dce49a,1,0x01
4727,0x0005e49b,0x67dce49b,-1,0xff
4728,0x0005e49c,0x67dce49c,1,0x01
4729,0x0005e49d,0x67dce49d,1,0x01
4730,0x0005e49e,0x67dce49e,1,0x01
4731,0x0005e49f,0x67dce49f,-1,0xff
4732,0x0005e4a0,0x67dce4a0,0,0x00
4733,0x0005e4a1,0x67dce4a1,0,0x00
4734,0x0005e4a2,0x67dce4a2,0,0x00
4735,0x0005e4a3,0x67dce4a3,0,0x00
4736,0x0005e4a4,0x67dce4a4,-2,0xfe
4737,0x0005e4a5,0x67dce4a5,-2,0xfe
4738,0x0005e4a6,0x67dce4a6,-1,0xff
4739,0x0005e4a7,0x67dce4a7,1,0x01
4740,0x0005e4a8,0x67dce4a8,-2,0xfe
4741,0x0005e4a9,0x67dce4a9,-2,0xfe
4742,0x0005e4aa,0x67dce4aa,0,0x00
4743,0x0005e4ab,0x67dce4ab,2,0x02
4744,0x0005e4ac,0x67dce4ac,-1,0xff
4745,0x0005e4ad,0x67dce4ad,-1,0xff
4746,0x0005e4ae,0x67dce4ae,0,0x00
4747,0x0005e4af,0x67dce4af,2,0x02
4748,0x0005e4b0,0x67dce4b0,0,0x00
4749,0x0005e4b1,0x67dce4b1,0,0x00
4750,0x0005e4b2,0x67dce4b2,1,0x01
4751,0x0005e4b3,0x67dce4b3,2,0x02
4752,0x0005e4b4,0x67dce4b4,-1,0xff
4753,0x0005e4b5,0x67dce4b5,-1,0xff
4754,0x0005e4b6,0x67dce4b6,-1,0xff
4755,0x0005e4b7,0x67dce4b7,0,0x00
4756,0x0005e4b8,0x67dce4b8,-1,0xff
4757,0x0005e4b9,0x67dce4b9,-2,0xfe
4758,0x0005e4ba,0x67dce4ba,-1,0xff
4759,0x0005e4bb,0x67dce4bb,1,0x01
4760,0x0005e4bc,0x67dce4bc,-1,0xff
4761,0x0005e4bd,0x67dce4bd,-2,0xfe
4762,0x0005e4be,0x67dce4be,-1,0xff
4763,0x0005e4bf,0x67dce4bf,1,0x01
4764,0x0005e4c0,0x67dce4c0,-1,0xff
4765,0x0005e4c1,0x67dce4c1,-2,0xfe
4766,0x0005e4c2,0x67dce4c2,-1,0xff
4767,0x0005e4c3,0x67dce4c3,2,0x02
4768,0x0005e4c4,0x67dce4c4,0,0x00
4769,0x0005e4c5,0x67dce4c5,0,0x00
4770,0x0005e4c6,0x67dce4c6,1,0x01
4771,0x0005e4c7,0x67dce4c7,2,0x02
4772,0x0005e4c8,0x67dce4c8,1,0x01
4773,0x0005e4c9,0x67dce4c9,1,0x01
4774,0x0005e4ca,0x67dce4ca,0,0x00
4775,0x0005e4cb,0x67dce4cb,0,0x00
4776,0x0005e4cc,0x67dce4cc,2,0x02
4777,0x0005e4cd,0x67dce4cd,2,0x02
4778,0x0005e4ce,0x67dce4ce,0,0x00
4779,0x0005e4cf,0x67dce4cf,-1,0xff
4780,0x0005e4d0,0x67dce4d0,2,0x02
4781,0x0005e4d1,0x67dce4d1,2,0x02
4782,0x0005e4d2,0x67dce4d2,0,0x00
4783,0x0005e4d3,0x67dce4d3,-1,0xff
4784,0x0005e4d4,0x67dce4d4,-1,0xff
4785,0x0005e4d5,0x67dce4d5,-1,0xff
4786,0x0005e4d6,0x67dce4d6,-1,0xff
4787,0x0005e4d7,0x67dce4d7,-2,0xfe
4788,0x0005e4d8,0x67dce4d8,0,0x00
4789,0x0005e4d9,0x67dce4d9,0,0x00
4790,0x0005e4da,0x67dce4da,-1,0xff
4791,0x0005e4db,0x67dce4db,-1,0xff
4792,0x0005e4dc,0x67dce4dc,1,0x01
4793,0x0005e4dd,0x67dce4dd,0,0x00
4794,0x0005e4de,0x67dce4de,0,0x00
4795,0x0005e4df,0x67dce4df,0,0x00
4796,0x0005e4e0,0x67dce4e0,1,0x01
4797,0x0005e4e1,0x67dce4e1,1,0x01
4798,0x0005e4e2,0x67dce4e2,0,0x00
4799,0x0005e4e3,0x67dce4e3,0,0x00
4800,0x0005e4e4,0x67dce4e4,-1,0xff
4801,0x0005e4e5,0x67dce4e5,-1,0xff
4802,0x0005e4e6,0x67dce4e6,0,0x00
4803,0x0005e4e7,0x67dce4e7,1,0x01
4804,0x0005e4e8,0x67dce4e8,-1,0xff
4805,0x0005e4e9,0x67dce4e9,0,0x00
4806,0x0005e4ea,0x67dce4ea,1,0x01
4807,0x0005e4eb,0x67dce4eb,2,0x02
4808,0x0005e4ec,0x67dce4ec,0,0x00
4809,0x0005e4ed,0x67dce4ed,1,0x01
4810,0x0005e4ee,0x67dce4ee,1,0x01
4811,0x0005e4ef,0x67dce4ef,2,0x02
4812,0x0005e4f0,0x67dce4f0,1,0x01
4813,0x0005e4f1,0x67dce4f1,1,0x01
4814,0x0005e4f2,0x67dce4f2,1,0x01
4815,0x0005e4f3,0x67dce4f3,1,0x01
4816,0x0005e4f4,0x67dce4f4,1,0x01
4817,0x0005e4f5,0x67dce4f5,1,0x01
4818,0x0005e4f6,0x67dce4f6,0,0x00
4819,0x0005e4f7,0x67dce4f7,1,0x01
4820,0x0005e4f8,0x67dce4f8,1,0x01
4821,0x0005e4f9,0x67dce4f9,1,0x01
4822,0x0005e4fa,0x67dce4fa,1,0x01
4823,0x0005e4fb,0x67dce4fb,1,0x01
4824,0x0005e4fc,0x67dce4fc,1,0x01
4825,0x0005e4fd,0x67dce4fd,2,0x02
4826,0x0005e4fe,0x67dce4fe,1,0x01
4827,0x0005e4ff,0x67dce4ff,0,0x00
4828,0x0005e500,0x67dce500,2,0x02
4829,0x0005e501,0x67dce501,2,0x02
4830,0x0005e502,0x67dce502,1,0x01
4831,0x0005e503,0x67dce503,0,0x00
4832,0x0005e504,0x67dce504,1,0x01
4833,0x0005e505,0x67dce505,0,0x00
4834,0x0005e506,0x67dce506,1,0x01
4835,0x0005e507,0x67dce507,1,0x01
4836,0x0005e508,0x67dce508,0,0x00
4837,0x0005e509,0x67dce509,-1,0xff
4838,0x0005e50a,0x67dce50a,-1,0xff
4839,0x0005e50b,0x67dce50b,-1,0xff
4840,0x0005e50c,0x67dce50c,-1,0xff
4841,0x0005e50d,0x67dce50d,-2,0xfe
4842,0x0005e50e,0x67dce50e,-2,0xfe
4843,0x0005e50f,0x67dce50f,-3,0xfd
4844,0x0005e510,0x67dce510,-2,0xfe
4845,0x0005e511,0x67dce511,-3,0xfd
4846,0x0005e512,0x67dce512,-4,0xfc
4847,0x0005e513,0x67dce513,-4,0xfc
4848,0x0005e514,0x67dce514,-4,0xfc
4849,0x0005e515,0x67dce515,-2,0xfe
4850,0x0005e516,0x67dce516,1,0x01
4851,0x0005e517,0x67dce517,1,0x01
4852,0x0005e518,0x67dce518,-2,0xfe
4853,0x0005e519,0x67dce519,0,0x00
4854,0x0005e51a,0x67dce51a,1,0x01
4855,0x0005e51b,0x67dce51b,0,0x00
4856,0x0005e51c,0x67dce51c,0,0x00
4857,0x0005e51d,0x67dce51d,1,0x01
4858,0x0005e51e,0x67dce51e,1,0x01
4859,0x0005e51f,0x67dce51f,-2,0xfe
4860,0x0005e520,0x67dce520,2,0x02
4861,0x0005e521,0x67dce521,2,0x02
4862,0x0005e522,0x67dce522,1,0x01
4863,0x0005e523,0x67dce523,-2,0xfe
4864,0x0005e524,0x67dce524,1,0x01
4865,0x0005e525,0x67dce525,1,0x01
4866,0x0005e526,0x67dce526,0,0x00
4867,0x0005e527,0x67dce527,0,0x00
4868,0x0005e528,0x67dce528,0,0x00
4869,0x0005e529,0x67dce529,0,0x00
4870,0x0005e52a,0x67dce52a,0,0x00
4871,0x0005e52b,0x67dce52b,0,0x00
4872,0x0005e52c,0x67dce52c,-2,0xfe
4873,0x0005e52d,0x67dce52d,-1,0xff
4874,0x0005e52e,0x67dce52e,0,0x00
4875,0x0005e52f,0x67dce52f,1,0x01
4876,0x0005e530,0x67dce530,-2,0xfe
4877,0x0005e531,0x67dce531,-1,0xff
4878,0x0005e532,0x67dce532,1,0x01
4879,0x0005e533,0x67dce533,2,0x02
4880,0x0005e534,0x67dce534,1,0x01
4881,0x0005e535,0x67dce535,2,0x02
4882,0x0005e536,0x67dce536,1,0x01
4883,0x0005e537,0x67dce537,-2,0xfe
4884,0x0005e538,0x67dce538,-1,0xff
4885,0x0005e539,0x67dce539,1,0x01
4886,0x0005e53a,0x67dce53a,1,0x01
4887,0x0005e53b,0x67dce53b,-1,0xff
4888,0x0005e53c,0x67dce53c,-2,0xfe
4889,0x0005e53d,0x67dce53d,0,0x00
4890,0x0005e53e,0x67dce53e,1,0x01
4891,0x0005e53f,0x67dce53f,1,0x01
4892,0x0005e540,0x67dce540,-2,0xfe
4893,0x0005e541,0x67dce541,0,0x00
4894,0x0005e542,0x67dce542,2,0x02
4895,0x0005e543,0x67dce543,2,0x02
4896,0x0005e544,0x67dce544,-2,0xfe
4897,0x0005e545,0x67dce545,-1,0xff
4898,0x0005e546,0x67dce546,1,0x01
4899,0x0005e547,0x67dce547,2,0x02
4900,0x0005e548,0x67dce548,-1,0xff
4901,0x0005e549,0x67dce549,-1,0xff
4902,0x0005e54a,0x67dce54a,0,0x00
4903,0x0005e54b,0x67dce54b,1,0x01
4904,0x0005e54c,0x67dce54c,0,0x00
4905,0x0005e54d,0x67dce54d,-1,0xff
4906,0x0005e54e,0x67dce54e,-1,0xff
4907,0x0005e54f,0x67dce54f,0,0x00
4908,0x0005e550,0x67dce550,1,0x01
4909,0x0005e551,0x67dce551,-1,0xff
4910,0x0005e552,0x67dce552,-1,0xff
4911,0x0005e553,0x67dce553,0,0x00
4912,0x0005e554,0x67dce554,1,0x01
4913,0x0005e555,0x67dce555,1,0x01
4914,0x0005e556,0x67dce556,0,0x00
4915,0x0005e557,0x67dce557,0,0x00
4916,0x0005e558,0x67dce558,-2,0xfe
4917,0x0005e559,0x67dce559,-3,0xfd
4918,0x0005e55a,0x67dce55a,-3,0xfd
4919,0x0005e55b,0x67dce55b,-2,0xfe
4920,0x0005e55c,0x67dce55c,-3,0xfd
4921,0x0005e55d,0x67dce55d,-4,0xfc
4922,0x0005e55e,0x67dce55e,-3,0xfd
4923,0x0005e55f,0x67dce55f,-2,0xfe
4924,0x0005e560,0x67dce560,-1,0xff
4925,0x0005e561,0x67dce561,-1,0xff
4926,0x0005e562,0x67dce562,0,0x00
4927,0x0005e563,0x67dce563,1,0x01
4928,0x0005e564,0x67dce564,0,0x00
4929,0x0005e565,0x67dce565,1,0x01
4930,0x0005e566,0x67dce566,0,0x00
4931,0x0005e567,0x67dce567,0,0x00
4932,0x0005e568,0x67dce568,-2,0xfe
4933,0x0005e569,0x67dce569,-1,0xff
4934,0x0005e56a,0x67dce56a,0,0x00
4935,0x0005e56b,0x67dce56b,0,0x00
4936,0x0005e56c,0x67dce56c,-1,0xff
4937,0x0005e56d,0x67dce56d,0,0x00
4938,0x0005e56e,0x67dce56e,0,0x00
4939,0x0005e56f,0x67dce56f,0,0x00
4940,0x0005e570,0x67dce570,2,0x02
4941,0x0005e571,0x67dce571,3,0x03
4942,0x0005e572,0x67dce572,2,0x02
4943,0x0005e573,0x67dce573,1,0x01
4944,0x0005e574,0x67dce574,0,0x00
4945,0x0005e575,0x67dce575,1,0x01
4946,0x0005e576,0x67dce576,2,0x02
4947,0x0005e577,0x67dce577,3,0x03
4948,0x0005e578,0x67dce578,1,0x01
4949,0x0005e579,0x67dce579,1,0x01
4950,0x0005e57a,0x67dce57a,1,0x01
4951,0x0005e57b,0x67dce57b,2,0x02
4952,0x0005e57c,0x67dce57c,0,0x00
4953,0x0005e57d,0x67dce57d,0,0x00
4954,0x0005e57e,0x67dce57e,0,0x00
4955,0x0005e57f,0x67dce57f,0,0x00
4956,0x0005e580,0x67dce580,0,0x00
4957,0x0005e581,0x67dce581,-1,0xff
4958,0x0005e582,0x67dce582,-1,0xff
4959,0x0005e583,0x67dce583,0,0x00
4960,0x0005e584,0x67dce584,3,0x03
4961,0x0005e585,0x67dce585,3,0x03
4962,0x0005e586,0x67dce586,2,0x02
4963,0x0005e587,0x67dce587,1,0x01
4964,0x0005e588,0x67dce588,1,0x01
4965,0x0005e589,0x67dce589,0,0x00
4966,0x0005e58a,0x67dce58a,0,0x00
4967,0x0005e58b,0x67dce58b,-1,0xff
4968,0x0005e58c,0x67dce58c,-1,0xff
4969,0x0005e58d,0x67dce58d,-1,0xff
4970,0x0005e58e,0x67dce58e,-1,0xff
4971,0x0005e58f,0x67dce58f,-1,0xff
4972,0x0005e590,0x67dce590,0,0x00
4973,0x0005e591,0x67dce591,0,0x00
4974,0x0005e592,0x67dce592,0,0x00
4975,0x0005e593,0x67dce593,0,0x00
4976,0x0005e594,0x67dce594,1,0x01
4977,0x0005e595,0x67dce595,1,0x01
4978,0x0005e596,0x67dce596,0,0x00
4979,0x0005e597,0x67dce597,0,0x00
4980,0x0005e598,0x67dce598,0,0x00
4981,0x0005e599,0x67dce599,0,0x00
4982,0x0005e59a,0x67dce59a,1,0x01
4983,0x0005e59b,0x67dce59b,0,0x00
4984,0x0005e59c,0x67dce59c,-2,0xfe
4985,0x0005e59d,0x67dce59d,-1,0xff
4986,0x0005e59e,0x67dce59e,0,0x00
4987,0x0005e59f,0x67dce59f,1,0x01
4988,0x0005e5a0,0x67dce5a0,-3,0xfd
4989,0x0005e5a1,0x67dce5a1,-3,0xfd
4990,0x0005e5a2,0x67dce5a2,0,0x00
4991,0x0005e5a3,0x67dce5a3,2,0x02
4992,0x0005e5a4,0x67dce5a4,-1,0xff
4993,0x0005e5a5,0x67dce5a5,-1,0xff
4994,0x0005e5a6,0x67dce5a6,0,0x00
4995,0x0005e5a7,0x67dce5a7,2,0x02
4996,0x0005e5a8,0x67dce5a8,-1,0xff
4997,0x0005e5a9,0x67dce5a9,-1,0xff
4998,0x0005e5aa,0x67dce5aa,1,0x01
4999,0x0005e5ab,0x67dce5ab,1,0x01
5000,0x0005e5ac,0x67dce5ac,1,0x01
5001,0x0005e5ad,0x67dce5ad,1,0x01
5002,0x0005e5ae,0x67dce5ae,1,0x01
5003,0x0005e5af,0x67dce5af,1,0x01
5004,0x0005e5b0,0x67dce5b0,2,0x02
5005,0x0005e5b1,0x67dce5b1,1,0x01
5006,0x0005e5b2,0x67dce5b2,1,0x01
5007,0x0005e5b3,0x67dce5b3,0,0x00
5008,0x0005e5b4,0x67dce5b4,-2,0xfe
5009,0x0005e5b5,0x67dce5b5,-2,0xfe
5010,0x0005e5b6,0x67dce5b6,0,0x00
5011,0x0005e5b7,0x67dce5b7,1,0x01
5012,0x0005e5b8,0x67dce5b8,1,0x01
5013,0x0005e5b9,0x67dce5b9,0,0x00
5014,0x0005e5ba,0x67dce5ba,0,0x00
5015,0x0005e5bb,0x67dce5bb,0,0x00
5016,0x0005e5bc,0x67dce5bc,3,0x03
5017,0x0005e5bd,0x67dce5bd,1,0x01
5018,0x0005e5be,0x67dce5be,-1,0xff
5019,0x0005e5bf,0x67dce5bf,-3,0xfd
5020,0x0005e5c0,0x67dce5c0,4,0x04
5021,0x0005e5c1,0x67dce5c1,2,0x02
5022,0x0005e5c2,0x67dce5c2,-1,0xff
5023,0x0005e5c3,0x67dce5c3,-3,0xfd
5024,0x0005e5c4,0x67dce5c4,1,0x01
5025,0x0005e5c5,0x67dce5c5,1,0x01
5026,0x0005e5c6,0x67dce5c6,0,0x00
5027,0x0005e5c7,0x67dce5c7,0,0x00
5028,0x0005e5c8,0x67dce5c8,0,0x00
5029,0x0005e5c9,0x67dce5c9,0,0x00
5030,0x0005e5ca,0x67dce5ca,-1,0xff
5031,0x0005e5cb,0x67dce5cb,-1,0xff
5032,0x0005e5cc,0x67dce5cc,-2,0xfe
5033,0x0005e5cd,0x67dce5cd,-1,0xff
5034,0x0005e5ce,0x67dce5ce,0,0x00
5035,0x0005e5cf,0x67dce5cf,1,0x01
5036,0x0005e5d0,0x67dce5d0,-3,0xfd
5037,0x0005e5d1,0x67dce5d1,-1,0xff
5038,0x0005e5d2,0x67dce5d2,1,0x01
5039,0x0005e5d3,0x67dce5d3,2,0x02
5040,0x0005e5d4,0x67dce5d4,0,0x00
5041,0x0005e5d5,0x67dce5d5,0,0x00
5042,0x0005e5d6,0x67dce5d6,0,0x00
5043,0x0005e5d7,0x67dce5d7,-1,0xff
5044,0x0005e5d8,0x67dce5d8,1,0x01
5045,0x0005e5d9,0x67dce5d9,2,0x02
5046,0x0005e5da,0x67dce5da,1,0x01
5047,0x0005e5db,0x67dce5db,0,0x00
5048,0x0005e5dc,0x67dce5dc,2,0x02
5049,0x0005e5dd,0x67dce5dd,3,0x03
5050,0x0005e5de,0x67dce5de,3,0x03
5051,0x0005e5df,0x67dce5df,2,0x02
5052,0x0005e5e0,0x67dce5e0,3,0x03
5053,0x0005e5e1,0x67dce5e1,4,0x04
5054,0x0005e5e2,0x67dce5e2,4,0x04
5055,0x0005e5e3,0x67dce5e3,2,0x02
5056,0x0005e5e4,0x67dce5e4,-1,0xff
5057,0x0005e5e5,0x67dce5e5,-1,0xff
5058,0x0005e5e6,0x67dce5e6,-1,0xff
5059,0x0005e5e7,0x67dce5e7,-1,0xff
5060,0x0005e5e8,0x67dce5e8,0,0x00
5061,0x0005e5e9,0x67dce5e9,0,0x00
5062,0x0005e5ea,0x67dce5ea,-1,0xff
5063,0x0005e5eb,0x67dce5eb,-1,0xff
5064,0x0005e5ec,0x67dce5ec,1,0x01
5065,0x0005e5ed,0x67dce5ed,0,0x00
5066,0x0005e5ee,0x67dce5ee,-1,0xff
5067,0x0005e5ef,0x67dce5ef,-1,0xff
5068,0x0005e5f0,0x67dce5f0,1,0x01
5069,0x0005e5f1,0x67dce5f1,0,0x00
5070,0x0005e5f2,0x67dce5f2,-1,0xff
5071,0x0005e5f3,0x67dce5f3,-2,0xfe
5072,0x0005e5f4,0x67dce5f4,3,0x03
5073,0x0005e5f5,0x67dce5f5,3,0x03
5074,0x0005e5f6,0x67dce5f6,2,0x02
5075,0x0005e5f7,0x67dce5f7,1,0x01
5076,0x0005e5f8,0x67dce5f8,1,0x01
5077,0x0005e5f9,0x67dce5f9,1,0x01
5078,0x0005e5fa,0x67dce5fa,0,0x00
5079,0x0005e5fb,0x67dce5fb,-1,0xff
5080,0x0005e5fc,0x67dce5fc,0,0x00
5081,0x0005e5fd,0x67dce5fd,0,0x00
5082,0x0005e5fe,0x67dce5fe,0,0x00
5083,0x0005e5ff,0x67dce5ff,-1,0xff
5084,0x0005e600,0x67dce600,-1,0xff
5085,0x0005e601,0x67dce601,-1,0xff
5086,0x0005e602,0x67dce602,-1,0xff
5087,0x0005e603,0x67dce603,-1,0xff
5088,0x0005e604,0x67dce604,0,0x00
5089,0x0005e605,0x67dce605,-1,0xff
5090,0x0005e606,0x67dce606,-2,0xfe
5091,0x0005e607,0x67dce607,-2,0xfe
5092,0x0005e608,0x67dce608,-1,0xff
5093,0x0005e609,0x67dce609,-2,0xfe
5094,0x0005e60a,0x67dce60a,-2,0xfe
5095,0x0005e60b,0x67dce60b,-3,0xfd
5096,0x0005e60c,0x67dce60c,-1,0xff
5097,0x0005e60d,0x67dce60d,-2,0xfe
5098,0x0005e60e,0x67dce60e,-2,0xfe
5099,0x0005e60f,0x67dce60f,-2,0xfe
5100,0x0005e610,0x67dce610,-1,0xff
5101,0x0005e611,0x67dce611,-2,0xfe
5102,0x0005e612,0x67dce612,-2,0xfe
5103,0x0005e613,0x67dce613,-1,0xff
5104,0x0005e614,0x67dce614,1,0x01
5105,0x0005e615,0x67dce615,2,0x02
5106,0x0005e616,0x67dce616,2,0x02
5107,0x0005e617,0x67dce617,2,0x02
5108,0x0005e618,0x67dce618,0,0x00
5109,0x0005e619,0x67dce619,1,0x01
5110,0x0005e61a,0x67dce61a,1,0x01
5111,0x0005e61b,0x67dce61b,1,0x01
5112,0x0005e61c,0x67dce61c,0,0x00
5113,0x0005e61d,0x67dce61d,0,0x00
5114,0x0005e61e,0x67dce61e,0,0x00
5115,0x0005e61f,0x67dce61f,1,0x01
5116,0x0005e620,0x67dce620,0,0x00
5117,0x0005e621,0x67dce621,0,0x00
5118,0x0005e622,0x67dce622,0,0x00
5119,0x0005e623,0x67dce623,0,0x00
5120,0x0005e624,0x67dce624,2,0x02
5121,0x0005e625,0x67dce625,1,0x01
5122,0x0005e626,0x67dce626,2,0x02
5123,0x0005e627,0x67dce627,2,0x02
5124,0x0005e628,0x67dce628,1,0x01
5125,0x0005e629,0x67dce629,0,0x00
5126,0x0005e62a,0x67dce62a,0,0x00
5127,0x0005e62b,0x67dce62b,0,0x00
5128,0x0005e62c,0x67dce62c,1,0x01
5129,0x0005e62d,0x67dce62d,0,0x00
5130,0x0005e62e,0x67dce62e,-1,0xff
5131,0x0005e62f,0x67dce62f,-2,0xfe
5132,0x0005e630,0x67dce630,1,0x01
5133,0x0005e631,0x67dce631,0,0x00
5134,0x0005e632,0x67dce632,-1,0xff
5135,0x0005e633,0x67dce633,-4,0xfc
5136,0x0005e634,0x67dce634,1,0x01
5137,0x0005e635,0x67dce635,0,0x00
5138,0x0005e636,0x67dce636,0,0x00
5139,0x0005e637,0x67dce637,0,0x00
5140,0x0005e638,0x67dce638,1,0x01
5141,0x0005e639,0x67dce639,0,0x00
5142,0x0005e63a,0x67dce63a,0,0x00
5143,0x0005e63b,0x67dce63b,0,0x00
5144,0x0005e63c,0x67dce63c,1,0x01
5145,0x0005e63d,0x67dce63d,0,0x00
5146,0x0005e63e,0x67dce63e,-1,0xff
5147,0x0005e63f,0x67dce63f,0,0x00
5148,0x0005e640,0x67dce640,0,0x00
5149,0x0005e641,0x67dce641,-1,0xff
5150,0x0005e642,0x67dce642,-1,0xff
5151,0x0005e643,0x67dce643,0,0x00
5152,0x0005e644,0x67dce644,0,0x00
5153,0x0005e645,0x67dce645,0,0x00
5154,0x0005e646,0x67dce646,-2,0xfe
5155,0x0005e647,0x67dce647,-5,0xfb
5156,0x0005e648,0x67dce648,0,0x00
5157,0x0005e649,0x67dce649,0,0x00
5158,0x0005e64a,0x67dce64a,-1,0xff
5159,0x0005e64b,0x67dce64b,-4,0xfc
5160,0x0005e64c,0x67dce64c,0,0x00
5161,0x0005e64d,0x67dce64d,0,0x00
5162,0x0005e64e,0x67dce64e,-1,0xff
5163,0x0005e64f,0x67dce64f,-3,0xfd
5164,0x0005e650,0x67dce650,1,0x01
5165,0x0005e651,0x67dce651,1,0x01
5166,0x0005e652,0x67dce652,1,0x01
5167,0x0005e653,0x67dce653,-1,0xff
5168,0x0005e654,0x67dce654,-2,0xfe
5169,0x0005e655,0x67dce655,-1,0xff
5170,0x0005e656,0x67dce656,0,0x00
5171,0x0005e657,0x67dce657,0,0x00
5172,0x0005e658,0x67dce658,-1,0xff
5173,0x0005e659,0x67dce659,0,0x00
5174,0x0005e65a,0x67dce65a,0,0x00
5175,0x0005e65b,0x67dce65b,0,0x00
5176,0x0005e65c,0x67dce65c,0,0x00
5177,0x0005e65d,0x67dce65d,1,0x01
5178,0x0005e65e,0x67dce65e,1,0x01
5179,0x0005e65f,0x67dce65f,0,0x00
5180,0x0005e660,0x67dce660,0,0x00
5181,0x0005e661,0x67dce661,1,0x01
5182,0x0005e662,0x67dce662,1,0x01
5183,0x0005e663,0x67dce663,0,0x00
5184,0x0005e664,0x67dce664,-1,0xff
5185,0x0005e665,0x67dce665,-1,0xff
5186,0x0005e666,0x67dce666,-1,0xff
5187,0x0005e667,0x67dce667,-2,0xfe
5188,0x0005e668,0x67dce668,-1,0xff
5189,0x0005e669,0x67dce669,-1,0xff
5190,0x0005e66a,0x67dce66a,-2,0xfe
5191,0x0005e66b,0x67dce66b,-2,0xfe
5192,0x0005e66c,0x67dce66c,-1,0xff
5193,0x0005e66d,0x67dce66d,-1,0xff
5194,0x0005e66e,0x67dce66e,-1,0xff
5195,0x0005e66f,0x67dce66f,-2,0xfe
5196,0x0005e670,0x67dce670,0,0x00
5197,0x0005e671,0x67dce671,0,0x00
5198,0x0005e672,0x67dce672,-1,0xff
5199,0x0005e673,0x67dce673,-1,0xff
5200,0x0005e674,0x67dce674,0,0x00
5201,0x0005e675,0x67dce675,1,0x01
5202,0x0005e676,0x67dce676,0,0x00
5203,0x0005e677,0x67dce677,0,0x00
5204,0x0005e678,0x67dce678,1,0x01
5205,0x0005e679,0x67dce679,1,0x01
5206,0x0005e67a,0x67dce67a,0,0x00
5207,0x0005e67b,0x67dce67b,0,0x00
5208,0x0005e67c,0x67dce67c,1,0x01
5209,0x0005e67d,0x67dce67d,1,0x01
5210,0x0005e67e,0x67dce67e,0,0x00
5211,0x0005e67f,0x67dce67f,0,0x00
5212,0x0005e680,0x67dce680,1,0x01
5213,0x0005e681,0x67dce681,1,0x01
5214,0x0005e682,0x67dce682,0,0x00
5215,0x0005e683,0x67dce683,-1,0xff
5216,0x0005e684,0x67dce684,1,0x01
5217,0x0005e685,0x67dce685,1,0x01
5218,0x0005e686,0x67dce686,1,0x01
5219,0x0005e687,0x67dce687,0,0x00
5220,0x0005e688,0x67dce688,1,0x01
5221,0x0005e689,0x67dce689,2,0x02
5222,0x0005e68a,0x67dce68a,2,0x02
5223,0x0005e68b,0x67dce68b,1,0x01
5224,0x0005e68c,0x67dce68c,1,0x01
5225,0x0005e68d,0x67dce68d,2,0x02
5226,0x0005e68e,0x67dce68e,2,0x02
5227,0x0005e68f,0x67dce68f,1,0x01
5228,0x0005e690,0x67dce690,0,0x00
5229,0x0005e691,0x67dce691,1,0x01
5230,0x0005e692,0x67dce692,1,0x01
5231,0x0005e693,0x67dce693,0,0x00
5232,0x0005e694,0x67dce694,4,0x04
5233,0x0005e695,0x67dce695,2,0x02
5234,0x0005e696,0x67dce696,1,0x01
5235,0x0005e697,0x67dce697,0,0x00
5236,0x0005e698,0x67dce698,4,0x04
5237,0x0005e699,0x67dce699,2,0x02
5238,0x0005e69a,0x67dce69a,1,0x01
5239,0x0005e69b,0x67dce69b,0,0x00
5240,0x0005e69c,0x67dce69c,3,0x03
5241,0x0005e69d,0x67dce69d,1,0x01
5242,0x0005e69e,0x67dce69e,0,0x00
5243,0x0005e69f,0x67dce69f,0,0x00
5244,0x0005e6a0,0x67dce6a0,1,0x01
5245,0x0005e6a1,0x67dce6a1,0,0x00
5246,0x0005e6a2,0x67dce6a2,0,0x00
5247,0x0005e6a3,0x67dce6a3,-1,0xff
5248,0x0005e6a4,0x67dce6a4,0,0x00
5249,0x0005e6a5,0x67dce6a5,1,0x01
5250,0x0005e6a6,0x67dce6a6,1,0x01
5251,0x0005e6a7,0x67dce6a7,1,0x01
5252,0x0005e6a8,0x67dce6a8,0,0x00
5253,0x0005e6a9,0x67dce6a9,0,0x00
5254,0x0005e6aa,0x67dce6aa,0,0x00
5255,0x0005e6ab,0x67dce6ab,1,0x01
5256,0x0005e6ac,0x67dce6ac,-1,0xff
5257,0x0005e6ad,0x67dce6ad,-1,0xff
5258,0x0005e6ae,0x67dce6ae,-1,0xff
5259,0x0005e6af,0x67dce6af,0,0x00
5260,0x0005e6b0,0x67dce6b0,-1,0xff
5261,0x0005e6b1,0x67dce6b1,-2,0xfe
5262,0x0005e6b2,0x67dce6b2,-1,0xff
5263,0x0005e6b3,0x67dce6b3,0,0x00
5264,0x0005e6b4,0x67dce6b4,0,0x00
5265,0x0005e6b5,0x67dce6b5,0,0x00
5266,0x0005e6b6,0x67dce6b6,0,0x00
5267,0x0005e6b7,0x67dce6b7,0,0x00
5268,0x0005e6b8,0x67dce6b8,-1,0xff
5269,0x0005e6b9,0x67dce6b9,-1,0xff
5270,0x0005e6ba,0x67dce6ba,0,0x00
5271,0x0005e6bb,0x67dce6bb,0,0x00
5272,0x0005e6bc,0x67dce6bc,-2,0xfe
5273,0x0005e6bd,0x67dce6bd,-1,0xff
5274,0x0005e6be,0x67dce6be,0,0x00
5275,0x0005e6bf,0x67dce6bf,-1,0xff
5276,0x0005e6c0,0x67dce6c0,-2,0xfe
5277,0x0005e6c1,0x67dce6c1,-2,0xfe
5278,0x0005e6c2,0x67dce6c2,-1,0xff
5279,0x0005e6c3,0x67dce6c3,-2,0xfe
5280,0x0005e6c4,0x67dce6c4,-1,0xff
5281,0x0005e6c5,0x67dce6c5,-1,0xff
5282,0x0005e6c6,0x67dce6c6,-1,0xff
5283,0x0005e6c7,0x67dce6c7,0,0x00
5284,0x0005e6c8,0x67dce6c8,-1,0xff
5285,0x0005e6c9,0x67dce6c9,-1,0xff
5286,0x0005e6ca,0x67dce6ca,0,0x00
5287,0x0005e6cb,0x67dce6cb,1,0x01
5288,0x0005e6cc,0x67dce6cc,-1,0xff
5289,0x0005e6cd,0x67dce6cd,0,0x00
5290,0x0005e6ce,0x67dce6ce,0,0x00
5291,0x0005e6cf,0x67dce6cf,1,0x01
5292,0x0005e6d0,0x67dce6d0,-1,0xff
5293,0x0005e6d1,0x67dce6d1,0,0x00
5294,0x0005e6d2,0x67dce6d2,0,0x00
5295,0x0005e6d3,0x67dce6d3,1,0x01
5296,0x0005e6d4,0x67dce6d4,0,0x00
5297,0x0005e6d5,0x67dce6d5,1,0x01
5298,0x0005e6d6,0x67dce6d6,1,0x01
5299,0x0005e6d7,0x67dce6d7,1,0x01
5300,0x0005e6d8,0x67dce6d8,-1,0xff
5301,0x0005e6d9,0x67dce6d9,-1,0xff
5302,0x0005e6da,0x67dce6da,-1,0xff
5303,0x0005e6db,0x67dce6db,0,0x00
5304,0x0005e6dc,0x67dce6dc,-1,0xff
5305,0x0005e6dd,0x67dce6dd,0,0x00
5306,0x0005e6de,0x67dce6de,-1,0xff
5307,0x0005e6df,0x67dce6df,0,0x00
5308,0x0005e6e0,0x67dce6e0,0,0x00
5309,0x0005e6e1,0x67dce6e1,0,0x00
5310,0x0005e6e2,0x67dce6e2,0,0x00
5311,0x0005e6e3,0x67dce6e3,0,0x00
5312,0x0005e6e4,0x67dce6e4,2,0x02
5313,0x0005e6e5,0x67dce6e5,1,0x01
5314,0x0005e6e6,0x67dce6e6,0,0x00
5315,0x0005e6e7,0x67dce6e7,-1,0xff
5316,0x0005e6e8,0x67dce6e8,0,0x00
5317,0x0005e6e9,0x67dce6e9,-1,0xff
5318,0x0005e6ea,0x67dce6ea,-2,0xfe
5319,0x0005e6eb,0x67dce6eb,-2,0xfe
5320,0x0005e6ec,0x67dce6ec,0,0x00
5321,0x0005e6ed,0x67dce6ed,-1,0xff
5322,0x0005e6ee,0x67dce6ee,-2,0xfe
5323,0x0005e6ef,0x67dce6ef,-1,0xff
5324,0x0005e6f0,0x67dce6f0,0,0x00
5325,0x0005e6f1,0x67dce6f1,0,0x00
5326,0x0005e6f2,0x67dce6f2,1,0x01
5327,0x0005e6f3,0x67dce6f3,2,0x02
5328,0x0005e6f4,0x67dce6f4,0,0x00
5329,0x0005e6f5,0x67dce6f5,0,0x00
5330,0x0005e6f6,0x67dce6f6,0,0x00
5331,0x0005e6f7,0x67dce6f7,0,0x00
5332,0x0005e6f8,0x67dce6f8,-1,0xff
5333,0x0005e6f9,0x67dce6f9,0,0x00
5334,0x0005e6fa,0x67dce6fa,-1,0xff
5335,0x0005e6fb,0x67dce6fb,-1,0xff
5336,0x0005e6fc,0x67dce6fc,-1,0xff
5337,0x0005e6fd,0x67dce6fd,0,0x00
5338,0x0005e6fe,0x67dce6fe,0,0x00
5339,0x0005e6ff,0x67dce6ff,-1,0xff
5340,0x0005e700,0x67dce700,0,0x00
5341,0x0005e701,0x67dce701,0,0x00
5342,0x0005e702,0x67dce702,0,0x00
5343,0x0005e703,0x67dce703,0,0x00
5344,0x0005e704,0x67dce704,0,0x00
5345,0x0005e705,0x67dce705,0,0x00
5346,0x0005e706,0x67dce706,2,0x02
5347,0x0005e707,0x67dce707,3,0x03
5348,0x0005e708,0x67dce708,-1,0xff
5349,0x0005e709,0x67dce709,-1,0xff
5350,0x0005e70a,0x67dce70a,0,0x00
5351,0x0005e70b,0x67dce70b,3,0x03
5352,0x0005e70c,0x67dce70c,-1,0xff
5353,0x0005e70d,0x67dce70d,-2,0xfe
5354,0x0005e70e,0x67dce70e,0,0x00
5355,0x0005e70f,0x67dce70f,3,0x03
5356,0x0005e710,0x67dce710,-1,0xff
5357,0x0005e711,0x67dce711,-1,0xff
5358,0x0005e712,0x67dce712,1,0x01
5359,0x0005e713,0x67dce713,4,0x04
5360,0x0005e714,0x67dce714,2,0x02
5361,0x0005e715,0x67dce715,2,0x02
5362,0x0005e716,0x67dce716,0,0x00
5363,0x0005e717,0x67dce717,0,0x00
5364,0x0005e718,0x67dce718,1,0x01
5365,0x0005e719,0x67dce719,1,0x01
5366,0x0005e71a,0x67dce71a,-1,0xff
5367,0x0005e71b,0x67dce71b,-2,0xfe
5368,0x0005e71c,0x67dce71c,-1,0xff
5369,0x0005e71d,0x67dce71d,-1,0xff
5370,0x0005e71e,0x67dce71e,-2,0xfe
5371,0x0005e71f,0x67dce71f,-2,0xfe
5372,0x0005e720,0x67dce720,-1,0xff
5373,0x0005e721,0x67dce721,0,0x00
5374,0x0005e722,0x67dce722,-1,0xff
5375,0x0005e723,0x67dce723,-1,0xff
5376,0x0005e724,0x67dce724,0,0x00
5377,0x0005e725,0x67dce725,0,0x00
5378,0x0005e726,0x67dce726,0,0x00
5379,0x0005e727,0x67dce727,1,0x01
5380,0x0005e728,0x67dce728,-1,0xff
5381,0x0005e729,0x67dce729,-2,0xfe
5382,0x0005e72a,0x67dce72a,-1,0xff
5383,0x0005e72b,0x67dce72b,1,0x01
5384,0x0005e72c,0x67dce72c,-2,0xfe
5385,0x0005e72d,0x67dce72d,-3,0xfd
5386,0x0005e72e,0x67dce72e,-2,0xfe
5387,0x0005e72f,0x67dce72f,0,0x00
5388,0x0005e730,0x67dce730,-1,0xff
5389,0x0005e731,0x67dce731,-2,0xfe
5390,0x0005e732,0x67dce732,-1,0xff
5391,0x0005e733,0x67dce733,1,0x01
5392,0x0005e734,0x67dce734,1,0x01
5393,0x0005e735,0x67dce735,1,0x01
5394,0x0005e736,0x67dce736,0,0x00
5395,0x0005e737,0x67dce737,0,0x00
5396,0x0005e738,0x67dce738,2,0x02
5397,0x0005e739,0x67dce739,2,0x02
5398,0x0005e73a,0x67dce73a,0,0x00
5399,0x0005e73b,0x67dce73b,0,0x00
5400,0x0005e73c,0x67dce73c,2,0x02
5401,0x0005e73d,0x67dce73d,2,0x02
5402,0x0005e73e,0x67dce73e,0,0x00
5403,0x0005e73f,0x67dce73f,0,0x00
5404,0x0005e740,0x67dce740,2,0x02
5405,0x0005e741,0x67dce741,2,0x02
5406,0x0005e742,0x67dce742,0,0x00
5407,0x0005e743,0x67dce743,0,0x00
5408,0x0005e744,0x67dce744,1,0x01
5409,0x0005e745,0x67dce745,0,0x00
5410,0x0005e746,0x67dce746,0,0x00
5411,0x0005e747,0x67dce747,1,0x01
5412,0x0005e748,0x67dce748,1,0x01
5413,0x0005e749,0x67dce749,0,0x00
5414,0x0005e74a,0x67dce74a,0,0x00
5415,0x0005e74b,0x67dce74b,1,0x01
5416,0x0005e74c,0x67dce74c,0,0x00
5417,0x0005e74d,0x67dce74d,0,0x00
5418,0x0005e74e,0x67dce74e,-1,0xff
5419,0x0005e74f,0x67dce74f,-1,0xff
5420,0x0005e750,0x67dce750,1,0x01
5421,0x0005e751,0x67dce751,0,0x00
5422,0x0005e752,0x67dce752,-1,0xff
5423,0x0005e753,0x67dce753,-1,0xff
5424,0x0005e754,0x67dce754,-1,0xff
5425,0x0005e755,0x67dce755,0,0x00
5426,0x0005e756,0x67dce756,1,0x01
5427,0x0005e757,0x67dce757,1,0x01
5428,0x0005e758,0x67dce758,1,0x01
5429,0x0005e759,0x67dce759,2,0x02
5430,0x0005e75a,0x67dce75a,3,0x03
5431,0x0005e75b,0x67dce75b,2,0x02
5432,0x0005e75c,0x67dce75c,0,0x00
5433,0x0005e75d,0x67dce75d,1,0x01
5434,0x0005e75e,0x67dce75e,1,0x01
5435,0x0005e75f,0x67dce75f,1,0x01
5436,0x0005e760,0x67dce760,-2,0xfe
5437,0x0005e761,0x67dce761,-2,0xfe
5438,0x0005e762,0x67dce762,-1,0xff
5439,0x0005e763,0x67dce763,0,0x00
5440,0x0005e764,0x67dce764,0,0x00
5441,0x0005e765,0x67dce765,-1,0xff
5442,0x0005e766,0x67dce766,-1,0xff
5443,0x0005e767,0x67dce767,-1,0xff
5444,0x0005e768,0x67dce768,1,0x01
5445,0x0005e769,0x67dce769,0,0x00
5446,0x0005e76a,0x67dce76a,0,0x00
5447,0x0005e76b,0x67dce76b,0,0x00
5448,0x0005e76c,0x67dce76c,0,0x00
5449,0x0005e76d,0x67dce76d,-1,0xff
5450,0x0005e76e,0x67dce76e,0,0x00
5451,0x0005e76f,0x67dce76f,0,0x00
5452,0x0005e770,0x67dce770,1,0x01
5453,0x0005e771,0x67dce771,0,0x00
5454,0x0005e772,0x67dce772,0,0x00
5455,0x0005e773,0x67dce773,0,0x00
5456,0x0005e774,0x67dce774,-2,0xfe
5457,0x0005e775,0x67dce775,-2,0xfe
5458,0x0005e776,0x67dce776,-1,0xff
5459,0x0005e777,0x67dce777,2,0x02
5460,0x0005e778,0x67dce778,-2,0xfe
5461,0x0005e779,0x67dce779,-1,0xff
5462,0x0005e77a,0x67dce77a,0,0x00
5463,0x0005e77b,0x67dce77b,1,0x01
5464,0x0005e77c,0x67dce77c,-1,0xff
5465,0x0005e77d,0x67dce77d,-1,0xff
5466,0x0005e77e,0x67dce77e,0,0x00
5467,0x0005e77f,0x67dce77f,0,0x00
5468,0x0005e780,0x67dce780,0,0x00
5469,0x0005e781,0x67dce781,1,0x01
5470,0x0005e782,0x67dce782,1,0x01
5471,0x0005e783,0x67dce783,1,0x01
5472,0x0005e784,0x67dce784,2,0x02
5473,0x0005e785,0x67dce785,2,0x02
5474,0x0005e786,0x67dce786,1,0x01
5475,0x0005e787,0x67dce787,0,0x00
5476,0x0005e788,0x67dce788,1,0x01
5477,0x0005e789,0x67dce789,0,0x00
5478,0x0005e78a,0x67dce78a,0,0x00
5479,0x0005e78b,0x67dce78b,-1,0xff
5480,0x0005e78c,0x67dce78c,-1,0xff
5481,0x0005e78d,0x67dce78d,-2,0xfe
5482,0x0005e78e,0x67dce78e,-1,0xff
5483,0x0005e78f,0x67dce78f,-2,0xfe
5484,0x0005e790,0x67dce790,0,0x00
5485,0x0005e791,0x67dce791,0,0x00
5486,0x0005e792,0x67dce792,1,0x01
5487,0x0005e793,0x67dce793,1,0x01
5488,0x0005e794,0x67dce794,-3,0xfd
5489,0x0005e795,0x67dce795,-3,0xfd
5490,0x0005e796,0x67dce796,-3,0xfd
5491,0x0005e797,0x67dce797,-2,0xfe
5492,0x0005e798,0x67dce798,-1,0xff
5493,0x0005e799,0x67dce799,-1,0xff
5494,0x0005e79a,0x67dce79a,0,0x00
5495,0x0005e79b,0x67dce79b,1,0x01
5496,0x0005e79c,0x67dce79c,1,0x01
5497,0x0005e79d,0x67dce79d,1,0x01
5498,0x0005e79e,0x67dce79e,1,0x01
5499,0x0005e79f,0x67dce79f,2,0x02
5500,0x0005e7a0,0x67dce7a0,1,0x01
5501,0x0005e7a1,0x67dce7a1,1,0x01
5502,0x0005e7a2,0x67dce7a2,1,0x01
5503,0x0005e7a3,0x67dce7a3,1,0x01
5504,0x0005e7a4,0x67dce7a4,-1,0xff
5505,0x0005e7a5,0x67dce7a5,-1,0xff
5506,0x0005e7a6,0x67dce7a6,-2,0xfe
5507,0x0005e7a7,0x67dce7a7,-2,0xfe
5508,0x0005e7a8,0x67dce7a8,2,0x02
5509,0x0005e7a9,0x67dce7a9,1,0x01
5510,0x0005e7aa,0x67dce7aa,0,0x00
5511,0x0005e7ab,0x67dce7ab,0,0x00
5512,0x0005e7ac,0x67dce7ac,2,0x02
5513,0x0005e7ad,0x67dce7ad,1,0x01
5514,0x0005e7ae,0x67dce7ae,0,0x00
5515,0x0005e7af,0x67dce7af,0,0x00
5516,0x0005e7b0,0x67dce7b0,1,0x01
5517,0x0005e7b1,0x67dce7b1,0,0x00
5518,0x0005e7b2,0x67dce7b2,-1,0xff
5519,0x0005e7b3,0x67dce7b3,1,0x01
5520,0x0005e7b4,0x67dce7b4,1,0x01
5521,0x0005e7b5,0x67dce7b5,0,0x00
5522,0x0005e7b6,0x67dce7b6,-1,0xff
5523,0x0005e7b7,0x67dce7b7,-1,0xff
5524,0x0005e7b8,0x67dce7b8,0,0x00
5525,0x0005e7b9,0x67dce7b9,-1,0xff
5526,0x0005e7ba,0x67dce7ba,-1,0xff
5527,0x0005e7bb,0x67dce7bb,-1,0xff
5528,0x0005e7bc,0x67dce7bc,1,0x01
5529,0x0005e7bd,0x67dce7bd,0,0x00
5530,0x0005e7be,0x67dce7be,-1,0xff
5531,0x0005e7bf,0x67dce7bf,0,0x00
5532,0x0005e7c0,0x67dce7c0,2,0x02
5533,0x0005e7c1,0x67dce7c1,0,0x00
5534,0x0005e7c2,0x67dce7c2,-1,0xff
5535,0x0005e7c3,0x67dce7c3,0,0x00
5536,0x0005e7c4,0x67dce7c4,0,0x00
5537,0x0005e7c5,0x67dce7c5,0,0x00
5538,0x0005e7c6,0x67dce7c6,-1,0xff
5539,0x0005e7c7,0x67dce7c7,1,0x01
5540,0x0005e7c8,0x67dce7c8,0,0x00
5541,0x0005e7c9,0x67dce7c9,-1,0xff
5542,0x0005e7ca,0x67dce7ca,-1,0xff
5543,0x0005e7cb,0x67dce7cb,1,0x01
5544,0x0005e7cc,0x67dce7cc,0,0x00
5545,0x0005e7cd,0x67dce7cd,-1,0xff
5546,0x0005e7ce,0x67dce7ce,0,0x00
5547,0x0005e7cf,0x67dce7cf,2,0x02
5548,0x0005e7d0,0x67dce7d0,0,0x00
5549,0x0005e7d1,0x67dce7d1,0,0x00
5550,0x0005e7d2,0x67dce7d2,0,0x00
5551,0x0005e7d3,0x67dce7d3,2,0x02
5552,0x0005e7d4,0x67dce7d4,1,0x01
5553,0x0005e7d5,0x67dce7d5,0,0x00
5554,0x0005e7d6,0x67dce7d6,-2,0xfe
5555,0x0005e7d7,0x67dce7d7,-1,0xff
5556,0x0005e7d8,0x67dce7d8,2,0x02
5557,0x0005e7d9,0x67dce7d9,0,0x00
5558,0x0005e7da,0x67dce7da,-1,0xff
5559,0x0005e7db,0x67dce7db,-1,0xff
5560,0x0005e7dc,0x67dce7dc,1,0x01
5561,0x0005e7dd,0x67dce7dd,0,0x00
5562,0x0005e7de,0x67dce7de,-2,0xfe
5563,0x0005e7df,0x67dce7df,-1,0xff
5564,0x0005e7e0,0x67dce7e0,1,0x01
5565,0x0005e7e1,0x67dce7e1,0,0x00
5566,0x0005e7e2,0x67dce7e2,-1,0xff
5567,0x0005e7e3,0x67dce7e3,-1,0xff
5568,0x0005e7e4,0x67dce7e4,0,0x00
5569,0x0005e7e5,0x67dce7e5,1,0x01
5570,0x0005e7e6,0x67dce7e6,1,0x01
5571,0x0005e7e7,0x67dce7e7,0,0x00
5572,0x0005e7e8,0x67dce7e8,0,0x00
5573,0x0005e7e9,0x67dce7e9,1,0x01
5574,0x0005e7ea,0x67dce7ea,1,0x01
5575,0x0005e7eb,0x67dce7eb,0,0x00
5576,0x0005e7ec,0x67dce7ec,0,0x00
5577,0x0005e7ed,0x67dce7ed,1,0x01
5578,0x0005e7ee,0x67dce7ee,0,0x00
5579,0x0005e7ef,0x67dce7ef,-1,0xff
5580,0x0005e7f0,0x67dce7f0,0,0x00
5581,0x0005e7f1,0x67dce7f1,1,0x01
5582,0x0005e7f2,0x67dce7f2,0,0x00
5583,0x0005e7f3,0x67dce7f3,-1,0xff
5584,0x0005e7f4,0x67dce7f4,0,0x00
5585,0x0005e7f5,0x67dce7f5,1,0x01
5586,0x0005e7f6,0x67dce7f6,1,0x01
5587,0x0005e7f7,0x67dce7f7,0,0x00
5588,0x0005e7f8,0x67dce7f8,-2,0xfe
5589,0x0005e7f9,0x67dce7f9,1,0x01
5590,0x0005e7fa,0x67dce7fa,2,0x02
5591,0x0005e7fb,0x67dce7fb,1,0x01
5592,0x0005e7fc,0x67dce7fc,-5,0xfb
5593,0x0005e7fd,0x67dce7fd,0,0x00
5594,0x0005e7fe,0x67dce7fe,2,0x02
5595,0x0005e7ff,0x67dce7ff,1,0x01
5596,0x0005e800,0x67dce800,-6,0xfa
5597,0x0005e801,0x67dce801,-1,0xff
5598,0x0005e802,0x67dce802,2,0x02
5599,0x0005e803,0x67dce803,1,0x01
5600,0x0005e804,0x67dce804,1,0x01
5601,0x0005e805,0x67dce805,1,0x01
5602,0x0005e806,0x67dce806,0,0x00
5603,0x0005e807,0x67dce807,0,0x00
5604,0x0005e808,0x67dce808,0,0x00
5605,0x0005e809,0x67dce809,0,0x00
5606,0x0005e80a,0x67dce80a,0,0x00
5607,0x0005e80b,0x67dce80b,1,0x01
5608,0x0005e80c,0x67dce80c,0,0x00
5609,0x0005e80d,0x67dce80d,-1,0xff
5610,0x0005e80e,0x67dce80e,0,0x00
5611,0x0005e80f,0x67dce80f,1,0x01
5612,0x0005e810,0x67dce810,0,0x00
5613,0x0005e811,0x67dce811,-1,0xff
5614,0x0005e812,0x67dce812,0,0x00
5615,0x0005e813,0x67dce813,0,0x00
5616,0x0005e814,0x67dce814,5,0x05
5617,0x0005e815,0x67dce815,3,0x03
5618,0x0005e816,0x67dce816,0,0x00
5619,0x0005e817,0x67dce817,-1,0xff
5620,0x0005e818,0x67dce818,1,0x01
5621,0x0005e819,0x67dce819,1,0x01
5622,0x0005e81a,0x67dce81a,0,0x00
5623,0x0005e81b,0x67dce81b,-1,0xff
5624,0x0005e81c,0x67dce81c,-1,0xff
5625,0x0005e81d,0x67dce81d,0,0x00
5626,0x0005e81e,0x67dce81e,1,0x01
5627,0x0005e81f,0x67dce81f,1,0x01
5628,0x0005e820,0x67dce820,-2,0xfe
5629,0x0005e821,0x67dce821,-1,0xff
5630,0x0005e822,0x67dce822,0,0x00
5631,0x0005e823,0x67dce823,1,0x01
5632,0x0005e824,0x67dce824,-2,0xfe
5633,0x0005e825,0x67dce825,-1,0xff
5634,0x0005e826,0x67dce826,-1,0xff
5635,0x0005e827,0x67dce827,-1,0xff
5636,0x0005e828,0x67dce828,-1,0xff
5637,0x0005e829,0x67dce829,0,0x00
5638,0x0005e82a,0x67dce82a,-1,0xff
5639,0x0005e82b,0x67dce82b,-1,0xff
5640,0x0005e82c,0x67dce82c,2,0x02
5641,0x0005e82d,0x67dce82d,2,0x02
5642,0x0005e82e,0x67dce82e,1,0x01
5643,0x0005e82f,0x67dce82f,0,0x00
5644,0x0005e830,0x67dce830,2,0x02
5645,0x0005e831,0x67dce831,1,0x01
5646,0x0005e832,0x67dce832,1,0x01
5647,0x0005e833,0x67dce833,1,0x01
5648,0x0005e834,0x67dce834,-2,0xfe
5649,0x0005e835,0x67dce835,-1,0xff
5650,0x0005e836,0x67dce836,-1,0xff
5651,0x0005e837,0x67dce837,-1,0xff
5652,0x0005e838,0x67dce838,0,0x00
5653,0x0005e839,0x67dce839,1,0x01
5654,0x0005e83a,0x67dce83a,0,0x00
5655,0x0005e83b,0x67dce83b,0,0x00
5656,0x0005e83c,0x67dce83c,0,0x00
5657,0x0005e83d,0x67dce83d,1,0x01
5658,0x0005e83e,0x67dce83e,1,0x01
5659,0x0005e83f,0x67dce83f,1,0x01
5660,0x0005e840,0x67dce840,-3,0xfd
5661,0x0005e841,0x67dce841,-2,0xfe
5662,0x0005e842,0x67dce842,0,0x00
5663,0x0005e843,0x67dce843,1,0x01
5664,0x0005e844,0x67dce844,0,0x00
5665,0x0005e845,0x67dce845,-1,0xff
5666,0x0005e846,0x67dce846,0,0x00
5667,0x0005e847,0x67dce847,1,0x01
5668,0x0005e848,0x67dce848,-1,0xff
5669,0x0005e849,0x67dce849,-1,0xff
5670,0x0005e84a,0x67dce84a,0,0x00
5671,0x0005e84b,0x67dce84b,0,0x00
5672,0x0005e84c,0x67dce84c,1,0x01
5673,0x0005e84d,0x67dce84d,0,0x00
5674,0x0005e84e,0x67dce84e,0,0x00
5675,0x0005e84f,0x67dce84f,0,0x00
5676,0x0005e850,0x67dce850,1,0x01
5677,0x0005e851,0x67dce851,0,0x00
5678,0x0005e852,0x67dce852,0,0x00
5679,0x0005e853,0x67dce853,-1,0xff
5680,0x0005e854,0x67dce854,-1,0xff
5681,0x0005e855,0x67dce855,0,0x00
5682,0x0005e856,0x67dce856,1,0x01
5683,0x0005e857,0x67dce857,0,0x00
5684,0x0005e858,0x67dce858,-1,0xff
5685,0x0005e859,0x67dce859,0,0x00
5686,0x0005e85a,0x67dce85a,0,0x00
5687,0x0005e85b,0x67dce85b,-2,0xfe
5688,0x0005e85c,0x67dce85c,0,0x00
5689,0x0005e85d,0x67dce85d,1,0x01
5690,0x0005e85e,0x67dce85e,1,0x01
5691,0x0005e85f,0x67dce85f,0,0x00
5692,0x0005e860,0x67dce860,1,0x01
5693,0x0005e861,0x67dce861,2,0x02
5694,0x0005e862,0x67dce862,3,0x03
5695,0x0005e863,0x67dce863,1,0x01
5696,0x0005e864,0x67dce864,-1,0xff
5697,0x0005e865,0x67dce865,0,0x00
5698,0x0005e866,0x67dce866,2,0x02
5699,0x0005e867,0x67dce867,3,0x03
5700,0x0005e868,0x67dce868,-4,0xfc
5701,0x0005e869,0x67dce869,-2,0xfe
5702,0x0005e86a,0x67dce86a,-1,0xff
5703,0x0005e86b,0x67dce86b,0,0x00
5704,0x0005e86c,0x67dce86c,-2,0xfe
5705,0x0005e86d,0x67dce86d,-1,0xff
5706,0x0005e86e,0x67dce86e,0,0x00
5707,0x0005e86f,0x67dce86f,-1,0xff
5708,0x0005e870,0x67dce870,0,0x00
5709,0x0005e871,0x67dce871,1,0x01
5710,0x0005e872,0x67dce872,1,0x01
5711,0x0005e873,0x67dce873,0,0x00
5712,0x0005e874,0x67dce874,-1,0xff
5713,0x0005e875,0x67dce875,0,0x00
5714,0x0005e876,0x67dce876,1,0x01
5715,0x0005e877,0x67dce877,1,0x01
5716,0x0005e878,0x67dce878,-2,0xfe
5717,0x0005e879,0x67dce879,-3,0xfd
5718,0x0005e87a,0x67dce87a,-2,0xfe
5719,0x0005e87b,0x67dce87b,0,0x00
5720,0x0005e87c,0x67dce87c,-1,0xff
5721,0x0005e87d,0x67dce87d,-2,0xfe
5722,0x0005e87e,0x67dce87e,-2,0xfe
5723,0x0005e87f,0x67dce87f,0,0x00
5724,0x0005e880,0x67dce880,3,0x03
5725,0x0005e881,0x67dce881,1,0x01
5726,0x0005e882,0x67dce882,0,0x00
5727,0x0005e883,0x67dce883,0,0x00
5728,0x0005e884,0x67dce884,1,0x01
5729,0x0005e885,0x67dce885,1,0x01
5730,0x0005e886,0x67dce886,1,0x01
5731,0x0005e887,0x67dce887,0,0x00
5732,0x0005e888,0x67dce888,0,0x00
5733,0x0005e889,0x67dce889,0,0x00
5734,0x0005e88a,0x67dce88a,1,0x01
5735,0x0005e88b,0x67dce88b,0,0x00
5736,0x0005e88c,0x67dce88c,1,0x01
5737,0x0005e88d,0x67dce88d,0,0x00
5738,0x0005e88e,0x67dce88e,0,0x00
5739,0x0005e88f,0x67dce88f,-1,0xff
5740,0x0005e890,0x67dce890,1,0x01
5741,0x0005e891,0x67dce891,0,0x00
5742,0x0005e892,0x67dce892,-1,0xff
5743,0x0005e893,0x67dce893,-1,0xff
5744,0x0005e894,0x67dce894,-2,0xfe
5745,0x0005e895,0x67dce895,-1,0xff
5746,0x0005e896,0x67dce896,0,0x00
5747,0x0005e897,0x67dce897,0,0x00
5748,0x0005e898,0x67dce898,-1,0xff
5749,0x0005e899,0x67dce899,0,0x00
5750,0x0005e89a,0x67dce89a,0,0x00
5751,0x0005e89b,0x67dce89b,0,0x00
5752,0x0005e89c,0x67dce89c,-1,0xff
5753,0x0005e89d,0x67dce89d,-1,0xff
5754,0x0005e89e,0x67dce89e,-1,0xff
5755,0x0005e89f,0x67dce89f,0,0x00
5756,0x0005e8a0,0x67dce8a0,0,0x00
5757,0x0005e8a1,0x67dce8a1,-2,0xfe
5758,0x0005e8a2,0x67dce8a2,-3,0xfd
5759,0x0005e8a3,0x67dce8a3,-1,0xff
5760,0x0005e8a4,0x67dce8a4,-1,0xff
5761,0x0005e8a5,0x67dce8a5,-1,0xff
5762,0x0005e8a6,0x67dce8a6,0,0x00
5763,0x0005e8a7,0x67dce8a7,0,0x00
5764,0x0005e8a8,0x67dce8a8,0,0x00
5765,0x0005e8a9,0x67dce8a9,1,0x01
5766,0x0005e8aa,0x67dce8aa,1,0x01
5767,0x0005e8ab,0x67dce8ab,1,0x01
5768,0x0005e8ac,0x67dce8ac,1,0x01
5769,0x0005e8ad,0x67dce8ad,1,0x01
5770,0x0005e8ae,0x67dce8ae,1,0x01
5771,0x0005e8af,0x67dce8af,1,0x01
5772,0x0005e8b0,0x67dce8b0,1,0x01
5773,0x0005e8b1,0x67dce8b1,0,0x00
5774,0x0005e8b2,0x67dce8b2,0,0x00
5775,0x0005e8b3,0x67dce8b3,0,0x00
5776,0x0005e8b4,0x67dce8b4,1,0x01
5777,0x0005e8b5,0x67dce8b5,-1,0xff
5778,0x0005e8b6,0x67dce8b6,-3,0xfd
5779,0x0005e8b7,0x67dce8b7,-1,0xff
5780,0x0005e8b8,0x67dce8b8,3,0x03
5781,0x0005e8b9,0x67dce8b9,1,0x01
5782,0x0005e8ba,0x67dce8ba,-1,0xff
5783,0x0005e8bb,0x67dce8bb,1,0x01
5784,0x0005e8bc,0x67dce8bc,3,0x03
5785,0x0005e8bd,0x67dce8bd,1,0x01
5786,0x0005e8be,0x67dce8be,0,0x00
5787,0x0005e8bf,0x67dce8bf,1,0x01
5788,0x0005e8c0,0x67dce8c0,0,0x00
5789,0x0005e8c1,0x67dce8c1,-2,0xfe
5790,0x0005e8c2,0x67dce8c2,-2,0xfe
5791,0x0005e8c3,0x67dce8c3,-1,0xff
5792,0x0005e8c4,0x67dce8c4,1,0x01
5793,0x0005e8c5,0x67dce8c5,1,0x01
5794,0x0005e8c6,0x67dce8c6,0,0x00
5795,0x0005e8c7,0x67dce8c7,-1,0xff
5796,0x0005e8c8,0x67dce8c8,2,0x02
5797,0x0005e8c9,0x67dce8c9,2,0x02
5798,0x0005e8ca,0x67dce8ca,0,0x00
5799,0x0005e8cb,0x67dce8cb,-1,0xff
5800,0x0005e8cc,0x67dce8cc,2,0x02
5801,0x0005e8cd,0x67dce8cd,1,0x01
5802,0x0005e8ce,0x67dce8ce,1,0x01
5803,0x0005e8cf,0x67dce8cf,0,0x00
5804,0x0005e8d0,0x67dce8d0,-1,0xff
5805,0x0005e8d1,0x67dce8d1,0,0x00
5806,0x0005e8d2,0x67dce8d2,0,0x00
5807,0x0005e8d3,0x67dce8d3,0,0x00
5808,0x0005e8d4,0x67dce8d4,1,0x01
5809,0x0005e8d5,0x67dce8d5,0,0x00
5810,0x0005e8d6,0x67dce8d6,-1,0xff
5811,0x0005e8d7,0x67dce8d7,-1,0xff
5812,0x0005e8d8,0x67dce8d8,0,0x00
5813,0x0005e8d9,0x67dce8d9,-1,0xff
5814,0x0005e8da,0x67dce8da,-2,0xfe
5815,0x0005e8db,0x67dce8db,-1,0xff
5816,0x0005e8dc,0x67dce8dc,-1,0xff
5817,0x0005e8dd,0x67dce8dd,-1,0xff
5818,0x0005e8de,0x67dce8de,-1,0xff
5819,0x0005e8df,0x67dce8df,0,0x00
5820,0x0005e8e0,0x67dce8e0,-2,0xfe
5821,0x0005e8e1,0x67dce8e1,0,0x00
5822,0x0005e8e2,0x67dce8e2,0,0x00
5823,0x0005e8e3,0x67dce8e3,0,0x00
5824,0x0005e8e4,0x67dce8e4,1,0x01
5825,0x0005e8e5,0x67dce8e5,2,0x02
5826,0x0005e8e6,0x67dce8e6,1,0x01
5827,0x0005e8e7,0x67dce8e7,0,0x00
5828,0x0005e8e8,0x67dce8e8,1,0x01
5829,0x0005e8e9,0x67dce8e9,2,0x02
5830,0x0005e8ea,0x67dce8ea,2,0x02
5831,0x0005e8eb,0x67dce8eb,1,0x01
5832,0x0005e8ec,0x67dce8ec,0,0x00
5833,0x0005e8ed,0x67dce8ed,1,0x01
5834,0x0005e8ee,0x67dce8ee,2,0x02
5835,0x0005e8ef,0x67dce8ef,0,0x00
5836,0x0005e8f0,0x67dce8f0,0,0x00
5837,0x0005e8f1,0x67dce8f1,0,0x00
5838,0x0005e8f2,0x67dce8f2,1,0x01
5839,0x0005e8f3,0x67dce8f3,-1,0xff
5840,0x0005e8f4,0x67dce8f4,-1,0xff
5841,0x0005e8f5,0x67dce8f5,0,0x00
5842,0x0005e8f6,0x67dce8f6,1,0x01
5843,0x0005e8f7,0x67dce8f7,0,0x00
5844,0x0005e8f8,0x67dce8f8,0,0x00
5845,0x0005e8f9,0x67dce8f9,1,0x01
5846,0x0005e8fa,0x67dce8fa,1,0x01
5847,0x0005e8fb,0x67dce8fb,2,0x02
5848,0x0005e8fc,0x67dce8fc,1,0x01
5849,0x0005e8fd,0x67dce8fd,2,0x02
5850,0x0005e8fe,0x67dce8fe,2,0x02
5851,0x0005e8ff,0x67dce8ff,2,0x02
5852,0x0005e900,0x67dce900,0,0x00
5853,0x0005e901,0x67dce901,1,0x01
5854,0x0005e902,0x67dce902,1,0x01
5855,0x0005e903,0x67dce903,1,0x01
5856,0x0005e904,0x67dce904,-1,0xff
5857,0x0005e905,0x67dce905,-1,0xff
5858,0x0005e906,0x67dce906,-1,0xff
5859,0x0005e907,0x67dce907,-1,0xff
5860,0x0005e908,0x67dce908,0,0x00
5861,0x0005e909,0x67dce909,-2,0xfe
5862,0x0005e90a,0x67dce90a,-1,0xff
5863,0x0005e90b,0x67dce90b,0,0x00
5864,0x0005e90c,0x67dce90c,1,0x01
5865,0x0005e90d,0x67dce90d,-1,0xff
5866,0x0005e90e,0x67dce90e,-1,0xff
5867,0x0005e90f,0x67dce90f,0,0x00
5868,0x0005e910,0x67dce910,0,0x00
5869,0x0005e911,0x67dce911,-2,0xfe
5870,0x0005e912,0x67dce912,-2,0xfe
5871,0x0005e913,0x67dce913,-1,0xff
5872,0x0005e914,0x67dce914,0,0x00
5873,0x0005e915,0x67dce915,0,0x00
5874,0x0005e916,0x67dce916,-1,0xff
5875,0x0005e917,0x67dce917,-1,0xff
5876,0x0005e918,0x67dce918,0,0x00
5877,0x0005e919,0x67dce919,0,0x00
5878,0x0005e91a,0x67dce91a,-1,0xff
5879,0x0005e91b,0x67dce91b,0,0x00
5880,0x0005e91c,0x67dce91c,0,0x00
5881,0x0005e91d,0x67dce91d,0,0x00
5882,0x0005e91e,0x67dce91e,-1,0xff
5883,0x0005e91f,0x67dce91f,-1,0xff
5884,0x0005e920,0x67dce920,1,0x01
5885,0x0005e921,0x67dce921,1,0x01
5886,0x0005e922,0x67dce922,-1,0xff
5887,0x0005e923,0x67dce923,-2,0xfe
5888,0x0005e924,0x67dce924,-1,0xff
5889,0x0005e925,0x67dce925,-1,0xff
5890,0x0005e926,0x67dce926,-2,0xfe
5891,0x0005e927,0x67dce927,-2,0xfe
5892,0x0005e928,0x67dce928,1,0x01
5893,0x0005e929,0x67dce929,2,0x02
5894,0x0005e92a,0x67dce92a,2,0x02
5895,0x0005e92b,0x67dce92b,1,0x01
5896,0x0005e92c,0x67dce92c,0,0x00
5897,0x0005e92d,0x67dce92d,1,0x01
5898,0x0005e92e,0x67dce92e,2,0x02
5899,0x0005e92f,0x67dce92f,2,0x02
5900,0x0005e930,0x67dce930,-1,0xff
5901,0x0005e931,0x67dce931,-1,0xff
5902,0x0005e932,0x67dce932,-1,0xff
5903,0x0005e933,0x67dce933,-1,0xff
5904,0x0005e934,0x67dce934,2,0x02
5905,0x0005e935,0x67dce935,2,0x02
5906,0x0005e936,0x67dce936,1,0x01
5907,0x0005e937,0x67dce937,0,0x00
5908,0x0005e938,0x67dce938,1,0x01
5909,0x0005e939,0x67dce939,2,0x02
5910,0x0005e93a,0x67dce93a,2,0x02
5911,0x0005e93b,0x67dce93b,1,0x01
5912,0x0005e93c,0x67dce93c,0,0x00
5913,0x0005e93d,0x67dce93d,0,0x00
5914,0x0005e93e,0x67dce93e,0,0x00
5915,0x0005e93f,0x67dce93f,0,0x00
5916,0x0005e940,0x67dce940,0,0x00
5917,0x0005e941,0x67dce941,-1,0xff
5918,0x0005e942,0x67dce942,-1,0xff
5919,0x0005e943,0x67dce943,-1,0xff
5920,0x0005e944,0x67dce944,0,0x00
5921,0x0005e945,0x67dce945,-1,0xff
5922,0x0005e946,0x67dce946,-2,0xfe
5923,0x0005e947,0x67dce947,-2,0xfe
5924,0x0005e948,0x67dce948,0,0x00
5925,0x0005e949,0x67dce949,0,0x00
5926,0x0005e94a,0x67dce94a,-2,0xfe
5927,0x0005e94b,0x67dce94b,-2,0xfe
5928,0x0005e94c,0x67dce94c,1,0x01
5929,0x0005e94d,0x67dce94d,1,0x01
5930,0x0005e94e,0x67dce94e,0,0x00
5931,0x0005e94f,0x67dce94f,-1,0xff
5932,0x0005e950,0x67dce950,2,0x02
5933,0x0005e951,0x67dce951,3,0x03
5934,0x0005e952,0x67dce952,2,0x02
5935,0x0005e953,0x67dce953,1,0x01
5936,0x0005e954,0x67dce954,0,0x00
5937,0x0005e955,0x67dce955,-2,0xfe
5938,0x0005e956,0x67dce956,1,0x01
5939,0x0005e957,0x67dce957,2,0x02
5940,0x0005e958,0x67dce958,-1,0xff
5941,0x0005e959,0x67dce959,-2,0xfe
5942,0x0005e95a,0x67dce95a,2,0x02
5943,0x0005e95b,0x67dce95b,3,0x03
5944,0x0005e95c,0x67dce95c,0,0x00
5945,0x0005e95d,0x67dce95d,-2,0xfe
5946,0x0005e95e,0x67dce95e,2,0x02
5947,0x0005e95f,0x67dce95f,3,0x03
5948,0x0005e960,0x67dce960,0,0x00
5949,0x0005e961,0x67dce961,-1,0xff
5950,0x0005e962,0x67dce962,3,0x03
5951,0x0005e963,0x67dce963,2,0x02
5952,0x0005e964,0x67dce964,-1,0xff
5953,0x0005e965,0x67dce965,0,0x00
5954,0x0005e966,0x67dce966,0,0x00
5955,0x0005e967,0x67dce967,1,0x01
5956,0x0005e968,0x67dce968,-1,0xff
5957,0x0005e969,0x67dce969,0,0x00
5958,0x0005e96a,0x67dce96a,0,0x00
5959,0x0005e96b,0x67dce96b,0,0x00
5960,0x0005e96c,0x67dce96c,-1,0xff
5961,0x0005e96d,0x67dce96d,-1,0xff
5962,0x0005e96e,0x67dce96e,0,0x00
5963,0x0005e96f,0x67dce96f,0,0x00
5964,0x0005e970,0x67dce970,-2,0xfe
5965,0x0005e971,0x67dce971,0,0x00
5966,0x0005e972,0x67dce972,1,0x01
5967,0x0005e973,0x67dce973,0,0x00
5968,0x0005e974,0x67dce974,0,0x00
5969,0x0005e975,0x67dce975,-1,0xff
5970,0x0005e976,0x67dce976,3,0x03
5971,0x0005e977,0x67dce977,1,0x01
5972,0x0005e978,0x67dce978,0,0x00
5973,0x0005e979,0x67dce979,-1,0xff
5974,0x0005e97a,0x67dce97a,2,0x02
5975,0x0005e97b,0x67dce97b,1,0x01
5976,0x0005e97c,0x67dce97c,0,0x00
5977,0x0005e97d,0x67dce97d,0,0x00
5978,0x0005e97e,0x67dce97e,1,0x01
5979,0x0005e97f,0x67dce97f,-1,0xff
5980,0x0005e980,0x67dce980,1,0x01
5981,0x0005e981,0x67dce981,0,0x00
5982,0x0005e982,0x67dce982,0,0x00
5983,0x0005e983,0x67dce983,-2,0xfe
5984,0x0005e984,0x67dce984,-2,0xfe
5985,0x0005e985,0x67dce985,0,0x00
5986,0x0005e986,0x67dce986,1,0x01
5987,0x0005e987,0x67dce987,0,0x00
5988,0x0005e988,0x67dce988,-1,0xff
5989,0x0005e989,0x67dce989,1,0x01
5990,0x0005e98a,0x67dce98a,0,0x00
5991,0x0005e98b,0x67dce98b,-1,0xff
5992,0x0005e98c,0x67dce98c,-2,0xfe
5993,0x0005e98d,0x67dce98d,0,0x00
5994,0x0005e98e,0x67dce98e,0,0x00
5995,0x0005e98f,0x67dce98f,-1,0xff
5996,0x0005e990,0x67dce990,-2,0xfe
5997,0x0005e991,0x67dce991,-1,0xff
5998,0x0005e992,0x67dce992,-1,0xff
5999,0x0005e993,0x67dce993,-1,0xff
6000,0x0005e994,0x67dce994,1,0x01
6001,0x0005e995,0x67dce995,1,0x01
6002,0x0005e996,0x67dce996,1,0x01
6003,0x0005e997,0x67dce997,1,0x01
6004,0x0005e998,0x67dce998,0,0x00
6005,0x0005e999,0x67dce999,0,0x00
6006,0x0005e99a,0x67dce99a,0,0x00
6007,0x0005e99b,0x67dce99b,1,0x01
6008,0x0005e99c,0x67dce99c,0,0x00
6009,0x0005e99d,0x67dce99d,0,0x00
6010,0x0005e99e,0x67dce99e,0,0x00
6011,0x0005e99f,0x67dce99f,1,0x01
6012,0x0005e9a0,0x67dce9a0,1,0x01
6013,0x0005e9a1,0x67dce9a1,0,0x00
6014,0x0005e9a2,0x67dce9a2,0,0x00
6015,0x0005e9a3,0x67dce9a3,-1,0xff
6016,0x0005e9a4,0x67dce9a4,1,0x01
6017,0x0005e9a5,0x67dce9a5,-1,0xff
6018,0x0005e9a6,0x67dce9a6,-1,0xff
6019,0x0005e9a7,0x67dce9a7,-2,0xfe
6020,0x0005e9a8,0x67dce9a8,1,0x01
6021,0x0005e9a9,0x67dce9a9,1,0x01
6022,0x0005e9aa,0x67dce9aa,1,0x01
6023,0x0005e9ab,0x67dce9ab,1,0x01
6024,0x0005e9ac,0x67dce9ac,1,0x01
6025,0x0005e9ad,0x67dce9ad,1,0x01
6026,0x0005e9ae,0x67dce9ae,2,0x02
6027,0x0005e9af,0x67dce9af,3,0x03
6028,0x0005e9b0,0x67dce9b0,0,0x00
6029,0x0005e9b1,0x67dce9b1,0,0x00
6030,0x0005e9b2,0x67dce9b2,1,0x01
6031,0x0005e9b3,0x67dce9b3,2,0x02
6032,0x0005e9b4,0x67dce9b4,0,0x00
6033,0x0005e9b5,0x67dce9b5,-1,0xff
6034,0x0005e9b6,0x67dce9b6,-1,0xff
6035,0x0005e9b7,0x67dce9b7,-2,0xfe
6036,0x0005e9b8,0x67dce9b8,-2,0xfe
6037,0x0005e9b9,0x67dce9b9,-2,0xfe
6038,0x0005e9ba,0x67dce9ba,-2,0xfe
6039,0x0005e9bb,0x67dce9bb,-2,0xfe
6040,0x0005e9bc,0x67dce9bc,-1,0xff
6041,0x0005e9bd,0x67dce9bd,-1,0xff
6042,0x0005e9be,0x67dce9be,-1,0xff
6043,0x0005e9bf,0x67dce9bf,-1,0xff
6044,0x0005e9c0,0x67dce9c0,2,0x02
6045,0x0005e9c1,0x67dce9c1,2,0x02
6046,0x0005e9c2,0x67dce9c2,2,0x02
6047,0x0005e9c3,0x67dce9c3,0,0x00
6048,0x0005e9c4,0x67dce9c4,-1,0xff
6049,0x0005e9c5,0x67dce9c5,0,0x00
6050,0x0005e9c6,0x67dce9c6,1,0x01
6051,0x0005e9c7,0x67dce9c7,2,0x02
6052,0x0005e9c8,0x67dce9c8,-1,0xff
6053,0x0005e9c9,0x67dce9c9,0,0x00
6054,0x0005e9ca,0x67dce9ca,1,0x01
6055,0x0005e9cb,0x67dce9cb,1,0x01
6056,0x0005e9cc,0x67dce9cc,0,0x00
6057,0x0005e9cd,0x67dce9cd,0,0x00
6058,0x0005e9ce,0x67dce9ce,0,0x00
6059,0x0005e9cf,0x67dce9cf,-1,0xff
6060,0x0005e9d0,0x67dce9d0,-1,0xff
6061,0x0005e9d1,0x67dce9d1,-1,0xff
6062,0x0005e9d2,0x67dce9d2,-2,0xfe
6063,0x0005e9d3,0x67dce9d3,-4,0xfc
6064,0x0005e9d4,0x67dce9d4,-1,0xff
6065,0x0005e9d5,0x67dce9d5,-2,0xfe
6066,0x0005e9d6,0x67dce9d6,-1,0xff
6067,0x0005e9d7,0x67dce9d7,-1,0xff
6068,0x0005e9d8,0x67dce9d8,-1,0xff
6069,0x0005e9d9,0x67dce9d9,-1,0xff
6070,0x0005e9da,0x67dce9da,-1,0xff
6071,0x0005e9db,0x67dce9db,-1,0xff
6072,0x0005e9dc,0x67dce9dc,1,0x01
6073,0x0005e9dd,0x67dce9dd,0,0x00
6074,0x0005e9de,0x67dce9de,-1,0xff
6075,0x0005e9df,0x67dce9df,0,0x00
6076,0x0005e9e0,0x67dce9e0,1,0x01
6077,0x0005e9e1,0x67dce9e1,0,0x00
6078,0x0005e9e2,0x67dce9e2,0,0x00
6079,0x0005e9e3,0x67dce9e3,0,0x00
6080,0x0005e9e4,0x67dce9e4,0,0x00
6081,0x0005e9e5,0x67dce9e5,1,0x01
6082,0x0005e9e6,0x67dce9e6,2,0x02
6083,0x0005e9e7,0x67dce9e7,3,0x03
6084,0x0005e9e8,0x67dce9e8,0,0x00
6085,0x0005e9e9,0x67dce9e9,1,0x01
6086,0x0005e9ea,0x67dce9ea,2,0x02
6087,0x0005e9eb,0x67dce9eb,3,0x03
6088,0x0005e9ec,0x67dce9ec,-1,0xff
6089,0x0005e9ed,0x67dce9ed,0,0x00
6090,0x0005e9ee,0x67dce9ee,1,0x01
6091,0x0005e9ef,0x67dce9ef,2,0x02
6092,0x0005e9f0,0x67dce9f0,-1,0xff
6093,0x0005e9f1,0x67dce9f1,0,0x00
6094,0x0005e9f2,0x67dce9f2,2,0x02
6095,0x0005e9f3,0x67dce9f3,2,0x02
6096,0x0005e9f4,0x67dce9f4,1,0x01
6097,0x0005e9f5,0x67dce9f5,0,0x00
6098,0x0005e9f6,0x67dce9f6,-1,0xff
6099,0x0005e9f7,0x67dce9f7,-1,0xff
6100,0x0005e9f8,0x67dce9f8,0,0x00
6101,0x0005e9f9,0x67dce9f9,-2,0xfe
6102,0x0005e9fa,0x67dce9fa,-2,0xfe
6103,0x0005e9fb,0x67dce9fb,-2,0xfe
6104,0x0005e9fc,0x67dce9fc,0,0x00
6105,0x0005e9fd,0x67dce9fd,-2,0xfe
6106,0x0005e9fe,0x67dce9fe,-2,0xfe
6107,0x0005e9ff,0x67dce9ff,-2,0xfe
6108,0x0005ea00,0x67dcea00,0,0x00
6109,0x0005ea01,0x67dcea01,0,0x00
6110,0x0005ea02,0x67dcea02,0,0x00
6111,0x0005ea03,0x67dcea03,0,0x00
6112,0x0005ea04,0x67dcea04,-2,0xfe
6113,0x0005ea05,0x67dcea05,0,0x00
6114,0x0005ea06,0x67dcea06,1,0x01
6115,0x0005ea07,0x67dcea07,2,0x02
6116,0x0005ea08,0x67dcea08,-3,0xfd
6117,0x0005ea09,0x67dcea09,-1,0xff
6118,0x0005ea0a,0x67dcea0a,0,0x00
6119,0x0005ea0b,0x67dcea0b,1,0x01
6120,0x0005ea0c,0x67dcea0c,-2,0xfe
6121,0x0005ea0d,0x67dcea0d,-1,0xff
6122,0x0005ea0e,0x67dcea0e,1,0x01
6123,0x0005ea0f,0x67dcea0f,1,0x01
6124,0x0005ea10,0x67dcea10,0,0x00
6125,0x0005ea11,0x67dcea11,1,0x01
6126,0x0005ea12,0x67dcea12,2,0x02
6127,0x0005ea13,0x67dcea13,2,0x02
6128,0x0005ea14,0x67dcea14,-4,0xfc
6129,0x0005ea15,0x67dcea15,-3,0xfd
6130,0x0005ea16,0x67dcea16,4,0x04
6131,0x0005ea17,0x67dcea17,5,0x05
6132,0x0005ea18,0x67dcea18,-5,0xfb
6133,0x0005ea19,0x67dcea19,-3,0xfd
6134,0x0005ea1a,0x67dcea1a,5,0x05
6135,0x0005ea1b,0x67dcea1b,5,0x05
6136,0x0005ea1c,0x67dcea1c,-6,0xfa
6137,0x0005ea1d,0x67dcea1d,-4,0xfc
6138,0x0005ea1e,0x67dcea1e,5,0x05
6139,0x0005ea1f,0x67dcea1f,5,0x05
6140,0x0005ea20,0x67dcea20,-7,0xf9
6141,0x0005ea21,0x67dcea21,-4,0xfc
6142,0x0005ea22,0x67dcea22,4,0x04
6143,0x0005ea23,0x67dcea23,5,0x05
6144,0x0005ea24,0x67dcea24,2,0x02
6145,0x0005ea25,0x67dcea25,1,0x01
6146,0x0005ea26,0x67dcea26,1,0x01
6147,0x0005ea27,0x67dcea27,0,0x00
6148,0x0005ea28,0x67dcea28,2,0x02
6149,0x0005ea29,0x67dcea29,1,0x01
6150,0x0005ea2a,0x67dcea2a,0,0x00
6151,0x0005ea2b,0x67dcea2b,0,0x00
6152,0x0005ea2c,0x67dcea2c,2,0x02
6153,0x0005ea2d,0x67dcea2d,1,0x01
6154,0x0005ea2e,0x67dcea2e,0,0x00
6155,0x0005ea2f,0x67dcea2f,0,0x00
6156,0x0005ea30,0x67dcea30,2,0x02
6157,0x0005ea31,0x67dcea31,1,0x01
6158,0x0005ea32,0x67dcea32,0,0x00
6159,0x0005ea33,0x67dcea33,0,0x00
6160,0x0005ea34,0x67dcea34,-8,0xf8
6161,0x0005ea35,0x67dcea35,-5,0xfb
6162,0x0005ea36,0x67dcea36,3,0x03
6163,0x0005ea37,0x67dcea37,4,0x04
6164,0x0005ea38,0x67dcea38,-8,0xf8
6165,0x0005ea39,0x67dcea39,-6,0xfa
6166,0x0005ea3a,0x67dcea3a,3,0x03
6167,0x0005ea3b,0x67dcea3b,4,0x04
6168,0x0005ea3c,0x67dcea3c,-8,0xf8
6169,0x0005ea3d,0x67dcea3d,-6,0xfa
6170,0x0005ea3e,0x67dcea3e,2,0x02
6171,0x0005ea3f,0x67dcea3f,4,0x04
6172,0x0005ea40,0x67dcea40,-8,0xf8
6173,0x0005ea41,0x67dcea41,-6,0xfa
6174,0x0005ea42,0x67dcea42,2,0x02
6175,0x0005ea43,0x67dcea43,4,0x04
6176,0x0005ea44,0x67dcea44,2,0x02
6177,0x0005ea45,0x67dcea45,1,0x01
6178,0x0005ea46,0x67dcea46,0,0x00
6179,0x0005ea47,0x67dcea47,0,0x00
6180,0x0005ea48,0x67dcea48,1,0x01
6181,0x0005ea49,0x67dcea49,1,0x01
6182,0x0005ea4a,0x67dcea4a,1,0x01
6183,0x0005ea4b,0x67dcea4b,0,0x00
6184,0x0005ea4c,0x67dcea4c,2,0x02
6185,0x0005ea4d,0x67dcea4d,1,0x01
6186,0x0005ea4e,0x67dcea4e,1,0x01
6187,0x0005ea4f,0x67dcea4f,0,0x00
6188,0x0005ea50,0x67dcea50,1,0x01
6189,0x0005ea51,0x67dcea51,1,0x01
6190,0x0005ea52,0x67dcea52,1,0x01
6191,0x0005ea53,0x67dcea53,1,0x01
6192,0x0005ea54,0x67dcea54,-1,0xff
6193,0x0005ea55,0x67dcea55,-1,0xff
6194,0x0005ea56,0x67dcea56,-1,0xff
6195,0x0005ea57,0x67dcea57,-1,0xff
6196,0x0005ea58,0x67dcea58,-1,0xff
6197,0x0005ea59,0x67dcea59,-2,0xfe
6198,0x0005ea5a,0x67dcea5a,-2,0xfe
6199,0x0005ea5b,0x67dcea5b,-2,0xfe
6200,0x0005ea5c,0x67dcea5c,-2,0xfe
6201,0x0005ea5d,0x67dcea5d,-3,0xfd
6202,0x0005ea5e,0x67dcea5e,-3,0xfd
6203,0x0005ea5f,0x67dcea5f,-3,0xfd
6204,0x0005ea60,0x67dcea60,-2,0xfe
6205,0x0005ea61,0x67dcea61,-3,0xfd
6206,0x0005ea62,0x67dcea62,-3,0xfd
6207,0x0005ea63,0x67dcea63,-3,0xfd
6208,0x0005ea64,0x67dcea64,-1,0xff
6209,0x0005ea65,0x67dcea65,-1,0xff
6210,0x0005ea66,0x67dcea66,-1,0xff
6211,0x0005ea67,0x67dcea67,-1,0xff
6212,0x0005ea68,0x67dcea68,-2,0xfe
6213,0x0005ea69,0x67dcea69,-2,0xfe
6214,0x0005ea6a,0x67dcea6a,-2,0xfe
6215,0x0005ea6b,0x67dcea6b,-2,0xfe
6216,0x0005ea6c,0x67dcea6c,-3,0xfd
6217,0x0005ea6d,0x67dcea6d,-3,0xfd
6218,0x0005ea6e,0x67dcea6e,-3,0xfd
6219,0x0005ea6f,0x67dcea6f,-3,0xfd
6220,0x0005ea70,0x67dcea70,-3,0xfd
6221,0x0005ea71,0x67dcea71,-3,0xfd
6222,0x0005ea72,0x67dcea72,-4,0xfc
6223,0x0005ea73,0x67dcea73,-3,0xfd
6224,0x0005ea74,0x67dcea74,-2,0xfe
6225,0x0005ea75,0x67dcea75,-2,0xfe
6226,0x0005ea76,0x67dcea76,-2,0xfe
6227,0x0005ea77,0x67dcea77,-2,0xfe
6228,0x0005ea78,0x67dcea78,1,0x01
6229,0x0005ea79,0x67dcea79,1,0x01
6230,0x0005ea7a,0x67dcea7a,1,0x01
6231,0x0005ea7b,0x67dcea7b,1,0x01
6232,0x0005ea7c,0x67dcea7c,4,0x04
6233,0x0005ea7d,0x67dcea7d,5,0x05
6234,0x0005ea7e,0x67dcea7e,5,0x05
6235,0x0005ea7f,0x67dcea7f,5,0x05
6236,0x0005ea80,0x67dcea80,7,0x07
6237,0x0005ea81,0x67dcea81,7,0x07
6238,0x0005ea82,0x67dcea82,8,0x08
6239,0x0005ea83,0x67dcea83,8,0x08
6240,0x0005ea84,0x67dcea84,-2,0xfe
6241,0x0005ea85,0x67dcea85,-3,0xfd
6242,0x0005ea86,0x67dcea86,-3,0xfd
6243,0x0005ea87,0x67dcea87,-2,0xfe
6244,0x0005ea88,0x67dcea88,1,0x01
6245,0x0005ea89,0x67dcea89,0,0x00
6246,0x0005ea8a,0x67dcea8a,-1,0xff
6247,0x0005ea8b,0x67dcea8b,-1,0xff
6248,0x0005ea8c,0x67dcea8c,4,0x04
6249,0x0005ea8d,0x67dcea8d,3,0x03
6250,0x0005ea8e,0x67dcea8e,3,0x03
6251,0x0005ea8f,0x67dcea8f,2,0x02
6252,0x0005ea90,0x67dcea90,8,0x08
6253,0x0005ea91,0x67dcea91,7,0x07
6254,0x0005ea92,0x67dcea92,6,0x06
6255,0x0005ea93,0x67dcea93,5,0x05
6256,0x0005ea94,0x67dcea94,2,0x02
6257,0x0005ea95,0x67dcea95,1,0x01
6258,0x0005ea96,0x67dcea96,2,0x02
6259,0x0005ea97,0x67dcea97,4,0x04
6260,0x0005ea98,0x67dcea98,1,0x01
6261,0x0005ea99,0x67dcea99,1,0x01
6262,0x0005ea9a,0x67dcea9a,2,0x02
6263,0x0005ea9b,0x67dcea9b,5,0x05
6264,0x0005ea9c,0x67dcea9c,1,0x01
6265,0x0005ea9d,0x67dcea9d,2,0x02
6266,0x0005ea9e,0x67dcea9e,1,0x01
6267,0x0005ea9f,0x67dcea9f,4,0x04
6268,0x0005eaa0,0x67dceaa0,1,0x01
6269,0x0005eaa1,0x67dceaa1,1,0x01
6270,0x0005eaa2,0x67dceaa2,1,0x01
6271,0x0005eaa3,0x67dceaa3,5,0x05
6272,0x0005eaa4,0x67dceaa4,4,0x04
6273,0x0005eaa5,0x67dceaa5,0,0x00
6274,0x0005eaa6,0x67dceaa6,-4,0xfc
6275,0x0005eaa7,0x67dceaa7,-6,0xfa
6276,0x0005eaa8,0x67dceaa8,5,0x05
6277,0x0005eaa9,0x67dceaa9,1,0x01
6278,0x0005eaaa,0x67dceaaa,-5,0xfb
6279,0x0005eaab,0x67dceaab,-7,0xf9
6280,0x0005eaac,0x67dceaac,5,0x05
6281,0x0005eaad,0x67dceaad,1,0x01
6282,0x0005eaae,0x67dceaae,-5,0xfb
6283,0x0005eaaf,0x67dceaaf,-8,0xf8
6284,0x0005eab0,0x67dceab0,5,0x05
6285,0x0005eab1,0x67dceab1,0,0x00
6286,0x0005eab2,0x67dceab2,-6,0xfa
6287,0x0005eab3,0x67dceab3,-8,0xf8
6288,0x0005eab4,0x67dceab4,0,0x00
6289,0x0005eab5,0x67dceab5,1,0x01
6290,0x0005eab6,0x67dceab6,1,0x01
6291,0x0005eab7,0x67dceab7,5,0x05
6292,0x0005eab8,0x67dceab8,0,0x00
6293,0x0005eab9,0x67dceab9,0,0x00
6294,0x0005eaba,0x67dceaba,1,0x01
6295,0x0005eabb,0x67dceabb,4,0x04
6296,0x0005eabc,0x67dceabc,0,0x00
6297,0x0005eabd,0x67dceabd,0,0x00
6298,0x0005eabe,0x67dceabe,1,0x01
6299,0x0005eabf,0x67dceabf,4,0x04
6300,0x0005eac0,0x67dceac0,0,0x00
6301,0x0005eac1,0x67dceac1,0,0x00
6302,0x0005eac2,0x67dceac2,1,0x01
6303,0x0005eac3,0x67dceac3,4,0x04
6304,0x0005eac4,0x67dceac4,6,0x06
6305,0x0005eac5,0x67dceac5,1,0x01
6306,0x0005eac6,0x67dceac6,-6,0xfa
6307,0x0005eac7,0x67dceac7,-9,0xf7
6308,0x0005eac8,0x67dceac8,5,0x05
6309,0x0005eac9,0x67dceac9,0,0x00
6310,0x0005eaca,0x67dceaca,-5,0xfb
6311,0x0005eacb,0x67dceacb,-8,0xf8
6312,0x0005eacc,0x67dceacc,5,0x05
6313,0x0005eacd,0x67dceacd,0,0x00
6314,0x0005eace,0x67dceace,-5,0xfb
6315,0x0005eacf,0x67dceacf,-7,0xf9
6316,0x0005ead0,0x67dcead0,4,0x04
6317,0x0005ead1,0x67dcead1,1,0x01
6318,0x0005ead2,0x67dcead2,-4,0xfc
6319,0x0005ead3,0x67dcead3,-7,0xf9
6320,0x0005ead4,0x67dcead4,1,0x01
6321,0x0005ead5,0x67dcead5,2,0x02
6322,0x0005ead6,0x67dcead6,3,0x03
6323,0x0005ead7,0x67dcead7,0,0x00
6324,0x0005ead8,0x67dcead8,1,0x01
6325,0x0005ead9,0x67dcead9,3,0x03
6326,0x0005eada,0x67dceada,4,0x04
6327,0x0005eadb,0x67dceadb,0,0x00
6328,0x0005eadc,0x67dceadc,2,0x02
6329,0x0005eadd,0x67dceadd,4,0x04
6330,0x0005eade,0x67dceade,5,0x05
6331,0x0005eadf,0x67dceadf,1,0x01
6332,0x0005eae0,0x67dceae0,2,0x02
6333,0x0005eae1,0x67dceae1,5,0x05
6334,0x0005eae2,0x67dceae2,6,0x06
6335,0x0005eae3,0x67dceae3,1,0x01
6336,0x0005eae4,0x67dceae4,-3,0xfd
6337,0x0005eae5,0x67dceae5,-4,0xfc
6338,0x0005eae6,0x67dceae6,-3,0xfd
6339,0x0005eae7,0x67dceae7,-1,0xff
6340,0x0005eae8,0x67dceae8,-3,0xfd
6341,0x0005eae9,0x67dceae9,-4,0xfc
6342,0x0005eaea,0x67dceaea,-3,0xfd
6343,0x0005eaeb,0x67dceaeb,-1,0xff
6344,0x0005eaec,0x67dceaec,-3,0xfd
6345,0x0005eaed,0x67dceaed,-4,0xfc
6346,0x0005eaee,0x67dceaee,-3,0xfd
6347,0x0005eaef,0x67dceaef,-2,0xfe
6348,0x0005eaf0,0x67dceaf0,-3,0xfd
6349,0x0005eaf1,0x67dceaf1,-5,0xfb
6350,0x0005eaf2,0x67dceaf2,-4,0xfc
6351,0x0005eaf3,0x67dceaf3,-2,0xfe
6352,0x0005eaf4,0x67dceaf4,3,0x03
6353,0x0005eaf5,0x67dceaf5,6,0x06
6354,0x0005eaf6,0x67dceaf6,6,0x06
6355,0x0005eaf7,0x67dceaf7,1,0x01
6356,0x0005eaf8,0x67dceaf8,3,0x03
6357,0x0005eaf9,0x67dceaf9,6,0x06
6358,0x0005eafa,0x67dceafa,6,0x06
6359,0x0005eafb,0x67dceafb,1,0x01
6360,0x0005eafc,0x67dceafc,3,0x03
6361,0x0005eafd,0x67dceafd,6,0x06
6362,0x0005eafe,0x67dceafe,6,0x06
6363,0x0005eaff,0x67dceaff,1,0x01
6364,0x0005eb00,0x67dceb00,3,0x03
6365,0x0005eb01,0x67dceb01,5,0x05
6366,0x0005eb02,0x67dceb02,5,0x05
6367,0x0005eb03,0x67dceb03,1,0x01
6368,0x0005eb04,0x67dceb04,-3,0xfd
6369,0x0005eb05,0x67dceb05,-5,0xfb
6370,0x0005eb06,0x67dceb06,-4,0xfc
6371,0x0005eb07,0x67dceb07,-2,0xfe
6372,0x0005eb08,0x67dceb08,-3,0xfd
6373,0x0005eb09,0x67dceb09,-5,0xfb
6374,0x0005eb0a,0x67dceb0a,-4,0xfc
6375,0x0005eb0b,0x67dceb0b,-2,0xfe
6376,0x0005eb0c,0x67dceb0c,-3,0xfd
6377,0x0005eb0d,0x67dceb0d,-5,0xfb
6378,0x0005eb0e,0x67dceb0e,-4,0xfc
6379,0x0005eb0f,0x67dceb0f,-2,0xfe
6380,0x0005eb10,0x67dceb10,-3,0xfd
6381,0x0005eb11,0x67dceb11,-4,0xfc
6382,0x0005eb12,0x67dceb12,-4,0xfc
6383,0x0005eb13,0x67dceb13,-2,0xfe
6384,0x0005eb14,0x67dceb14,2,0x02
6385,0x0005eb15,0x67dceb15,2,0x02
6386,0x0005eb16,0x67dceb16,2,0x02
6387,0x0005eb17,0x67dceb17,2,0x02
6388,0x0005eb18,0x67dceb18,4,0x04
6389,0x0005eb19,0x67dceb19,4,0x04
6390,0x0005eb1a,0x67dceb1a,4,0x04
6391,0x0005eb1b,0x67dceb1b,3,0x03
6392,0x0005eb1c,0x67dceb1c,4,0x04
6393,0x0005eb1d,0x67dceb1d,5,0x05
6394,0x0005eb1e,0x67dceb1e,4,0x04
6395,0x0005eb1f,0x67dceb1f,4,0x04
6396,0x0005eb20,0x67dceb20,4,0x04
6397,0x0005eb21,0x67dceb21,4,0x04
6398,0x0005eb22,0x67dceb22,4,0x04
6399,0x0005eb23,0x67dceb23,4,0x04
6400,0x0005eb24,0x67dceb24,1,0x01
6401,0x0005eb25,0x67dceb25,0,0x00
6402,0x0005eb26,0x67dceb26,0,0x00
6403,0x0005eb27,0x67dceb27,-1,0xff
6404,0x0005eb28,0x67dceb28,2,0x02
6405,0x0005eb29,0x67dceb29,1,0x01
6406,0x0005eb2a,0x67dceb2a,1,0x01
6407,0x0005eb2b,0x67dceb2b,0,0x00
6408,0x0005eb2c,0x67dceb2c,3,0x03
6409,0x0005eb2d,0x67dceb2d,3,0x03
6410,0x0005eb2e,0x67dceb2e,2,0x02
6411,0x0005eb2f,0x67dceb2f,1,0x01
6412,0x0005eb30,0x67dceb30,4,0x04
6413,0x0005eb31,0x67dceb31,3,0x03
6414,0x0005eb32,0x67dceb32,2,0x02
6415,0x0005eb33,0x67dceb33,2,0x02
6416,0x0005eb34,0x67dceb34,2,0x02
6417,0x0005eb35,0x67dceb35,3,0x03
6418,0x0005eb36,0x67dceb36,3,0x03
6419,0x0005eb37,0x67dceb37,3,0x03
6420,0x0005eb38,0x67dceb38,-1,0xff
6421,0x0005eb39,0x67dceb39,-1,0xff
6422,0x0005eb3a,0x67dceb3a,-1,0xff
6423,0x0005eb3b,0x67dceb3b,-1,0xff
6424,0x0005eb3c,0x67dceb3c,-5,0xfb
6425,0x0005eb3d,0x67dceb3d,-6,0xfa
6426,0x0005eb3e,0x67dceb3e,-6,0xfa
6427,0x0005eb3f,0x67dceb3f,-5,0xfb
6428,0x0005eb40,0x67dceb40,-7,0xf9
6429,0x0005eb41,0x67dceb41,-9,0xf7
6430,0x0005eb42,0x67dceb42,-9,0xf7
6431,0x0005eb43,0x67dceb43,-8,0xf8
6432,0x0005eb44,0x67dceb44,3,0x03
6433,0x0005eb45,0x67dceb45,3,0x03
6434,0x0005eb46,0x67dceb46,2,0x02
6435,0x0005eb47,0x67dceb47,1,0x01
6436,0x0005eb48,0x67dceb48,0,0x00
6437,0x0005eb49,0x67dceb49,0,0x00
6438,0x0005eb4a,0x67dceb4a,0,0x00
6439,0x0005eb4b,0x67dceb4b,0,0x00
6440,0x0005eb4c,0x67dceb4c,-5,0xfb
6441,0x0005eb4d,0x67dceb4d,-4,0xfc
6442,0x0005eb4e,0x67dceb4e,-3,0xfd
6443,0x0005eb4f,0x67dceb4f,-3,0xfd
6444,0x0005eb50,0x67dceb50,-7,0xf9
6445,0x0005eb51,0x67dceb51,-6,0xfa
6446,0x0005eb52,0x67dceb52,-6,0xfa
6447,0x0005eb53,0x67dceb53,-5,0xfb
6448,0x0005eb54,0x67dceb54,6,0x06
6449,0x0005eb55,0x67dceb55,6,0x06
6450,0x0005eb56,0x67dceb56,6,0x06
6451,0x0005eb57,0x67dceb57,6,0x06
6452,0x0005eb58,0x67dceb58,4,0x04
6453,0x0005eb59,0x67dceb59,4,0x04
6454,0x0005eb5a,0x67dceb5a,4,0x04
6455,0x0005eb5b,0x67dceb5b,3,0x03
6456,0x0005eb5c,0x67dceb5c,0,0x00
6457,0x0005eb5d,0x67dceb5d,-1,0xff
6458,0x0005eb5e,0x67dceb5e,-1,0xff
6459,0x0005eb5f,0x67dceb5f,-1,0xff
6460,0x0005eb60,0x67dceb60,-3,0xfd
6461,0x0005eb61,0x67dceb61,-5,0xfb
6462,0x0005eb62,0x67dceb62,-6,0xfa
6463,0x0005eb63,0x67dceb63,-6,0xfa
6464,0x0005eb64,0x67dceb64,6,0x06
6465,0x0005eb65,0x67dceb65,5,0x05
6466,0x0005eb66,0x67dceb66,5,0x05
6467,0x0005eb67,0x67dceb67,4,0x04
6468,0x0005eb68,0x67dceb68,3,0x03
6469,0x0005eb69,0x67dceb69,3,0x03
6470,0x0005eb6a,0x67dceb6a,3,0x03
6471,0x0005eb6b,0x67dceb6b,2,0x02
6472,0x0005eb6c,0x67dceb6c,-2,0xfe
6473,0x0005eb6d,0x67dceb6d,-2,0xfe
6474,0x0005eb6e,0x67dceb6e,-1,0xff
6475,0x0005eb6f,0x67dceb6f,-1,0xff
6476,0x0005eb70,0x67dceb70,-6,0xfa
6477,0x0005eb71,0x67dceb71,-6,0xfa
6478,0x0005eb72,0x67dceb72,-5,0xfb
6479,0x0005eb73,0x67dceb73,-4,0xfc
6480,0x0005eb74,0x67dceb74,-3,0xfd
6481,0x0005eb75,0x67dceb75,-5,0xfb
6482,0x0005eb76,0x67dceb76,-6,0xfa
6483,0x0005eb77,0x67dceb77,-7,0xf9
6484,0x0005eb78,0x67dceb78,-1,0xff
6485,0x0005eb79,0x67dceb79,-2,0xfe
6486,0x0005eb7a,0x67dceb7a,-2,0xfe
6487,0x0005eb7b,0x67dceb7b,-2,0xfe
6488,0x0005eb7c,0x67dceb7c,0,0x00
6489,0x0005eb7d,0x67dceb7d,1,0x01
6490,0x0005eb7e,0x67dceb7e,1,0x01
6491,0x0005eb7f,0x67dceb7f,1,0x01
6492,0x0005eb80,0x67dceb80,3,0x03
6493,0x0005eb81,0x67dceb81,3,0x03
6494,0x0005eb82,0x67dceb82,3,0x03
6495,0x0005eb83,0x67dceb83,3,0x03
6496,0x0005eb84,0x67dceb84,-6,0xfa
6497,0x0005eb85,0x67dceb85,-6,0xfa
6498,0x0005eb86,0x67dceb86,-5,0xfb
6499,0x0005eb87,0x67dceb87,-4,0xfc
6500,0x0005eb88,0x67dceb88,-2,0xfe
6501,0x0005eb89,0x67dceb89,-2,0xfe
6502,0x0005eb8a,0x67dceb8a,-1,0xff
6503,0x0005eb8b,0x67dceb8b,-1,0xff
6504,0x0005eb8c,0x67dceb8c,1,0x01
6505,0x0005eb8d,0x67dceb8d,1,0x01
6506,0x0005eb8e,0x67dceb8e,1,0x01
6507,0x0005eb8f,0x67dceb8f,1,0x01
6508,0x0005eb90,0x67dceb90,3,0x03
6509,0x0005eb91,0x67dceb91,3,0x03
6510,0x0005eb92,0x67dceb92,3,0x03
6511,0x0005eb93,0x67dceb93,3,0x03
6512,0x0005eb94,0x67dceb94,2,0x02
6513,0x0005eb95,0x67dceb95,1,0x01
6514,0x0005eb96,0x67dceb96,-2,0xfe
6515,0x0005eb97,0x67dceb97,-5,0xfb
6516,0x0005eb98,0x67dceb98,2,0x02
6517,0x0005eb99,0x67dceb99,1,0x01
6518,0x0005eb9a,0x67dceb9a,-2,0xfe
6519,0x0005eb9b,0x67dceb9b,-6,0xfa
6520,0x0005eb9c,0x67dceb9c,2,0x02
6521,0x0005eb9d,0x67dceb9d,1,0x01
6522,0x0005eb9e,0x67dceb9e,-2,0xfe
6523,0x0005eb9f,0x67dceb9f,-6,0xfa
6524,0x0005eba0,0x67dceba0,3,0x03
6525,0x0005eba1,0x67dceba1,2,0x02
6526,0x0005eba2,0x67dceba2,-2,0xfe
6527,0x0005eba3,0x67dceba3,-7,0xf9
6528,0x0005eba4,0x67dceba4,-4,0xfc
6529,0x0005eba5,0x67dceba5,0,0x00
6530,0x0005eba6,0x67dceba6,2,0x02
6531,0x0005eba7,0x67dceba7,5,0x05
6532,0x0005eba8,0x67dceba8,-5,0xfb
6533,0x0005eba9,0x67dceba9,0,0x00
6534,0x0005ebaa,0x67dcebaa,3,0x03
6535,0x0005ebab,0x67dcebab,5,0x05
6536,0x0005ebac,0x67dcebac,-6,0xfa
6537,0x0005ebad,0x67dcebad,-1,0xff
6538,0x0005ebae,0x67dcebae,3,0x03
6539,0x0005ebaf,0x67dcebaf,6,0x06
6540,0x0005ebb0,0x67dcebb0,-6,0xfa
6541,0x0005ebb1,0x67dcebb1,0,0x00
6542,0x0005ebb2,0x67dcebb2,4,0x04
6543,0x0005ebb3,0x67dcebb3,7,0x07
6544,0x0005ebb4,0x67dcebb4,2,0x02
6545,0x0005ebb5,0x67dcebb5,1,0x01
6546,0x0005ebb6,0x67dcebb6,-2,0xfe
6547,0x0005ebb7,0x67dcebb7,-7,0xf9
6548,0x0005ebb8,0x67dcebb8,2,0x02
6549,0x0005ebb9,0x67dcebb9,1,0x01
6550,0x0005ebba,0x67dcebba,-2,0xfe
6551,0x0005ebbb,0x67dcebbb,-6,0xfa
6552,0x0005ebbc,0x67dcebbc,2,0x02
6553,0x0005ebbd,0x67dcebbd,1,0x01
6554,0x0005ebbe,0x67dcebbe,-2,0xfe
6555,0x0005ebbf,0x67dcebbf,-6,0xfa
6556,0x0005ebc0,0x67dcebc0,1,0x01
6557,0x0005ebc1,0x67dcebc1,1,0x01
6558,0x0005ebc2,0x67dcebc2,-2,0xfe
6559,0x0005ebc3,0x67dcebc3,-5,0xfb
6560,0x0005ebc4,0x67dcebc4,-5,0xfb
6561,0x0005ebc5,0x67dcebc5,0,0x00
6562,0x0005ebc6,0x67dcebc6,5,0x05
6563,0x0005ebc7,0x67dcebc7,7,0x07
6564,0x0005ebc8,0x67dcebc8,-5,0xfb
6565,0x0005ebc9,0x67dcebc9,0,0x00
6566,0x0005ebca,0x67dcebca,4,0x04
6567,0x0005ebcb,0x67dcebcb,7,0x07
6568,0x0005ebcc,0x67dcebcc,-4,0xfc
6569,0x0005ebcd,0x67dcebcd,0,0x00
6570,0x0005ebce,0x67dcebce,4,0x04
6571,0x0005ebcf,0x67dcebcf,6,0x06
6572,0x0005ebd0,0x67dcebd0,-4,0xfc
6573,0x0005ebd1,0x67dcebd1,0,0x00
6574,0x0005ebd2,0x67dcebd2,3,0x03
6575,0x0005ebd3,0x67dcebd3,6,0x06
6576,0x0005ebd4,0x67dcebd4,-10,0xf6
6577,0x0005ebd5,0x67dcebd5,-9,0xf7
6578,0x0005ebd6,0x67dcebd6,-6,0xfa
6579,0x0005ebd7,0x67dcebd7,-4,0xfc
6580,0x0005ebd8,0x67dcebd8,-10,0xf6
6581,0x0005ebd9,0x67dcebd9,-9,0xf7
6582,0x0005ebda,0x67dcebda,-5,0xfb
6583,0x0005ebdb,0x67dcebdb,-3,0xfd
6584,0x0005ebdc,0x67dcebdc,-9,0xf7
6585,0x0005ebdd,0x67dcebdd,-7,0xf9
6586,0x0005ebde,0x67dcebde,-3,0xfd
6587,0x0005ebdf,0x67dcebdf,-1,0xff
6588,0x0005ebe0,0x67dcebe0,-7,0xf9
6589,0x0005ebe1,0x67dcebe1,-5,0xfb
6590,0x0005ebe2,0x67dcebe2,-2,0xfe
6591,0x0005ebe3,0x67dcebe3,0,0x00
6592,0x0005ebe4,0x67dcebe4,-1,0xff
6593,0x0005ebe5,0x67dcebe5,2,0x02
6594,0x0005ebe6,0x67dcebe6,3,0x03
6595,0x0005ebe7,0x67dcebe7,2,0x02
6596,0x0005ebe8,0x67dcebe8,0,0x00
6597,0x0005ebe9,0x67dcebe9,4,0x04
6598,0x0005ebea,0x67dcebea,4,0x04
6599,0x0005ebeb,0x67dcebeb,3,0x03
6600,0x0005ebec,0x67dcebec,2,0x02
6601,0x0005ebed,0x67dcebed,5,0x05
6602,0x0005ebee,0x67dcebee,5,0x05
6603,0x0005ebef,0x67dcebef,3,0x03
6604,0x0005ebf0,0x67dcebf0,3,0x03
6605,0x0005ebf1,0x67dcebf1,5,0x05
6606,0x0005ebf2,0x67dcebf2,5,0x05
6607,0x0005ebf3,0x67dcebf3,3,0x03
6608,0x0005ebf4,0x67dcebf4,-6,0xfa
6609,0x0005ebf5,0x67dcebf5,-3,0xfd
6610,0x0005ebf6,0x67dcebf6,0,0x00
6611,0x0005ebf7,0x67dcebf7,1,0x01
6612,0x0005ebf8,0x67dcebf8,-4,0xfc
6613,0x0005ebf9,0x67dcebf9,-2,0xfe
6614,0x0005ebfa,0x67dcebfa,1,0x01
6615,0x0005ebfb,0x67dcebfb,2,0x02
6616,0x0005ebfc,0x67dcebfc,-2,0xfe
6617,0x0005ebfd,0x67dcebfd,0,0x00
6618,0x0005ebfe,0x67dcebfe,1,0x01
6619,0x0005ebff,0x67dcebff,2,0x02
6620,0x0005ec00,0x67dcec00,-1,0xff
6621,0x0005ec01,0x67dcec01,1,0x01
6622,0x0005ec02,0x67dcec02,2,0x02
6623,0x0005ec03,0x67dcec03,2,0x02
6624,0x0005ec04,0x67dcec04,4,0x04
6625,0x0005ec05,0x67dcec05,6,0x06
6626,0x0005ec06,0x67dcec06,5,0x05
6627,0x0005ec07,0x67dcec07,3,0x03
6628,0x0005ec08,0x67dcec08,3,0x03
6629,0x0005ec09,0x67dcec09,5,0x05
6630,0x0005ec0a,0x67dcec0a,4,0x04
6631,0x0005ec0b,0x67dcec0b,2,0x02
6632,0x0005ec0c,0x67dcec0c,2,0x02
6633,0x0005ec0d,0x67dcec0d,4,0x04
6634,0x0005ec0e,0x67dcec0e,3,0x03
6635,0x0005ec0f,0x67dcec0f,1,0x01
6636,0x0005ec10,0x67dcec10,2,0x02
6637,0x0005ec11,0x67dcec11,3,0x03
6638,0x0005ec12,0x67dcec12,3,0x03
6639,0x0005ec13,0x67dcec13,1,0x01
6640,0x0005ec14,0x67dcec14,-4,0xfc
6641,0x0005ec15,0x67dcec15,-5,0xfb
6642,0x0005ec16,0x67dcec16,-5,0xfb
6643,0x0005ec17,0x67dcec17,-6,0xfa
6644,0x0005ec18,0x67dcec18,-3,0xfd
6645,0x0005ec19,0x67dcec19,-3,0xfd
6646,0x0005ec1a,0x67dcec1a,-4,0xfc
6647,0x0005ec1b,0x67dcec1b,-4,0xfc
6648,0x0005ec1c,0x67dcec1c,0,0x00
6649,0x0005ec1d,0x67dcec1d,0,0x00
6650,0x0005ec1e,0x67dcec1e,0,0x00
6651,0x0005ec1f,0x67dcec1f,0,0x00
6652,0x0005ec20,0x67dcec20,5,0x05
6653,0x0005ec21,0x67dcec21,5,0x05
6654,0x0005ec22,0x67dcec22,6,0x06
6655,0x0005ec23,0x67dcec23,5,0x05
6656,0x0005ec24,0x67dcec24,-6,0xfa
6657,0x0005ec25,0x67dcec25,-6,0xfa
6658,0x0005ec26,0x67dcec26,-6,0xfa
6659,0x0005ec27,0x67dcec27,-5,0xfb
6660,0x0005ec28,0x67dcec28,-4,0xfc
6661,0x0005ec29,0x67dcec29,-4,0xfc
6662,0x0005ec2a,0x67dcec2a,-4,0xfc
6663,0x0005ec2b,0x67dcec2b,-4,0xfc
6664,0x0005ec2c,0x67dcec2c,-1,0xff
6665,0x0005ec2d,0x67dcec2d,-1,0xff
6666,0x0005ec2e,0x67dcec2e,-1,0xff
6667,0x0005ec2f,0x67dcec2f,-1,0xff
6668,0x0005ec30,0x67dcec30,5,0x05
6669,0x0005ec31,0x67dcec31,4,0x04
6670,0x0005ec32,0x67dcec32,3,0x03
6671,0x0005ec33,0x67dcec33,2,0x02
6672,0x0005ec34,0x67dcec34,5,0x05
6673,0x0005ec35,0x67dcec35,6,0x06
6674,0x0005ec36,0x67dcec36,7,0x07
6675,0x0005ec37,0x67dcec37,7,0x07
6676,0x0005ec38,0x67dcec38,3,0x03
6677,0x0005ec39,0x67dcec39,3,0x03
6678,0x0005ec3a,0x67dcec3a,4,0x04
6679,0x0005ec3b,0x67dcec3b,4,0x04
6680,0x0005ec3c,0x67dcec3c,0,0x00
6681,0x0005ec3d,0x67dcec3d,-1,0xff
6682,0x0005ec3e,0x67dcec3e,0,0x00
6683,0x0005ec3f,0x67dcec3f,0,0x00
6684,0x0005ec40,0x67dcec40,-3,0xfd
6685,0x0005ec41,0x67dcec41,-3,0xfd
6686,0x0005ec42,0x67dcec42,-4,0xfc
6687,0x0005ec43,0x67dcec43,-4,0xfc
6688,0x0005ec44,0x67dcec44,7,0x07
6689,0x0005ec45,0x67dcec45,6,0x06
6690,0x0005ec46,0x67dcec46,5,0x05
6691,0x0005ec47,0x67dcec47,4,0x04
6692,0x0005ec48,0x67dcec48,4,0x04
6693,0x0005ec49,0x67dcec49,4,0x04
6694,0x0005ec4a,0x67dcec4a,3,0x03
6695,0x0005ec4b,0x67dcec4b,2,0x02
6696,0x0005ec4c,0x67dcec4c,-1,0xff
6697,0x0005ec4d,0x67dcec4d,-1,0xff
6698,0x0005ec4e,0x67dcec4e,0,0x00
6699,0x0005ec4f,0x67dcec4f,-1,0xff
6700,0x0005ec50,0x67dcec50,-4,0xfc
6701,0x0005ec51,0x67dcec51,-4,0xfc
6702,0x0005ec52,0x67dcec52,-3,0xfd
6703,0x0005ec53,0x67dcec53,-3,0xfd
6704,0x0005ec54,0x67dcec54,1,0x01
6705,0x0005ec55,0x67dcec55,-2,0xfe
6706,0x0005ec56,0x67dcec56,-5,0xfb
6707,0x0005ec57,0x67dcec57,1,0x01
6708,0x0005ec58,0x67dcec58,1,0x01
6709,0x0005ec59,0x67dcec59,-3,0xfd
6710,0x0005ec5a,0x67dcec5a,-6,0xfa
6711,0x0005ec5b,0x67dcec5b,1,0x01
6712,0x0005ec5c,0x67dcec5c,0,0x00
6713,0x0005ec5d,0x67dcec5d,-4,0xfc
6714,0x0005ec5e,0x67dcec5e,-7,0xf9
6715,0x0005ec5f,0x67dcec5f,0,0x00
6716,0x0005ec60,0x67dcec60,-1,0xff
6717,0x0005ec61,0x67dcec61,-5,0xfb
6718,0x0005ec62,0x67dcec62,-9,0xf7
6719,0x0005ec63,0x67dcec63,-1,0xff
6720,0x0005ec64,0x67dcec64,5,0x05
6721,0x0005ec65,0x67dcec65,4,0x04
6722,0x0005ec66,0x67dcec66,2,0x02
6723,0x0005ec67,0x67dcec67,0,0x00
6724,0x0005ec68,0x67dcec68,6,0x06
6725,0x0005ec69,0x67dcec69,5,0x05
6726,0x0005ec6a,0x67dcec6a,2,0x02
6727,0x0005ec6b,0x67dcec6b,0,0x00
6728,0x0005ec6c,0x67dcec6c,6,0x06
6729,0x0005ec6d,0x67dcec6d,6,0x06
6730,0x0005ec6e,0x67dcec6e,2,0x02
6731,0x0005ec6f,0x67dcec6f,1,0x01
6732,0x0005ec70,0x67dcec70,6,0x06
6733,0x0005ec71,0x67dcec71,6,0x06
6734,0x0005ec72,0x67dcec72,3,0x03
6735,0x0005ec73,0x67dcec73,1,0x01
6736,0x0005ec74,0x67dcec74,-1,0xff
6737,0x0005ec75,0x67dcec75,-6,0xfa
6738,0x0005ec76,0x67dcec76,-10,0xf6
6739,0x0005ec77,0x67dcec77,-2,0xfe
6740,0x0005ec78,0x67dcec78,-1,0xff
6741,0x0005ec79,0x67dcec79,-6,0xfa
6742,0x0005ec7a,0x67dcec7a,-9,0xf7
6743,0x0005ec7b,0x67dcec7b,-2,0xfe
6744,0x0005ec7c,0x67dcec7c,-2,0xfe
6745,0x0005ec7d,0x67dcec7d,-6,0xfa
6746,0x0005ec7e,0x67dcec7e,-9,0xf7
6747,0x0005ec7f,0x67dcec7f,-2,0xfe
6748,0x0005ec80,0x67dcec80,-2,0xfe
6749,0x0005ec81,0x67dcec81,-6,0xfa
6750,0x0005ec82,0x67dcec82,-7,0xf9
6751,0x0005ec83,0x67dcec83,-2,0xfe
6752,0x0005ec84,0x67dcec84,6,0x06
6753,0x0005ec85,0x67dcec85,6,0x06
6754,0x0005ec86,0x67dcec86,3,0x03
6755,0x0005ec87,0x67dcec87,1,0x01
6756,0x0005ec88,0x67dcec88,5,0x05
6757,0x0005ec89,0x67dcec89,6,0x06
6758,0x0005ec8a,0x67dcec8a,3,0x03
6759,0x0005ec8b,0x67dcec8b,1,0x01
6760,0x0005ec8c,0x67dcec8c,5,0x05
6761,0x0005ec8d,0x67dcec8d,5,0x05
6762,0x0005ec8e,0x67dcec8e,3,0x03
6763,0x0005ec8f,0x67dcec8f,1,0x01
6764,0x0005ec90,0x67dcec90,4,0x04
6765,0x0005ec91,0x67dcec91,4,0x04
6766,0x0005ec92,0x67dcec92,2,0x02
6767,0x0005ec93,0x67dcec93,1,0x01
6768,0x0005ec94,0x67dcec94,-5,0xfb
6769,0x0005ec95,0x67dcec95,-7,0xf9
6770,0x0005ec96,0x67dcec96,-8,0xf8
6771,0x0005ec97,0x67dcec97,-9,0xf7
6772,0x0005ec98,0x67dcec98,-5,0xfb
6773,0x0005ec99,0x67dcec99,-6,0xfa
6774,0x0005ec9a,0x67dcec9a,-6,0xfa
6775,0x0005ec9b,0x67dcec9b,-7,0xf9
6776,0x0005ec9c,0x67dcec9c,-3,0xfd
6777,0x0005ec9d,0x67dcec9d,-3,0xfd
6778,0x0005ec9e,0x67dcec9e,-3,0xfd
6779,0x0005ec9f,0x67dcec9f,-4,0xfc
6780,0x0005eca0,0x67dceca0,-1,0xff
6781,0x0005eca1,0x67dceca1,0,0x00
6782,0x0005eca2,0x67dceca2,0,0x00
6783,0x0005eca3,0x67dceca3,-1,0xff
6784,0x0005eca4,0x67dceca4,-9,0xf7
6785,0x0005eca5,0x67dceca5,-8,0xf8
6786,0x0005eca6,0x67dceca6,-7,0xf9
6787,0x0005eca7,0x67dceca7,-6,0xfa
6788,0x0005eca8,0x67dceca8,-7,0xf9
6789,0x0005eca9,0x67dceca9,-6,0xfa
6790,0x0005ecaa,0x67dcecaa,-6,0xfa
6791,0x0005ecab,0x67dcecab,-5,0xfb
6792,0x0005ecac,0x67dcecac,-5,0xfb
6793,0x0005ecad,0x67dcecad,-5,0xfb
6794,0x0005ecae,0x67dcecae,-4,0xfc
6795,0x0005ecaf,0x67dcecaf,-4,0xfc
6796,0x0005ecb0,0x67dcecb0,-1,0xff
6797,0x0005ecb1,0x67dcecb1,-1,0xff
6798,0x0005ecb2,0x67dcecb2,-1,0xff
6799,0x0005ecb3,0x67dcecb3,-1,0xff
6800,0x0005ecb4,0x67dcecb4,0,0x00
6801,0x0005ecb5,0x67dcecb5,1,0x01
6802,0x0005ecb6,0x67dcecb6,2,0x02
6803,0x0005ecb7,0x67dcecb7,2,0x02
6804,0x0005ecb8,0x67dcecb8,2,0x02
6805,0x0005ecb9,0x67dcecb9,3,0x03
6806,0x0005ecba,0x67dcecba,4,0x04
6807,0x0005ecbb,0x67dcecbb,5,0x05
6808,0x0005ecbc,0x67dcecbc,3,0x03
6809,0x0005ecbd,0x67dcecbd,4,0x04
6810,0x0005ecbe,0x67dcecbe,5,0x05
6811,0x0005ecbf,0x67dcecbf,6,0x06
6812,0x0005ecc0,0x67dcecc0,3,0x03
6813,0x0005ecc1,0x67dcecc1,4,0x04
6814,0x0005ecc2,0x67dcecc2,5,0x05
6815,0x0005ecc3,0x67dcecc3,6,0x06
6816,0x0005ecc4,0x67dcecc4,2,0x02
6817,0x0005ecc5,0x67dcecc5,2,0x02
6818,0x0005ecc6,0x67dcecc6,2,0x02
6819,0x0005ecc7,0x67dcecc7,1,0x01
6820,0x0005ecc8,0x67dcecc8,5,0x05
6821,0x0005ecc9,0x67dcecc9,5,0x05
6822,0x0005ecca,0x67dcecca,5,0x05
6823,0x0005eccb,0x67dceccb,4,0x04
6824,0x0005eccc,0x67dceccc,8,0x08
6825,0x0005eccd,0x67dceccd,8,0x08
6826,0x0005ecce,0x67dcecce,8,0x08
6827,0x0005eccf,0x67dceccf,7,0x07
6828,0x0005ecd0,0x67dcecd0,7,0x07
6829,0x0005ecd1,0x67dcecd1,7,0x07
6830,0x0005ecd2,0x67dcecd2,7,0x07
6831,0x0005ecd3,0x67dcecd3,6,0x06
6832,0x0005ecd4,0x67dcecd4,5,0x05
6833,0x0005ecd5,0x67dcecd5,6,0x06
6834,0x0005ecd6,0x67dcecd6,7,0x07
6835,0x0005ecd7,0x67dcecd7,8,0x08
6836,0x0005ecd8,0x67dcecd8,3,0x03
6837,0x0005ecd9,0x67dcecd9,4,0x04
6838,0x0005ecda,0x67dcecda,6,0x06
6839,0x0005ecdb,0x67dcecdb,7,0x07
6840,0x0005ecdc,0x67dcecdc,0,0x00
6841,0x0005ecdd,0x67dcecdd,1,0x01
6842,0x0005ecde,0x67dcecde,2,0x02
6843,0x0005ecdf,0x67dcecdf,3,0x03
6844,0x0005ece0,0x67dcece0,-1,0xff
6845,0x0005ece1,0x67dcece1,-2,0xfe
6846,0x0005ece2,0x67dcece2,-1,0xff
6847,0x0005ece3,0x67dcece3,-1,0xff
6848,0x0005ece4,0x67dcece4,9,0x09
6849,0x0005ece5,0x67dcece5,10,0x0a
6850,0x0005ece6,0x67dcece6,10,0x0a
6851,0x0005ece7,0x67dcece7,9,0x09
6852,0x0005ece8,0x67dcece8,8,0x08
6853,0x0005ece9,0x67dcece9,9,0x09
6854,0x0005ecea,0x67dcecea,9,0x09
6855,0x0005eceb,0x67dceceb,8,0x08
6856,0x0005ecec,0x67dcecec,4,0x04
6857,0x0005eced,0x67dceced,5,0x05
6858,0x0005ecee,0x67dcecee,5,0x05
6859,0x0005ecef,0x67dcecef,5,0x05
6860,0x0005ecf0,0x67dcecf0,0,0x00
6861,0x0005ecf1,0x67dcecf1,1,0x01
6862,0x0005ecf2,0x67dcecf2,2,0x02
6863,0x0005ecf3,0x67dcecf3,2,0x02
6864,0x0005ecf4,0x67dcecf4,-2,0xfe
6865,0x0005ecf5,0x67dcecf5,-3,0xfd
6866,0x0005ecf6,0x67dcecf6,-3,0xfd
6867,0x0005ecf7,0x67dcecf7,-3,0xfd
6868,0x0005ecf8,0x67dcecf8,-3,0xfd
6869,0x0005ecf9,0x67dcecf9,-4,0xfc
6870,0x0005ecfa,0x67dcecfa,-5,0xfb
6871,0x0005ecfb,0x67dcecfb,-5,0xfb
6872,0x0005ecfc,0x67dcecfc,-4,0xfc
6873,0x0005ecfd,0x67dcecfd,-5,0xfb
6874,0x0005ecfe,0x67dcecfe,-5,0xfb
6875,0x0005ecff,0x67dcecff,-6,0xfa
6876,0x0005ed00,0x67dced00,-3,0xfd
6877,0x0005ed01,0x67dced01,-4,0xfc
6878,0x0005ed02,0x67dced02,-5,0xfb
6879,0x0005ed03,0x67dced03,-6,0xfa
6880,0x0005ed04,0x67dced04,-3,0xfd
6881,0x0005ed05,0x67dced05,-2,0xfe
6882,0x0005ed06,0x67dced06,-1,0xff
6883,0x0005ed07,0x67dced07,0,0x00
6884,0x0005ed08,0x67dced08,-5,0xfb
6885,0x0005ed09,0x67dced09,-5,0xfb
6886,0x0005ed0a,0x67dced0a,-5,0xfb
6887,0x0005ed0b,0x67dced0b,-4,0xfc
6888,0x0005ed0c,0x67dced0c,-7,0xf9
6889,0x0005ed0d,0x67dced0d,-7,0xf9
6890,0x0005ed0e,0x67dced0e,-6,0xfa
6891,0x0005ed0f,0x67dced0f,-5,0xfb
6892,0x0005ed10,0x67dced10,-7,0xf9
6893,0x0005ed11,0x67dced11,-7,0xf9
6894,0x0005ed12,0x67dced12,-6,0xfa
6895,0x0005ed13,0x67dced13,-6,0xfa
6896,0x0005ed14,0x67dced14,13,0x0d
6897,0x0005ed15,0x67dced15,7,0x07
6898,0x0005ed16,0x67dced16,0,0x00
6899,0x0005ed17,0x67dced17,-3,0xfd
6900,0x0005ed18,0x67dced18,14,0x0e
6901,0x0005ed19,0x67dced19,7,0x07
6902,0x0005ed1a,0x67dced1a,0,0x00
6903,0x0005ed1b,0x67dced1b,-3,0xfd
6904,0x0005ed1c,0x67dced1c,15,0x0f
6905,0x0005ed1d,0x67dced1d,8,0x08
6906,0x0005ed1e,0x67dced1e,-1,0xff
6907,0x0005ed1f,0x67dced1f,-4,0xfc
6908,0x0005ed20,0x67dced20,15,0x0f
6909,0x0005ed21,0x67dced21,8,0x08
6910,0x0005ed22,0x67dced22,-1,0xff
6911,0x0005ed23,0x67dced23,-4,0xfc
6912,0x0005ed24,0x67dced24,-3,0xfd
6913,0x0005ed25,0x67dced25,-4,0xfc
6914,0x0005ed26,0x67dced26,-4,0xfc
6915,0x0005ed27,0x67dced27,-5,0xfb
6916,0x0005ed28,0x67dced28,-3,0xfd
6917,0x0005ed29,0x67dced29,-4,0xfc
6918,0x0005ed2a,0x67dced2a,-4,0xfc
6919,0x0005ed2b,0x67dced2b,-4,0xfc
6920,0x0005ed2c,0x67dced2c,-4,0xfc
6921,0x0005ed2d,0x67dced2d,-4,0xfc
6922,0x0005ed2e,0x67dced2e,-5,0xfb
6923,0x0005ed2f,0x67dced2f,-4,0xfc
6924,0x0005ed30,0x67dced30,-4,0xfc
6925,0x0005ed31,0x67dced31,-5,0xfb
6926,0x0005ed32,0x67dced32,-4,0xfc
6927,0x0005ed33,0x67dced33,-3,0xfd
6928,0x0005ed34,0x67dced34,15,0x0f
6929,0x0005ed35,0x67dced35,7,0x07
6930,0x0005ed36,0x67dced36,-1,0xff
6931,0x0005ed37,0x67dced37,-4,0xfc
6932,0x0005ed38,0x67dced38,14,0x0e
6933,0x0005ed39,0x67dced39,7,0x07
6934,0x0005ed3a,0x67dced3a,-1,0xff
6935,0x0005ed3b,0x67dced3b,-4,0xfc
6936,0x0005ed3c,0x67dced3c,12,0x0c
6937,0x0005ed3d,0x67dced3d,6,0x06
6938,0x0005ed3e,0x67dced3e,-1,0xff
6939,0x0005ed3f,0x67dced3f,-4,0xfc
6940,0x0005ed40,0x67dced40,11,0x0b
6941,0x0005ed41,0x67dced41,5,0x05
6942,0x0005ed42,0x67dced42,-1,0xff
6943,0x0005ed43,0x67dced43,-4,0xfc
6944,0x0005ed44,0x67dced44,-5,0xfb
6945,0x0005ed45,0x67dced45,-5,0xfb
6946,0x0005ed46,0x67dced46,-5,0xfb
6947,0x0005ed47,0x67dced47,-4,0xfc
6948,0x0005ed48,0x67dced48,-4,0xfc
6949,0x0005ed49,0x67dced49,-4,0xfc
6950,0x0005ed4a,0x67dced4a,-4,0xfc
6951,0x0005ed4b,0x67dced4b,-3,0xfd
6952,0x0005ed4c,0x67dced4c,-4,0xfc
6953,0x0005ed4d,0x67dced4d,-4,0xfc
6954,0x0005ed4e,0x67dced4e,-4,0xfc
6955,0x0005ed4f,0x67dced4f,-3,0xfd
6956,0x0005ed50,0x67dced50,-4,0xfc
6957,0x0005ed51,0x67dced51,-4,0xfc
6958,0x0005ed52,0x67dced52,-4,0xfc
6959,0x0005ed53,0x67dced53,-3,0xfd
6960,0x0005ed54,0x67dced54,-17,0xef
6961,0x0005ed55,0x67dced55,-4,0xfc
6962,0x0005ed56,0x67dced56,5,0x05
6963,0x0005ed57,0x67dced57,4,0x04
6964,0x0005ed58,0x67dced58,-18,0xee
6965,0x0005ed59,0x67dced59,-5,0xfb
6966,0x0005ed5a,0x67dced5a,5,0x05
6967,0x0005ed5b,0x67dced5b,4,0x04
6968,0x0005ed5c,0x67dced5c,-19,0xed
6969,0x0005ed5d,0x67dced5d,-5,0xfb
6970,0x0005ed5e,0x67dced5e,6,0x06
6971,0x0005ed5f,0x67dced5f,4,0x04
6972,0x0005ed60,0x67dced60,-20,0xec
6973,0x0005ed61,0x67dced61,-5,0xfb
6974,0x0005ed62,0x67dced62,6,0x06
6975,0x0005ed63,0x67dced63,4,0x04
6976,0x0005ed64,0x67dced64,4,0x04
6977,0x0005ed65,0x67dced65,4,0x04
6978,0x0005ed66,0x67dced66,3,0x03
6979,0x0005ed67,0x67dced67,3,0x03
6980,0x0005ed68,0x67dced68,4,0x04
6981,0x0005ed69,0x67dced69,4,0x04
6982,0x0005ed6a,0x67dced6a,3,0x03
6983,0x0005ed6b,0x67dced6b,3,0x03
6984,0x0005ed6c,0x67dced6c,4,0x04
6985,0x0005ed6d,0x67dced6d,4,0x04
6986,0x0005ed6e,0x67dced6e,3,0x03
6987,0x0005ed6f,0x67dced6f,2,0x02
6988,0x0005ed70,0x67dced70,4,0x04
6989,0x0005ed71,0x67dced71,4,0x04
6990,0x0005ed72,0x67dced72,3,0x03
6991,0x0005ed73,0x67dced73,3,0x03
6992,0x0005ed74,0x67dced74,-20,0xec
6993,0x0005ed75,0x67dced75,-4,0xfc
6994,0x0005ed76,0x67dced76,6,0x06
6995,0x0005ed77,0x67dced77,4,0x04
6996,0x0005ed78,0x67dced78,-19,0xed
6997,0x0005ed79,0x67dced79,-5,0xfb
6998,0x0005ed7a,0x67dced7a,6,0x06
6999,0x0005ed7b,0x67dced7b,4,0x04
7000,0x0005ed7c,0x67dced7c,-18,0xee
7001,0x0005ed7d,0x67dced7d,-4,0xfc
7002,0x0005ed7e,0x67dced7e,5,0x05
7003,0x0005ed7f,0x67dced7f,4,0x04
7004,0x0005ed80,0x67dced80,-17,0xef
7005,0x0005ed81,0x67dced81,-5,0xfb
7006,0x0005ed82,0x67dced82,4,0x04
7007,0x0005ed83,0x67dced83,3,0x03
7008,0x0005ed84,0x67dced84,4,0x04
7009,0x0005ed85,0x67dced85,5,0x05
7010,0x0005ed86,0x67dced86,3,0x03
7011,0x0005ed87,0x67dced87,3,0x03
7012,0x0005ed88,0x67dced88,4,0x04
7013,0x0005ed89,0x67dced89,5,0x05
7014,0x0005ed8a,0x67dced8a,3,0x03
7015,0x0005ed8b,0x67dced8b,3,0x03
7016,0x0005ed8c,0x67dced8c,4,0x04
7017,0x0005ed8d,0x67dced8d,4,0x04
7018,0x0005ed8e,0x67dced8e,3,0x03
7019,0x0005ed8f,0x67dced8f,2,0x02
7020,0x0005ed90,0x67dced90,4,0x04
7021,0x0005ed91,0x67dced91,4,0x04
7022,0x0005ed92,0x67dced92,3,0x03
7023,0x0005ed93,0x67dced93,3,0x03
7024,0x0005ed94,0x67dced94,-6,0xfa
7025,0x0005ed95,0x67dced95,-6,0xfa
7026,0x0005ed96,0x67dced96,-6,0xfa
7027,0x0005ed97,0x67dced97,-4,0xfc
7028,0x0005ed98,0x67dced98,-6,0xfa
7029,0x0005ed99,0x67dced99,-7,0xf9
7030,0x0005ed9a,0x67dced9a,-7,0xf9
7031,0x0005ed9b,0x67dced9b,-4,0xfc
7032,0x0005ed9c,0x67dced9c,-8,0xf8
7033,0x0005ed9d,0x67dced9d,-8,0xf8
7034,0x0005ed9e,0x67dced9e,-7,0xf9
7035,0x0005ed9f,0x67dced9f,-4,0xfc
7036,0x0005eda0,0x67dceda0,-8,0xf8
7037,0x0005eda1,0x67dceda1,-8,0xf8
7038,0x0005eda2,0x67dceda2,-7,0xf9
7039,0x0005eda3,0x67dceda3,-5,0xfb
7040,0x0005eda4,0x67dceda4,-2,0xfe
7041,0x0005eda5,0x67dceda5,1,0x01
7042,0x0005eda6,0x67dceda6,6,0x06
7043,0x0005eda7,0x67dceda7,11,0x0b
7044,0x0005eda8,0x67dceda8,-2,0xfe
7045,0x0005eda9,0x67dceda9,2,0x02
7046,0x0005edaa,0x67dcedaa,8,0x08
7047,0x0005edab,0x67dcedab,13,0x0d
7048,0x0005edac,0x67dcedac,-2,0xfe
7049,0x0005edad,0x67dcedad,3,0x03
7050,0x0005edae,0x67dcedae,9,0x09
7051,0x0005edaf,0x67dcedaf,14,0x0e
7052,0x0005edb0,0x67dcedb0,-1,0xff
7053,0x0005edb1,0x67dcedb1,4,0x04
7054,0x0005edb2,0x67dcedb2,10,0x0a
7055,0x0005edb3,0x67dcedb3,16,0x10
7056,0x0005edb4,0x67dcedb4,-8,0xf8
7057,0x0005edb5,0x67dcedb5,-8,0xf8
7058,0x0005edb6,0x67dcedb6,-7,0xf9
7059,0x0005edb7,0x67dcedb7,-5,0xfb
7060,0x0005edb8,0x67dcedb8,-8,0xf8
7061,0x0005edb9,0x67dcedb9,-8,0xf8
7062,0x0005edba,0x67dcedba,-7,0xf9
7063,0x0005edbb,0x67dcedbb,-4,0xfc
7064,0x0005edbc,0x67dcedbc,-8,0xf8
7065,0x0005edbd,0x67dcedbd,-8,0xf8
7066,0x0005edbe,0x67dcedbe,-6,0xfa
7067,0x0005edbf,0x67dcedbf,-3,0xfd
7068,0x0005edc0,0x67dcedc0,-7,0xf9
7069,0x0005edc1,0x67dcedc1,-7,0xf9
7070,0x0005edc2,0x67dcedc2,-5,0xfb
7071,0x0005edc3,0x67dcedc3,-3,0xfd
7072,0x0005edc4,0x67dcedc4,-1,0xff
7073,0x0005edc5,0x67dcedc5,4,0x04
7074,0x0005edc6,0x67dcedc6,10,0x0a
7075,0x0005edc7,0x67dcedc7,17,0x11
7076,0x0005edc8,0x67dcedc8,0,0x00
7077,0x0005edc9,0x67dcedc9,5,0x05
7078,0x0005edca,0x67dcedca,10,0x0a
7079,0x0005edcb,0x67dcedcb,16,0x10
7080,0x0005edcc,0x67dcedcc,0,0x00
7081,0x0005edcd,0x67dcedcd,4,0x04
7082,0x0005edce,0x67dcedce,9,0x09
7083,0x0005edcf,0x67dcedcf,15,0x0f
7084,0x0005edd0,0x67dcedd0,0,0x00
7085,0x0005edd1,0x67dcedd1,4,0x04
7086,0x0005edd2,0x67dcedd2,8,0x08
7087,0x0005edd3,0x67dcedd3,12,0x0c
7088,0x0005edd4,0x67dcedd4,8,0x08
7089,0x0005edd5,0x67dcedd5,7,0x07
7090,0x0005edd6,0x67dcedd6,7,0x07
7091,0x0005edd7,0x67dcedd7,5,0x05
7092,0x0005edd8,0x67dcedd8,8,0x08
7093,0x0005edd9,0x67dcedd9,8,0x08
7094,0x0005edda,0x67dcedda,7,0x07
7095,0x0005eddb,0x67dceddb,5,0x05
7096,0x0005eddc,0x67dceddc,8,0x08
7097,0x0005eddd,0x67dceddd,8,0x08
7098,0x0005edde,0x67dcedde,7,0x07
7099,0x0005eddf,0x67dceddf,5,0x05
7100,0x0005ede0,0x67dcede0,8,0x08
7101,0x0005ede1,0x67dcede1,8,0x08
7102,0x0005ede2,0x67dcede2,7,0x07
7103,0x0005ede3,0x67dcede3,5,0x05
7104,0x0005ede4,0x67dcede4,2,0x02
7105,0x0005ede5,0x67dcede5,-2,0xfe
7106,0x0005ede6,0x67dcede6,-8,0xf8
7107,0x0005ede7,0x67dcede7,-14,0xf2
7108,0x0005ede8,0x67dcede8,2,0x02
7109,0x0005ede9,0x67dcede9,-2,0xfe
7110,0x0005edea,0x67dcedea,-8,0xf8
7111,0x0005edeb,0x67dcedeb,-15,0xf1
7112,0x0005edec,0x67dcedec,1,0x01
7113,0x0005eded,0x67dceded,-3,0xfd
7114,0x0005edee,0x67dcedee,-9,0xf7
7115,0x0005edef,0x67dcedef,-16,0xf0
7116,0x0005edf0,0x67dcedf0,1,0x01
7117,0x0005edf1,0x67dcedf1,-3,0xfd
7118,0x0005edf2,0x67dcedf2,-10,0xf6
7119,0x0005edf3,0x67dcedf3,-17,0xef
7120,0x0005edf4,0x67dcedf4,8,0x08
7121,0x0005edf5,0x67dcedf5,9,0x09
7122,0x0005edf6,0x67dcedf6,8,0x08
7123,0x0005edf7,0x67dcedf7,5,0x05
7124,0x0005edf8,0x67dcedf8,8,0x08
7125,0x0005edf9,0x67dcedf9,8,0x08
7126,0x0005edfa,0x67dcedfa,7,0x07
7127,0x0005edfb,0x67dcedfb,4,0x04
7128,0x0005edfc,0x67dcedfc,7,0x07
7129,0x0005edfd,0x67dcedfd,7,0x07
7130,0x0005edfe,0x67dcedfe,7,0x07
7131,0x0005edff,0x67dcedff,4,0x04
7132,0x0005ee00,0x67dcee00,6,0x06
7133,0x0005ee01,0x67dcee01,7,0x07
7134,0x0005ee02,0x67dcee02,6,0x06
7135,0x0005ee03,0x67dcee03,3,0x03
7136,0x0005ee04,0x67dcee04,1,0x01
7137,0x0005ee05,0x67dcee05,-3,0xfd
7138,0x0005ee06,0x67dcee06,-10,0xf6
7139,0x0005ee07,0x67dcee07,-17,0xef
7140,0x0005ee08,0x67dcee08,1,0x01
7141,0x0005ee09,0x67dcee09,-4,0xfc
7142,0x0005ee0a,0x67dcee0a,-10,0xf6
7143,0x0005ee0b,0x67dcee0b,-16,0xf0
7144,0x0005ee0c,0x67dcee0c,1,0x01
7145,0x0005ee0d,0x67dcee0d,-3,0xfd
7146,0x0005ee0e,0x67dcee0e,-9,0xf7
7147,0x0005ee0f,0x67dcee0f,-14,0xf2
7148,0x0005ee10,0x67dcee10,0,0x00
7149,0x0005ee11,0x67dcee11,-3,0xfd
7150,0x0005ee12,0x67dcee12,-9,0xf7
7151,0x0005ee13,0x67dcee13,-13,0xf3
7152,0x0005ee14,0x67dcee14,5,0x05
7153,0x0005ee15,0x67dcee15,1,0x01
7154,0x0005ee16,0x67dcee16,-4,0xfc
7155,0x0005ee17,0x67dcee17,-4,0xfc
7156,0x0005ee18,0x67dcee18,7,0x07
7157,0x0005ee19,0x67dcee19,2,0x02
7158,0x0005ee1a,0x67dcee1a,-3,0xfd
7159,0x0005ee1b,0x67dcee1b,-3,0xfd
7160,0x0005ee1c,0x67dcee1c,7,0x07
7161,0x0005ee1d,0x67dcee1d,1,0x01
7162,0x0005ee1e,0x67dcee1e,-3,0xfd
7163,0x0005ee1f,0x67dcee1f,-3,0xfd
7164,0x0005ee20,0x67dcee20,6,0x06
7165,0x0005ee21,0x67dcee21,1,0x01
7166,0x0005ee22,0x67dcee22,-3,0xfd
7167,0x0005ee23,0x67dcee23,-2,0xfe
7168,0x0005ee24,0x67dcee24,-3,0xfd
7169,0x0005ee25,0x67dcee25,-1,0xff
7170,0x0005ee26,0x67dcee26,0,0x00
7171,0x0005ee27,0x67dcee27,0,0x00
7172,0x0005ee28,0x67dcee28,-2,0xfe
7173,0x0005ee29,0x67dcee29,-1,0xff
7174,0x0005ee2a,0x67dcee2a,1,0x01
7175,0x0005ee2b,0x67dcee2b,0,0x00
7176,0x0005ee2c,0x67dcee2c,-1,0xff
7177,0x0005ee2d,0x67dcee2d,0,0x00
7178,0x0005ee2e,0x67dcee2e,1,0x01
7179,0x0005ee2f,0x67dcee2f,1,0x01
7180,0x0005ee30,0x67dcee30,-1,0xff
7181,0x0005ee31,0x67dcee31,1,0x01
7182,0x0005ee32,0x67dcee32,1,0x01
7183,0x0005ee33,0x67dcee33,0,0x00
7184,0x0005ee34,0x67dcee34,6,0x06
7185,0x0005ee35,0x67dcee35,0,0x00
7186,0x0005ee36,0x67dcee36,-4,0xfc
7187,0x0005ee37,0x67dcee37,-2,0xfe
7188,0x0005ee38,0x67dcee38,5,0x05
7189,0x0005ee39,0x67dcee39,0,0x00
7190,0x0005ee3a,0x67dcee3a,-4,0xfc
7191,0x0005ee3b,0x67dcee3b,-3,0xfd
7192,0x0005ee3c,0x67dcee3c,5,0x05
7193,0x0005ee3d,0x67dcee3d,0,0x00
7194,0x0005ee3e,0x67dcee3e,-3,0xfd
7195,0x0005ee3f,0x67dcee3f,-1,0xff
7196,0x0005ee40,0x67dcee40,4,0x04
7197,0x0005ee41,0x67dcee41,1,0x01
7198,0x0005ee42,0x67dcee42,-2,0xfe
7199,0x0005ee43,0x67dcee43,-1,0xff
7200,0x0005ee44,0x67dcee44,-1,0xff
7201,0x0005ee45,0x67dcee45,0,0x00
7202,0x0005ee46,0x67dcee46,1,0x01
7203,0x0005ee47,0x67dcee47,0,0x00
7204,0x0005ee48,0x67dcee48,-1,0xff
7205,0x0005ee49,0x67dcee49,0,0x00
7206,0x0005ee4a,0x67dcee4a,0,0x00
7207,0x0005ee4b,0x67dcee4b,-1,0xff
7208,0x0005ee4c,0x67dcee4c,0,0x00
7209,0x0005ee4d,0x67dcee4d,0,0x00
7210,0x0005ee4e,0x67dcee4e,0,0x00
7211,0x0005ee4f,0x67dcee4f,-2,0xfe
7212,0x0005ee50,0x67dcee50,0,0x00
7213,0x0005ee51,0x67dcee51,1,0x01
7214,0x0005ee52,0x67dcee52,0,0x00
7215,0x0005ee53,0x67dcee53,-1,0xff
7216,0x0005ee54,0x67dcee54,2,0x02
7217,0x0005ee55,0x67dcee55,2,0x02
7218,0x0005ee56,0x67dcee56,1,0x01
7219,0x0005ee57,0x67dcee57,1,0x01
7220,0x0005ee58,0x67dcee58,1,0x01
7221,0x0005ee59,0x67dcee59,1,0x01
7222,0x0005ee5a,0x67dcee5a,1,0x01
7223,0x0005ee5b,0x67dcee5b,1,0x01
7224,0x0005ee5c,0x67dcee5c,1,0x01
7225,0x0005ee5d,0x67dcee5d,1,0x01
7226,0x0005ee5e,0x67dcee5e,1,0x01
7227,0x0005ee5f,0x67dcee5f,0,0x00
7228,0x0005ee60,0x67dcee60,0,0x00
7229,0x0005ee61,0x67dcee61,0,0x00
7230,0x0005ee62,0x67dcee62,0,0x00
7231,0x0005ee63,0x67dcee63,0,0x00
7232,0x0005ee64,0x67dcee64,-2,0xfe
7233,0x0005ee65,0x67dcee65,-6,0xfa
7234,0x0005ee66,0x67dcee66,-8,0xf8
7235,0x0005ee67,0x67dcee67,-8,0xf8
7236,0x0005ee68,0x67dcee68,-2,0xfe
7237,0x0005ee69,0x67dcee69,-5,0xfb
7238,0x0005ee6a,0x67dcee6a,-8,0xf8
7239,0x0005ee6b,0x67dcee6b,-8,0xf8
7240,0x0005ee6c,0x67dcee6c,-1,0xff
7241,0x0005ee6d,0x67dcee6d,-3,0xfd
7242,0x0005ee6e,0x67dcee6e,-5,0xfb
7243,0x0005ee6f,0x67dcee6f,-5,0xfb
7244,0x0005ee70,0x67dcee70,-1,0xff
7245,0x0005ee71,0x67dcee71,-1,0xff
7246,0x0005ee72,0x67dcee72,-1,0xff
7247,0x0005ee73,0x67dcee73,-2,0xfe
7248,0x0005ee74,0x67dcee74,0,0x00
7249,0x0005ee75,0x67dcee75,-1,0xff
7250,0x0005ee76,0x67dcee76,0,0x00
7251,0x0005ee77,0x67dcee77,0,0x00
7252,0x0005ee78,0x67dcee78,1,0x01
7253,0x0005ee79,0x67dcee79,0,0x00
7254,0x0005ee7a,0x67dcee7a,0,0x00
7255,0x0005ee7b,0x67dcee7b,0,0x00
7256,0x0005ee7c,0x67dcee7c,2,0x02
7257,0x0005ee7d,0x67dcee7d,1,0x01
7258,0x0005ee7e,0x67dcee7e,1,0x01
7259,0x0005ee7f,0x67dcee7f,1,0x01
7260,0x0005ee80,0x67dcee80,3,0x03
7261,0x0005ee81,0x67dcee81,3,0x03
7262,0x0005ee82,0x67dcee82,3,0x03
7263,0x0005ee83,0x67dcee83,3,0x03
7264,0x0005ee84,0x67dcee84,0,0x00
7265,0x0005ee85,0x67dcee85,0,0x00
7266,0x0005ee86,0x67dcee86,1,0x01
7267,0x0005ee87,0x67dcee87,0,0x00
7268,0x0005ee88,0x67dcee88,1,0x01
7269,0x0005ee89,0x67dcee89,2,0x02
7270,0x0005ee8a,0x67dcee8a,3,0x03
7271,0x0005ee8b,0x67dcee8b,2,0x02
7272,0x0005ee8c,0x67dcee8c,2,0x02
7273,0x0005ee8d,0x67dcee8d,3,0x03
7274,0x0005ee8e,0x67dcee8e,4,0x04
7275,0x0005ee8f,0x67dcee8f,3,0x03
7276,0x0005ee90,0x67dcee90,4,0x04
7277,0x0005ee91,0x67dcee91,4,0x04
7278,0x0005ee92,0x67dcee92,5,0x05
7279,0x0005ee93,0x67dcee93,4,0x04
7280,0x0005ee94,0x67dcee94,-4,0xfc
7281,0x0005ee95,0x67dcee95,-4,0xfc
7282,0x0005ee96,0x67dcee96,-3,0xfd
7283,0x0005ee97,0x67dcee97,-2,0xfe
7284,0x0005ee98,0x67dcee98,-4,0xfc
7285,0x0005ee99,0x67dcee99,-4,0xfc
7286,0x0005ee9a,0x67dcee9a,-3,0xfd
7287,0x0005ee9b,0x67dcee9b,-2,0xfe
7288,0x0005ee9c,0x67dcee9c,-2,0xfe
7289,0x0005ee9d,0x67dcee9d,-2,0xfe
7290,0x0005ee9e,0x67dcee9e,-2,0xfe
7291,0x0005ee9f,0x67dcee9f,-1,0xff
7292,0x0005eea0,0x67dceea0,0,0x00
7293,0x0005eea1,0x67dceea1,1,0x01
7294,0x0005eea2,0x67dceea2,0,0x00
7295,0x0005eea3,0x67dceea3,0,0x00
7296,0x0005eea4,0x67dceea4,0,0x00
7297,0x0005eea5,0x67dceea5,0,0x00
7298,0x0005eea6,0x67dceea6,1,0x01
7299,0x0005eea7,0x67dceea7,1,0x01
7300,0x0005eea8,0x67dceea8,-1,0xff
7301,0x0005eea9,0x67dceea9,0,0x00
7302,0x0005eeaa,0x67dceeaa,0,0x00
7303,0x0005eeab,0x67dceeab,1,0x01
7304,0x0005eeac,0x67dceeac,-1,0xff
7305,0x0005eead,0x67dceead,-1,0xff
7306,0x0005eeae,0x67dceeae,0,0x00
7307,0x0005eeaf,0x67dceeaf,0,0x00
7308,0x0005eeb0,0x67dceeb0,0,0x00
7309,0x0005eeb1,0x67dceeb1,0,0x00
7310,0x0005eeb2,0x67dceeb2,0,0x00
7311,0x0005eeb3,0x67dceeb3,-1,0xff
7312,0x0005eeb4,0x67dceeb4,2,0x02
7313,0x0005eeb5,0x67dceeb5,2,0x02
7314,0x0005eeb6,0x67dceeb6,2,0x02
7315,0x0005eeb7,0x67dceeb7,2,0x02
7316,0x0005eeb8,0x67dceeb8,3,0x03
7317,0x0005eeb9,0x67dceeb9,4,0x04
7318,0x0005eeba,0x67dceeba,4,0x04
7319,0x0005eebb,0x67dceebb,4,0x04
7320,0x0005eebc,0x67dceebc,1,0x01
7321,0x0005eebd,0x67dceebd,1,0x01
7322,0x0005eebe,0x67dceebe,1,0x01
7323,0x0005eebf,0x67dceebf,3,0x03
7324,0x0005eec0,0x67dceec0,-5,0xfb
7325,0x0005eec1,0x67dceec1,-6,0xfa
7326,0x0005eec2,0x67dceec2,-5,0xfb
7327,0x0005eec3,0x67dceec3,-4,0xfc
7328,0x0005eec4,0x67dceec4,2,0x02
7329,0x0005eec5,0x67dceec5,2,0x02
7330,0x0005eec6,0x67dceec6,1,0x01
7331,0x0005eec7,0x67dceec7,1,0x01
7332,0x0005eec8,0x67dceec8,4,0x04
7333,0x0005eec9,0x67dceec9,4,0x04
7334,0x0005eeca,0x67dceeca,4,0x04
7335,0x0005eecb,0x67dceecb,3,0x03
7336,0x0005eecc,0x67dceecc,3,0x03
7337,0x0005eecd,0x67dceecd,4,0x04
7338,0x0005eece,0x67dceece,3,0x03
7339,0x0005eecf,0x67dceecf,3,0x03
7340,0x0005eed0,0x67dceed0,-3,0xfd
7341,0x0005eed1,0x67dceed1,-3,0xfd
7342,0x0005eed2,0x67dceed2,-2,0xfe
7343,0x0005eed3,0x67dceed3,-2,0xfe
7344,0x0005eed4,0x67dceed4,-4,0xfc
7345,0x0005eed5,0x67dceed5,-2,0xfe
7346,0x0005eed6,0x67dceed6,-1,0xff
7347,0x0005eed7,0x67dceed7,-1,0xff
7348,0x0005eed8,0x67dceed8,-4,0xfc
7349,0x0005eed9,0x67dceed9,-2,0xfe
7350,0x0005eeda,0x67dceeda,-1,0xff
7351,0x0005eedb,0x67dceedb,-1,0xff
7352,0x0005eedc,0x67dceedc,-3,0xfd
7353,0x0005eedd,0x67dceedd,-2,0xfe
7354,0x0005eede,0x67dceede,-1,0xff
7355,0x0005eedf,0x67dceedf,-1,0xff
7356,0x0005eee0,0x67dceee0,-4,0xfc
7357,0x0005eee1,0x67dceee1,-3,0xfd
7358,0x0005eee2,0x67dceee2,-2,0xfe
7359,0x0005eee3,0x67dceee3,-1,0xff
7360,0x0005eee4,0x67dceee4,-1,0xff
7361,0x0005eee5,0x67dceee5,-1,0xff
7362,0x0005eee6,0x67dceee6,0,0x00
7363,0x0005eee7,0x67dceee7,1,0x01
7364,0x0005eee8,0x67dceee8,-1,0xff
7365,0x0005eee9,0x67dceee9,-1,0xff
7366,0x0005eeea,0x67dceeea,0,0x00
7367,0x0005eeeb,0x67dceeeb,1,0x01
7368,0x0005eeec,0x67dceeec,-1,0xff
7369,0x0005eeed,0x67dceeed,0,0x00
7370,0x0005eeee,0x67dceeee,1,0x01
7371,0x0005eeef,0x67dceeef,2,0x02
7372,0x0005eef0,0x67dceef0,-1,0xff
7373,0x0005eef1,0x67dceef1,1,0x01
7374,0x0005eef2,0x67dceef2,3,0x03
7375,0x0005eef3,0x67dceef3,3,0x03
7376,0x0005eef4,0x67dceef4,-4,0xfc
7377,0x0005eef5,0x67dceef5,-3,0xfd
7378,0x0005eef6,0x67dceef6,-3,0xfd
7379,0x0005eef7,0x67dceef7,-1,0xff
7380,0x0005eef8,0x67dceef8,-4,0xfc
7381,0x0005eef9,0x67dceef9,-3,0xfd
7382,0x0005eefa,0x67dceefa,-2,0xfe
7383,0x0005eefb,0x67dceefb,-2,0xfe
7384,0x0005eefc,0x67dceefc,-2,0xfe
7385,0x0005eefd,0x67dceefd,-2,0xfe
7386,0x0005eefe,0x67dceefe,-1,0xff
7387,0x0005eeff,0x67dceeff,-1,0xff
7388,0x0005ef00,0x67dcef00,-1,0xff
7389,0x0005ef01,0x67dcef01,0,0x00
7390,0x0005ef02,0x67dcef02,0,0x00
7391,0x0005ef03,0x67dcef03,1,0x01
7392,0x0005ef04,0x67dcef04,-1,0xff
7393,0x0005ef05,0x67dcef05,1,0x01
7394,0x0005ef06,0x67dcef06,4,0x04
7395,0x0005ef07,0x67dcef07,5,0x05
7396,0x0005ef08,0x67dcef08,-1,0xff
7397,0x0005ef09,0x67dcef09,1,0x01
7398,0x0005ef0a,0x67dcef0a,4,0x04
7399,0x0005ef0b,0x67dcef0b,7,0x07
7400,0x0005ef0c,0x67dcef0c,0,0x00
7401,0x0005ef0d,0x67dcef0d,2,0x02
7402,0x0005ef0e,0x67dcef0e,6,0x06
7403,0x0005ef0f,0x67dcef0f,8,0x08
7404,0x0005ef10,0x67dcef10,1,0x01
7405,0x0005ef11,0x67dcef11,4,0x04
7406,0x0005ef12,0x67dcef12,7,0x07
7407,0x0005ef13,0x67dcef13,8,0x08
7408,0x0005ef14,0x67dcef14,-3,0xfd
7409,0x0005ef15,0x67dcef15,-3,0xfd
7410,0x0005ef16,0x67dcef16,-3,0xfd
7411,0x0005ef17,0x67dcef17,-2,0xfe
7412,0x0005ef18,0x67dcef18,-1,0xff
7413,0x0005ef19,0x67dcef19,-1,0xff
7414,0x0005ef1a,0x67dcef1a,0,0x00
7415,0x0005ef1b,0x67dcef1b,1,0x01
7416,0x0005ef1c,0x67dcef1c,0,0x00
7417,0x0005ef1d,0x67dcef1d,1,0x01
7418,0x0005ef1e,0x67dcef1e,2,0x02
7419,0x0005ef1f,0x67dcef1f,4,0x04
7420,0x0005ef20,0x67dcef20,-1,0xff
7421,0x0005ef21,0x67dcef21,0,0x00
7422,0x0005ef22,0x67dcef22,2,0x02
7423,0x0005ef23,0x67dcef23,3,0x03
7424,0x0005ef24,0x67dcef24,-2,0xfe
7425,0x0005ef25,0x67dcef25,-1,0xff
7426,0x0005ef26,0x67dcef26,-1,0xff
7427,0x0005ef27,0x67dcef27,0,0x00
7428,0x0005ef28,0x67dcef28,2,0x02
7429,0x0005ef29,0x67dcef29,2,0x02
7430,0x0005ef2a,0x67dcef2a,3,0x03
7431,0x0005ef2b,0x67dcef2b,3,0x03
7432,0x0005ef2c,0x67dcef2c,5,0x05
7433,0x0005ef2d,0x67dcef2d,6,0x06
7434,0x0005ef2e,0x67dcef2e,6,0x06
7435,0x0005ef2f,0x67dcef2f,5,0x05
7436,0x0005ef30,0x67dcef30,5,0x05
7437,0x0005ef31,0x67dcef31,6,0x06
7438,0x0005ef32,0x67dcef32,5,0x05
7439,0x0005ef33,0x67dcef33,3,0x03
7440,0x0005ef34,0x67dcef34,-1,0xff
7441,0x0005ef35,0x67dcef35,-1,0xff
7442,0x0005ef36,0x67dcef36,0,0x00
7443,0x0005ef37,0x67dcef37,2,0x02
7444,0x0005ef38,0x67dcef38,-2,0xfe
7445,0x0005ef39,0x67dcef39,-2,0xfe
7446,0x0005ef3a,0x67dcef3a,-1,0xff
7447,0x0005ef3b,0x67dcef3b,0,0x00
7448,0x0005ef3c,0x67dcef3c,0,0x00
7449,0x0005ef3d,0x67dcef3d,0,0x00
7450,0x0005ef3e,0x67dcef3e,-1,0xff
7451,0x0005ef3f,0x67dcef3f,-1,0xff
7452,0x0005ef40,0x67dcef40,1,0x01
7453,0x0005ef41,0x67dcef41,2,0x02
7454,0x0005ef42,0x67dcef42,1,0x01
7455,0x0005ef43,0x67dcef43,0,0x00
7456,0x0005ef44,0x67dcef44,3,0x03
7457,0x0005ef45,0x67dcef45,3,0x03
7458,0x0005ef46,0x67dcef46,2,0x02
7459,0x0005ef47,0x67dcef47,1,0x01
7460,0x0005ef48,0x67dcef48,-1,0xff
7461,0x0005ef49,0x67dcef49,-3,0xfd
7462,0x0005ef4a,0x67dcef4a,-4,0xfc
7463,0x0005ef4b,0x67dcef4b,-4,0xfc
7464,0x0005ef4c,0x67dcef4c,-2,0xfe
7465,0x0005ef4d,0x67dcef4d,-4,0xfc
7466,0x0005ef4e,0x67dcef4e,-8,0xf8
7467,0x0005ef4f,0x67dcef4f,-7,0xf9
7468,0x0005ef50,0x67dcef50,-1,0xff
7469,0x0005ef51,0x67dcef51,-4,0xfc
7470,0x0005ef52,0x67dcef52,-6,0xfa
7471,0x0005ef53,0x67dcef53,-7,0xf9
7472,0x0005ef54,0x67dcef54,-2,0xfe
7473,0x0005ef55,0x67dcef55,4,0x04
7474,0x0005ef56,0x67dcef56,1,0x01
7475,0x0005ef57,0x67dcef57,-6,0xfa
7476,0x0005ef58,0x67dcef58,-2,0xfe
7477,0x0005ef59,0x67dcef59,5,0x05
7478,0x0005ef5a,0x67dcef5a,1,0x01
7479,0x0005ef5b,0x67dcef5b,-7,0xf9
7480,0x0005ef5c,0x67dcef5c,-3,0xfd
7481,0x0005ef5d,0x67dcef5d,5,0x05
7482,0x0005ef5e,0x67dcef5e,1,0x01
7483,0x0005ef5f,0x67dcef5f,-8,0xf8
7484,0x0005ef60,0x67dcef60,-2,0xfe
7485,0x0005ef61,0x67dcef61,6,0x06
7486,0x0005ef62,0x67dcef62,1,0x01
7487,0x0005ef63,0x67dcef63,-9,0xf7
7488,0x0005ef64,0x67dcef64,0,0x00
7489,0x0005ef65,0x67dcef65,3,0x03
7490,0x0005ef66,0x67dcef66,0,0x00
7491,0x0005ef67,0x67dcef67,0,0x00
7492,0x0005ef68,0x67dcef68,0,0x00
7493,0x0005ef69,0x67dcef69,3,0x03
7494,0x0005ef6a,0x67dcef6a,0,0x00
7495,0x0005ef6b,0x67dcef6b,0,0x00
7496,0x0005ef6c,0x67dcef6c,0,0x00
7497,0x0005ef6d,0x67dcef6d,3,0x03
7498,0x0005ef6e,0x67dcef6e,-1,0xff
7499,0x0005ef6f,0x67dcef6f,-1,0xff
7500,0x0005ef70,0x67dcef70,0,0x00
7501,0x0005ef71,0x67dcef71,3,0x03
7502,0x0005ef72,0x67dcef72,0,0x00
7503,0x0005ef73,0x67dcef73,-1,0xff
7504,0x0005ef74,0x67dcef74,-2,0xfe
7505,0x0005ef75,0x67dcef75,6,0x06
7506,0x0005ef76,0x67dcef76,2,0x02
7507,0x0005ef77,0x67dcef77,-8,0xf8
7508,0x0005ef78,0x67dcef78,-3,0xfd
7509,0x0005ef79,0x67dcef79,5,0x05
7510,0x0005ef7a,0x67dcef7a,1,0x01
7511,0x0005ef7b,0x67dcef7b,-7,0xf9
7512,0x0005ef7c,0x67dcef7c,-2,0xfe
7513,0x0005ef7d,0x67dcef7d,4,0x04
7514,0x0005ef7e,0x67dcef7e,1,0x01
7515,0x0005ef7f,0x67dcef7f,-7,0xf9
7516,0x0005ef80,0x67dcef80,-1,0xff
7517,0x0005ef81,0x67dcef81,4,0x04
7518,0x0005ef82,0x67dcef82,1,0x01
7519,0x0005ef83,0x67dcef83,-6,0xfa
7520,0x0005ef84,0x67dcef84,0,0x00
7521,0x0005ef85,0x67dcef85,4,0x04
7522,0x0005ef86,0x67dcef86,0,0x00
7523,0x0005ef87,0x67dcef87,-1,0xff
7524,0x0005ef88,0x67dcef88,1,0x01
7525,0x0005ef89,0x67dcef89,4,0x04
7526,0x0005ef8a,0x67dcef8a,0,0x00
7527,0x0005ef8b,0x67dcef8b,0,0x00
7528,0x0005ef8c,0x67dcef8c,0,0x00
7529,0x0005ef8d,0x67dcef8d,4,0x04
7530,0x0005ef8e,0x67dcef8e,1,0x01
7531,0x0005ef8f,0x67dcef8f,0,0x00
7532,0x0005ef90,0x67dcef90,0,0x00
7533,0x0005ef91,0x67dcef91,3,0x03
7534,0x0005ef92,0x67dcef92,1,0x01
7535,0x0005ef93,0x67dcef93,0,0x00
7536,0x0005ef94,0x67dcef94,0,0x00
7537,0x0005ef95,0x67dcef95,0,0x00
7538,0x0005ef96,0x67dcef96,0,0x00
7539,0x0005ef97,0x67dcef97,3,0x03
7540,0x0005ef98,0x67dcef98,1,0x01
7541,0x0005ef99,0x67dcef99,1,0x01
7542,0x0005ef9a,0x67dcef9a,1,0x01
7543,0x0005ef9b,0x67dcef9b,2,0x02
7544,0x0005ef9c,0x67dcef9c,2,0x02
7545,0x0005ef9d,0x67dcef9d,2,0x02
7546,0x0005ef9e,0x67dcef9e,1,0x01
7547,0x0005ef9f,0x67dcef9f,2,0x02
7548,0x0005efa0,0x67dcefa0,4,0x04
7549,0x0005efa1,0x67dcefa1,3,0x03
7550,0x0005efa2,0x67dcefa2,1,0x01
7551,0x0005efa3,0x67dcefa3,1,0x01
7552,0x0005efa4,0x67dcefa4,4,0x04
7553,0x0005efa5,0x67dcefa5,5,0x05
7554,0x0005efa6,0x67dcefa6,4,0x04
7555,0x0005efa7,0x67dcefa7,1,0x01
7556,0x0005efa8,0x67dcefa8,3,0x03
7557,0x0005efa9,0x67dcefa9,3,0x03
7558,0x0005efaa,0x67dcefaa,2,0x02
7559,0x0005efab,0x67dcefab,0,0x00
7560,0x0005efac,0x67dcefac,2,0x02
7561,0x0005efad,0x67dcefad,1,0x01
7562,0x0005efae,0x67dcefae,-1,0xff
7563,0x0005efaf,0x67dcefaf,-2,0xfe
7564,0x0005efb0,0x67dcefb0,0,0x00
7565,0x0005efb1,0x67dcefb1,-1,0xff
7566,0x0005efb2,0x67dcefb2,-3,0xfd
7567,0x0005efb3,0x67dcefb3,-5,0xfb
7568,0x0005efb4,0x67dcefb4,5,0x05
7569,0x0005efb5,0x67dcefb5,3,0x03
7570,0x0005efb6,0x67dcefb6,1,0x01
7571,0x0005efb7,0x67dcefb7,-1,0xff
7572,0x0005efb8,0x67dcefb8,5,0x05
7573,0x0005efb9,0x67dcefb9,3,0x03
7574,0x0005efba,0x67dcefba,0,0x00
7575,0x0005efbb,0x67dcefbb,-2,0xfe
7576,0x0005efbc,0x67dcefbc,4,0x04
7577,0x0005efbd,0x67dcefbd,3,0x03
7578,0x0005efbe,0x67dcefbe,0,0x00
7579,0x0005efbf,0x67dcefbf,-2,0xfe
7580,0x0005efc0,0x67dcefc0,4,0x04
7581,0x0005efc1,0x67dcefc1,3,0x03
7582,0x0005efc2,0x67dcefc2,0,0x00
7583,0x0005efc3,0x67dcefc3,-1,0xff
7584,0x0005efc4,0x67dcefc4,-2,0xfe
7585,0x0005efc5,0x67dcefc5,-3,0xfd
7586,0x0005efc6,0x67dcefc6,-4,0xfc
7587,0x0005efc7,0x67dcefc7,-6,0xfa
7588,0x0005efc8,0x67dcefc8,-3,0xfd
7589,0x0005efc9,0x67dcefc9,-5,0xfb
7590,0x0005efca,0x67dcefca,-6,0xfa
7591,0x0005efcb,0x67dcefcb,-7,0xf9
7592,0x0005efcc,0x67dcefcc,-3,0xfd
7593,0x0005efcd,0x67dcefcd,-4,0xfc
7594,0x0005efce,0x67dcefce,-5,0xfb
7595,0x0005efcf,0x67dcefcf,-5,0xfb
7596,0x0005efd0,0x67dcefd0,-2,0xfe
7597,0x0005efd1,0x67dcefd1,-2,0xfe
7598,0x0005efd2,0x67dcefd2,-3,0xfd
7599,0x0005efd3,0x67dcefd3,-3,0xfd
7600,0x0005efd4,0x67dcefd4,0,0x00
7601,0x0005efd5,0x67dcefd5,0,0x00
7602,0x0005efd6,0x67dcefd6,0,0x00
7603,0x0005efd7,0x67dcefd7,0,0x00
7604,0x0005efd8,0x67dcefd8,0,0x00
7605,0x0005efd9,0x67dcefd9,0,0x00
7606,0x0005efda,0x67dcefda,0,0x00
7607,0x0005efdb,0x67dcefdb,1,0x01
7608,0x0005efdc,0x67dcefdc,0,0x00
7609,0x0005efdd,0x67dcefdd,0,0x00
7610,0x0005efde,0x67dcefde,0,0x00
7611,0x0005efdf,0x67dcefdf,2,0x02
7612,0x0005efe0,0x67dcefe0,0,0x00
7613,0x0005efe1,0x67dcefe1,-1,0xff
7614,0x0005efe2,0x67dcefe2,0,0x00
7615,0x0005efe3,0x67dcefe3,2,0x02
7616,0x0005efe4,0x67dcefe4,-1,0xff
7617,0x0005efe5,0x67dcefe5,-5,0xfb
7618,0x0005efe6,0x67dcefe6,-2,0xfe
7619,0x0005efe7,0x67dcefe7,6,0x06
7620,0x0005efe8,0x67dcefe8,-1,0xff
7621,0x0005efe9,0x67dcefe9,-6,0xfa
7622,0x0005efea,0x67dcefea,-2,0xfe
7623,0x0005efeb,0x67dcefeb,8,0x08
7624,0x0005efec,0x67dcefec,0,0x00
7625,0x0005efed,0x67dcefed,-6,0xfa
7626,0x0005efee,0x67dcefee,-3,0xfd
7627,0x0005efef,0x67dcefef,9,0x09
7628,0x0005eff0,0x67dceff0,0,0x00
7629,0x0005eff1,0x67dceff1,-7,0xf9
7630,0x0005eff2,0x67dceff2,-2,0xfe
7631,0x0005eff3,0x67dceff3,10,0x0a
7632,0x0005eff4,0x67dceff4,0,0x00
7633,0x0005eff5,0x67dceff5,-1,0xff
7634,0x0005eff6,0x67dceff6,0,0x00
7635,0x0005eff7,0x67dceff7,2,0x02
7636,0x0005eff8,0x67dceff8,0,0x00
7637,0x0005eff9,0x67dceff9,-1,0xff
7638,0x0005effa,0x67dceffa,-1,0xff
7639,0x0005effb,0x67dceffb,2,0x02
7640,0x0005effc,0x67dceffc,0,0x00
7641,0x0005effd,0x67dceffd,-1,0xff
7642,0x0005effe,0x67dceffe,0,0x00
7643,0x0005efff,0x67dcefff,1,0x01
7644,0x0005f000,0x67dcf000,0,0x00
7645,0x0005f001,0x67dcf001,0,0x00
7646,0x0005f002,0x67dcf002,0,0x00
7647,0x0005f003,0x67dcf003,1,0x01
7648,0x0005f004,0x67dcf004,-1,0xff
7649,0x0005f005,0x67dcf005,-8,0xf8
7650,0x0005f006,0x67dcf006,-3,0xfd
7651,0x0005f007,0x67dcf007,10,0x0a
7652,0x0005f008,0x67dcf008,-1,0xff
7653,0x0005f009,0x67dcf009,-7,0xf9
7654,0x0005f00a,0x67dcf00a,-3,0xfd
7655,0x0005f00b,0x67dcf00b,9,0x09
7656,0x0005f00c,0x67dcf00c,-1,0xff
7657,0x0005f00d,0x67dcf00d,-6,0xfa
7658,0x0005f00e,0x67dcf00e,-3,0xfd
7659,0x0005f00f,0x67dcf00f,8,0x08
7660,0x0005f010,0x67dcf010,0,0x00
7661,0x0005f011,0x67dcf011,-5,0xfb
7662,0x0005f012,0x67dcf012,-2,0xfe
7663,0x0005f013,0x67dcf013,7,0x07
7664,0x0005f014,0x67dcf014,2,0x02
7665,0x0005f015,0x67dcf015,3,0x03
7666,0x0005f016,0x67dcf016,3,0x03
7667,0x0005f017,0x67dcf017,2,0x02
7668,0x0005f018,0x67dcf018,3,0x03
7669,0x0005f019,0x67dcf019,4,0x04
7670,0x0005f01a,0x67dcf01a,3,0x03
7671,0x0005f01b,0x67dcf01b,2,0x02
7672,0x0005f01c,0x67dcf01c,3,0x03
7673,0x0005f01d,0x67dcf01d,4,0x04
7674,0x0005f01e,0x67dcf01e,4,0x04
7675,0x0005f01f,0x67dcf01f,2,0x02
7676,0x0005f020,0x67dcf020,2,0x02
7677,0x0005f021,0x67dcf021,3,0x03
7678,0x0005f022,0x67dcf022,3,0x03
7679,0x0005f023,0x67dcf023,2,0x02
7680,0x0005f024,0x67dcf024,1,0x01
7681,0x0005f025,0x67dcf025,0,0x00
7682,0x0005f026,0x67dcf026,-1,0xff
7683,0x0005f027,0x67dcf027,-1,0xff
7684,0x0005f028,0x67dcf028,1,0x01
7685,0x0005f029,0x67dcf029,0,0x00
7686,0x0005f02a,0x67dcf02a,-1,0xff
7687,0x0005f02b,0x67dcf02b,-2,0xfe
7688,0x0005f02c,0x67dcf02c,1,0x01
7689,0x0005f02d,0x67dcf02d,-1,0xff
7690,0x0005f02e,0x67dcf02e,-2,0xfe
7691,0x0005f02f,0x67dcf02f,-3,0xfd
7692,0x0005f030,0x67dcf030,0,0x00
7693,0x0005f031,0x67dcf031,-1,0xff
7694,0x0005f032,0x67dcf032,-2,0xfe
7695,0x0005f033,0x67dcf033,-3,0xfd
7696,0x0005f034,0x67dcf034,-1,0xff
7697,0x0005f035,0x67dcf035,0,0x00
7698,0x0005f036,0x67dcf036,1,0x01
7699,0x0005f037,0x67dcf037,1,0x01
7700,0x0005f038,0x67dcf038,-5,0xfb
7701,0x0005f039,0x67dcf039,-4,0xfc
7702,0x0005f03a,0x67dcf03a,-3,0xfd
7703,0x0005f03b,0x67dcf03b,-1,0xff
7704,0x0005f03c,0x67dcf03c,-8,0xf8
7705,0x0005f03d,0x67dcf03d,-8,0xf8
7706,0x0005f03e,0x67dcf03e,-5,0xfb
7707,0x0005f03f,0x67dcf03f,-1,0xff
7708,0x0005f040,0x67dcf040,-10,0xf6
7709,0x0005f041,0x67dcf041,-9,0xf7
7710,0x0005f042,0x67dcf042,-5,0xfb
7711,0x0005f043,0x67dcf043,0,0x00
7712,0x0005f044,0x67dcf044,0,0x00
7713,0x0005f045,0x67dcf045,-1,0xff
7714,0x0005f046,0x67dcf046,-2,0xfe
7715,0x0005f047,0x67dcf047,-2,0xfe
7716,0x0005f048,0x67dcf048,0,0x00
7717,0x0005f049,0x67dcf049,1,0x01
7718,0x0005f04a,0x67dcf04a,1,0x01
7719,0x0005f04b,0x67dcf04b,1,0x01
7720,0x0005f04c,0x67dcf04c,1,0x01
7721,0x0005f04d,0x67dcf04d,3,0x03
7722,0x0005f04e,0x67dcf04e,4,0x04
7723,0x0005f04f,0x67dcf04f,3,0x03
7724,0x0005f050,0x67dcf050,3,0x03
7725,0x0005f051,0x67dcf051,5,0x05
7726,0x0005f052,0x67dcf052,6,0x06
7727,0x0005f053,0x67dcf053,5,0x05
7728,0x0005f054,0x67dcf054,-5,0xfb
7729,0x0005f055,0x67dcf055,-1,0xff
7730,0x0005f056,0x67dcf056,4,0x04
7731,0x0005f057,0x67dcf057,5,0x05
7732,0x0005f058,0x67dcf058,-6,0xfa
7733,0x0005f059,0x67dcf059,-1,0xff
7734,0x0005f05a,0x67dcf05a,4,0x04
7735,0x0005f05b,0x67dcf05b,5,0x05
7736,0x0005f05c,0x67dcf05c,-6,0xfa
7737,0x0005f05d,0x67dcf05d,-1,0xff
7738,0x0005f05e,0x67dcf05e,5,0x05
7739,0x0005f05f,0x67dcf05f,4,0x04
7740,0x0005f060,0x67dcf060,-7,0xf9
7741,0x0005f061,0x67dcf061,-1,0xff
7742,0x0005f062,0x67dcf062,4,0x04
7743,0x0005f063,0x67dcf063,4,0x04
7744,0x0005f064,0x67dcf064,3,0x03
7745,0x0005f065,0x67dcf065,1,0x01
7746,0x0005f066,0x67dcf066,0,0x00
7747,0x0005f067,0x67dcf067,0,0x00
7748,0x0005f068,0x67dcf068,2,0x02
7749,0x0005f069,0x67dcf069,0,0x00
7750,0x0005f06a,0x67dcf06a,-1,0xff
7751,0x0005f06b,0x67dcf06b,-2,0xfe
7752,0x0005f06c,0x67dcf06c,2,0x02
7753,0x0005f06d,0x67dcf06d,-1,0xff
7754,0x0005f06e,0x67dcf06e,-2,0xfe
7755,0x0005f06f,0x67dcf06f,-2,0xfe
7756,0x0005f070,0x67dcf070,1,0x01
7757,0x0005f071,0x67dcf071,-2,0xfe
7758,0x0005f072,0x67dcf072,-3,0xfd
7759,0x0005f073,0x67dcf073,-3,0xfd
7760,0x0005f074,0x67dcf074,-6,0xfa
7761,0x0005f075,0x67dcf075,-1,0xff
7762,0x0005f076,0x67dcf076,5,0x05
7763,0x0005f077,0x67dcf077,4,0x04
7764,0x0005f078,0x67dcf078,-5,0xfb
7765,0x0005f079,0x67dcf079,0,0x00
7766,0x0005f07a,0x67dcf07a,4,0x04
7767,0x0005f07b,0x67dcf07b,4,0x04
7768,0x0005f07c,0x67dcf07c,-4,0xfc
7769,0x0005f07d,0x67dcf07d,0,0x00
7770,0x0005f07e,0x67dcf07e,5,0x05
7771,0x0005f07f,0x67dcf07f,4,0x04
7772,0x0005f080,0x67dcf080,-3,0xfd
7773,0x0005f081,0x67dcf081,1,0x01
7774,0x0005f082,0x67dcf082,4,0x04
7775,0x0005f083,0x67dcf083,3,0x03
7776,0x0005f084,0x67dcf084,1,0x01
7777,0x0005f085,0x67dcf085,-2,0xfe
7778,0x0005f086,0x67dcf086,-3,0xfd
7779,0x0005f087,0x67dcf087,-3,0xfd
7780,0x0005f088,0x67dcf088,1,0x01
7781,0x0005f089,0x67dcf089,-1,0xff
7782,0x0005f08a,0x67dcf08a,-2,0xfe
7783,0x0005f08b,0x67dcf08b,-2,0xfe
7784,0x0005f08c,0x67dcf08c,1,0x01
7785,0x0005f08d,0x67dcf08d,-1,0xff
7786,0x0005f08e,0x67dcf08e,-1,0xff
7787,0x0005f08f,0x67dcf08f,-2,0xfe
7788,0x0005f090,0x67dcf090,1,0x01
7789,0x0005f091,0x67dcf091,-1,0xff
7790,0x0005f092,0x67dcf092,-1,0xff
7791,0x0005f093,0x67dcf093,-2,0xfe
7792,0x0005f094,0x67dcf094,-2,0xfe
7793,0x0005f095,0x67dcf095,-3,0xfd
7794,0x0005f096,0x67dcf096,-2,0xfe
7795,0x0005f097,0x67dcf097,1,0x01
7796,0x0005f098,0x67dcf098,-3,0xfd
7797,0x0005f099,0x67dcf099,-4,0xfc
7798,0x0005f09a,0x67dcf09a,-4,0xfc
7799,0x0005f09b,0x67dcf09b,0,0x00
7800,0x0005f09c,0x67dcf09c,-3,0xfd
7801,0x0005f09d,0x67dcf09d,-5,0xfb
7802,0x0005f09e,0x67dcf09e,-5,0xfb
7803,0x0005f09f,0x67dcf09f,-1,0xff
7804,0x0005f0a0,0x67dcf0a0,-4,0xfc
7805,0x0005f0a1,0x67dcf0a1,-6,0xfa
7806,0x0005f0a2,0x67dcf0a2,-4,0xfc
7807,0x0005f0a3,0x67dcf0a3,-1,0xff
7808,0x0005f0a4,0x67dcf0a4,4,0x04
7809,0x0005f0a5,0x67dcf0a5,6,0x06
7810,0x0005f0a6,0x67dcf0a6,5,0x05
7811,0x0005f0a7,0x67dcf0a7,3,0x03
7812,0x0005f0a8,0x67dcf0a8,3,0x03
7813,0x0005f0a9,0x67dcf0a9,5,0x05
7814,0x0005f0aa,0x67dcf0aa,4,0x04
7815,0x0005f0ab,0x67dcf0ab,2,0x02
7816,0x0005f0ac,0x67dcf0ac,2,0x02
7817,0x0005f0ad,0x67dcf0ad,4,0x04
7818,0x0005f0ae,0x67dcf0ae,3,0x03
7819,0x0005f0af,0x67dcf0af,1,0x01
7820,0x0005f0b0,0x67dcf0b0,2,0x02
7821,0x0005f0b1,0x67dcf0b1,4,0x04
7822,0x0005f0b2,0x67dcf0b2,2,0x02
7823,0x0005f0b3,0x67dcf0b3,-1,0xff
7824,0x0005f0b4,0x67dcf0b4,-2,0xfe
7825,0x0005f0b5,0x67dcf0b5,-4,0xfc
7826,0x0005f0b6,0x67dcf0b6,-3,0xfd
7827,0x0005f0b7,0x67dcf0b7,1,0x01
7828,0x0005f0b8,0x67dcf0b8,-2,0xfe
7829,0x0005f0b9,0x67dcf0b9,-4,0xfc
7830,0x0005f0ba,0x67dcf0ba,-2,0xfe
7831,0x0005f0bb,0x67dcf0bb,1,0x01
7832,0x0005f0bc,0x67dcf0bc,-2,0xfe
7833,0x0005f0bd,0x67dcf0bd,-3,0xfd
7834,0x0005f0be,0x67dcf0be,-2,0xfe
7835,0x0005f0bf,0x67dcf0bf,1,0x01
7836,0x0005f0c0,0x67dcf0c0,-2,0xfe
7837,0x0005f0c1,0x67dcf0c1,-2,0xfe
7838,0x0005f0c2,0x67dcf0c2,-1,0xff
7839,0x0005f0c3,0x67dcf0c3,1,0x01
7840,0x0005f0c4,0x67dcf0c4,2,0x02
7841,0x0005f0c5,0x67dcf0c5,4,0x04
7842,0x0005f0c6,0x67dcf0c6,2,0x02
7843,0x0005f0c7,0x67dcf0c7,-1,0xff
7844,0x0005f0c8,0x67dcf0c8,3,0x03
7845,0x0005f0c9,0x67dcf0c9,3,0x03
7846,0x0005f0ca,0x67dcf0ca,1,0x01
7847,0x0005f0cb,0x67dcf0cb,-2,0xfe
7848,0x0005f0cc,0x67dcf0cc,3,0x03
7849,0x0005f0cd,0x67dcf0cd,3,0x03
7850,0x0005f0ce,0x67dcf0ce,1,0x01
7851,0x0005f0cf,0x67dcf0cf,-2,0xfe
7852,0x0005f0d0,0x67dcf0d0,3,0x03
7853,0x0005f0d1,0x67dcf0d1,3,0x03
7854,0x0005f0d2,0x67dcf0d2,0,0x00
7855,0x0005f0d3,0x67dcf0d3,-2,0xfe
7856,0x0005f0d4,0x67dcf0d4,-4,0xfc
7857,0x0005f0d5,0x67dcf0d5,-4,0xfc
7858,0x0005f0d6,0x67dcf0d6,-3,0xfd
7859,0x0005f0d7,0x67dcf0d7,-2,0xfe
7860,0x0005f0d8,0x67dcf0d8,-4,0xfc
7861,0x0005f0d9,0x67dcf0d9,-4,0xfc
7862,0x0005f0da,0x67dcf0da,-3,0xfd
7863,0x0005f0db,0x67dcf0db,-3,0xfd
7864,0x0005f0dc,0x67dcf0dc,-2,0xfe
7865,0x0005f0dd,0x67dcf0dd,-3,0xfd
7866,0x0005f0de,0x67dcf0de,-2,0xfe
7867,0x0005f0df,0x67dcf0df,-3,0xfd
7868,0x0005f0e0,0x67dcf0e0,-1,0xff
7869,0x0005f0e1,0x67dcf0e1,-1,0xff
7870,0x0005f0e2,0x67dcf0e2,0,0x00
7871,0x0005f0e3,0x67dcf0e3,-2,0xfe
7872,0x0005f0e4,0x67dcf0e4,-1,0xff
7873,0x0005f0e5,0x67dcf0e5,2,0x02
7874,0x0005f0e6,0x67dcf0e6,5,0x05
7875,0x0005f0e7,0x67dcf0e7,7,0x07
7876,0x0005f0e8,0x67dcf0e8,-2,0xfe
7877,0x0005f0e9,0x67dcf0e9,1,0x01
7878,0x0005f0ea,0x67dcf0ea,5,0x05
7879,0x0005f0eb,0x67dcf0eb,7,0x07
7880,0x0005f0ec,0x67dcf0ec,-3,0xfd
7881,0x0005f0ed,0x67dcf0ed,-1,0xff
7882,0x0005f0ee,0x67dcf0ee,3,0x03
7883,0x0005f0ef,0x67dcf0ef,5,0x05
7884,0x0005f0f0,0x67dcf0f0,-3,0xfd
7885,0x0005f0f1,0x67dcf0f1,-2,0xfe
7886,0x0005f0f2,0x67dcf0f2,2,0x02
7887,0x0005f0f3,0x67dcf0f3,4,0x04
7888,0x0005f0f4,0x67dcf0f4,1,0x01
7889,0x0005f0f5,0x67dcf0f5,1,0x01
7890,0x0005f0f6,0x67dcf0f6,1,0x01
7891,0x0005f0f7,0x67dcf0f7,-1,0xff
7892,0x0005f0f8,0x67dcf0f8,4,0x04
7893,0x0005f0f9,0x67dcf0f9,3,0x03
7894,0x0005f0fa,0x67dcf0fa,2,0x02
7895,0x0005f0fb,0x67dcf0fb,-1,0xff
7896,0x0005f0fc,0x67dcf0fc,6,0x06
7897,0x0005f0fd,0x67dcf0fd,4,0x04
7898,0x0005f0fe,0x67dcf0fe,3,0x03
7899,0x0005f0ff,0x67dcf0ff,0,0x00
7900,0x0005f100,0x67dcf100,6,0x06
7901,0x0005f101,0x67dcf101,5,0x05
7902,0x0005f102,0x67dcf102,3,0x03
7903,0x0005f103,0x67dcf103,1,0x01
7904,0x0005f104,0x67dcf104,-4,0xfc
7905,0x0005f105,0x67dcf105,-3,0xfd
7906,0x0005f106,0x67dcf106,1,0x01
7907,0x0005f107,0x67dcf107,3,0x03
7908,0x0005f108,0x67dcf108,-4,0xfc
7909,0x0005f109,0x67dcf109,-3,0xfd
7910,0x0005f10a,0x67dcf10a,-1,0xff
7911,0x0005f10b,0x67dcf10b,1,0x01
7912,0x0005f10c,0x67dcf10c,-3,0xfd
7913,0x0005f10d,0x67dcf10d,-3,0xfd
7914,0x0005f10e,0x67dcf10e,-2,0xfe
7915,0x0005f10f,0x67dcf10f,0,0x00
7916,0x0005f110,0x67dcf110,-2,0xfe
7917,0x0005f111,0x67dcf111,-3,0xfd
7918,0x0005f112,0x67dcf112,-2,0xfe
7919,0x0005f113,0x67dcf113,-1,0xff
7920,0x0005f114,0x67dcf114,12,0x0c
7921,0x0005f115,0x67dcf115,11,0x0b
7922,0x0005f116,0x67dcf116,8,0x08
7923,0x0005f117,0x67dcf117,4,0x04
7924,0x0005f118,0x67dcf118,10,0x0a
7925,0x0005f119,0x67dcf119,9,0x09
7926,0x0005f11a,0x67dcf11a,6,0x06
7927,0x0005f11b,0x67dcf11b,2,0x02
7928,0x0005f11c,0x67dcf11c,4,0x04
7929,0x0005f11d,0x67dcf11d,3,0x03
7930,0x0005f11e,0x67dcf11e,2,0x02
7931,0x0005f11f,0x67dcf11f,0,0x00
7932,0x0005f120,0x67dcf120,-1,0xff
7933,0x0005f121,0x67dcf121,-1,0xff
7934,0x0005f122,0x67dcf122,-1,0xff
7935,0x0005f123,0x67dcf123,-1,0xff
7936,0x0005f124,0x67dcf124,0,0x00
7937,0x0005f125,0x67dcf125,-2,0xfe
7938,0x0005f126,0x67dcf126,-2,0xfe
7939,0x0005f127,0x67dcf127,-1,0xff
7940,0x0005f128,0x67dcf128,-1,0xff
7941,0x0005f129,0x67dcf129,-2,0xfe
7942,0x0005f12a,0x67dcf12a,-1,0xff
7943,0x0005f12b,0x67dcf12b,0,0x00
7944,0x0005f12c,0x67dcf12c,-1,0xff
7945,0x0005f12d,0x67dcf12d,-1,0xff
7946,0x0005f12e,0x67dcf12e,0,0x00
7947,0x0005f12f,0x67dcf12f,1,0x01
7948,0x0005f130,0x67dcf130,-2,0xfe
7949,0x0005f131,0x67dcf131,0,0x00
7950,0x0005f132,0x67dcf132,1,0x01
7951,0x0005f133,0x67dcf133,2,0x02
7952,0x0005f134,0x67dcf134,-3,0xfd
7953,0x0005f135,0x67dcf135,-5,0xfb
7954,0x0005f136,0x67dcf136,-4,0xfc
7955,0x0005f137,0x67dcf137,-2,0xfe
7956,0x0005f138,0x67dcf138,-5,0xfb
7957,0x0005f139,0x67dcf139,-5,0xfb
7958,0x0005f13a,0x67dcf13a,-4,0xfc
7959,0x0005f13b,0x67dcf13b,-2,0xfe
7960,0x0005f13c,0x67dcf13c,-5,0xfb
7961,0x0005f13d,0x67dcf13d,-5,0xfb
7962,0x0005f13e,0x67dcf13e,-4,0xfc
7963,0x0005f13f,0x67dcf13f,-2,0xfe
7964,0x0005f140,0x67dcf140,-4,0xfc
7965,0x0005f141,0x67dcf141,-4,0xfc
7966,0x0005f142,0x67dcf142,-3,0xfd
7967,0x0005f143,0x67dcf143,-2,0xfe
7968,0x0005f144,0x67dcf144,-2,0xfe
7969,0x0005f145,0x67dcf145,0,0x00
7970,0x0005f146,0x67dcf146,2,0x02
7971,0x0005f147,0x67dcf147,3,0x03
7972,0x0005f148,0x67dcf148,-1,0xff
7973,0x0005f149,0x67dcf149,0,0x00
7974,0x0005f14a,0x67dcf14a,1,0x01
7975,0x0005f14b,0x67dcf14b,2,0x02
7976,0x0005f14c,0x67dcf14c,-1,0xff
7977,0x0005f14d,0x67dcf14d,0,0x00
7978,0x0005f14e,0x67dcf14e,1,0x01
7979,0x0005f14f,0x67dcf14f,1,0x01
7980,0x0005f150,0x67dcf150,-2,0xfe
7981,0x0005f151,0x67dcf151,-1,0xff
7982,0x0005f152,0x67dcf152,0,0x00
7983,0x0005f153,0x67dcf153,0,0x00
7984,0x0005f154,0x67dcf154,3,0x03
7985,0x0005f155,0x67dcf155,3,0x03
7986,0x0005f156,0x67dcf156,2,0x02
7987,0x0005f157,0x67dcf157,-1,0xff
7988,0x0005f158,0x67dcf158,3,0x03
7989,0x0005f159,0x67dcf159,2,0x02
7990,0x0005f15a,0x67dcf15a,0,0x00
7991,0x0005f15b,0x67dcf15b,-2,0xfe
7992,0x0005f15c,0x67dcf15c,2,0x02
7993,0x0005f15d,0x67dcf15d,2,0x02
7994,0x0005f15e,0x67dcf15e,1,0x01
7995,0x0005f15f,0x67dcf15f,-1,0xff
7996,0x0005f160,0x67dcf160,3,0x03
7997,0x0005f161,0x67dcf161,3,0x03
7998,0x0005f162,0x67dcf162,3,0x03
7999,0x0005f163,0x67dcf163,1,0x01
8000,0x0005f164,0x67dcf164,-3,0xfd
8001,0x0005f165,0x67dcf165,-4,0xfc
8002,0x0005f166,0x67dcf166,-3,0xfd
8003,0x0005f167,0x67dcf167,-2,0xfe
8004,0x0005f168,0x67dcf168,-4,0xfc
8005,0x0005f169,0x67dcf169,-4,0xfc
8006,0x0005f16a,0x67dcf16a,-3,0xfd
8007,0x0005f16b,0x67dcf16b,-2,0xfe
8008,0x0005f16c,0x67dcf16c,-3,0xfd
8009,0x0005f16d,0x67dcf16d,-5,0xfb
8010,0x0005f16e,0x67dcf16e,-4,0xfc
8011,0x0005f16f,0x67dcf16f,-3,0xfd
8012,0x0005f170,0x67dcf170,-2,0xfe
8013,0x0005f171,0x67dcf171,-3,0xfd
8014,0x0005f172,0x67dcf172,-3,0xfd
8015,0x0005f173,0x67dcf173,-3,0xfd
8016,0x0005f174,0x67dcf174,4,0x04
8017,0x0005f175,0x67dcf175,4,0x04
8018,0x0005f176,0x67dcf176,4,0x04
8019,0x0005f177,0x67dcf177,3,0x03
8020,0x0005f178,0x67dcf178,5,0x05
8021,0x0005f179,0x67dcf179,5,0x05
8022,0x0005f17a,0x67dcf17a,5,0x05
8023,0x0005f17b,0x67dcf17b,3,0x03
8024,0x0005f17c,0x67dcf17c,5,0x05
8025,0x0005f17d,0x67dcf17d,5,0x05
8026,0x0005f17e,0x67dcf17e,4,0x04
8027,0x0005f17f,0x67dcf17f,2,0x02
8028,0x0005f180,0x67dcf180,3,0x03
8029,0x0005f181,0x67dcf181,3,0x03
8030,0x0005f182,0x67dcf182,3,0x03
8031,0x0005f183,0x67dcf183,0,0x00
8032,0x0005f184,0x67dcf184,0,0x00
8033,0x0005f185,0x67dcf185,-2,0xfe
8034,0x0005f186,0x67dcf186,-2,0xfe
8035,0x0005f187,0x67dcf187,-2,0xfe
8036,0x0005f188,0x67dcf188,0,0x00
8037,0x0005f189,0x67dcf189,-1,0xff
8038,0x0005f18a,0x67dcf18a,-2,0xfe
8039,0x0005f18b,0x67dcf18b,-2,0xfe
8040,0x0005f18c,0x67dcf18c,-1,0xff
8041,0x0005f18d,0x67dcf18d,-2,0xfe
8042,0x0005f18e,0x67dcf18e,-3,0xfd
8043,0x0005f18f,0x67dcf18f,-2,0xfe
8044,0x0005f190,0x67dcf190,-2,0xfe
8045,0x0005f191,0x67dcf191,-4,0xfc
8046,0x0005f192,0x67dcf192,-4,0xfc
8047,0x0005f193,0x67dcf193,-4,0xfc
8048,0x0005f194,0x67dcf194,-1,0xff
8049,0x0005f195,0x67dcf195,-1,0xff
8050,0x0005f196,0x67dcf196,4,0x04
8051,0x0005f197,0x67dcf197,-2,0xfe
8052,0x0005f198,0x67dcf198,-1,0xff
8053,0x0005f199,0x67dcf199,0,0x00
8054,0x0005f19a,0x67dcf19a,4,0x04
8055,0x0005f19b,0x67dcf19b,-2,0xfe
8056,0x0005f19c,0x67dcf19c,-1,0xff
8057,0x0005f19d,0x67dcf19d,0,0x00
8058,0x0005f19e,0x67dcf19e,4,0x04
8059,0x0005f19f,0x67dcf19f,-2,0xfe
8060,0x0005f1a0,0x67dcf1a0,-1,0xff
8061,0x0005f1a1,0x67dcf1a1,-1,0xff
8062,0x0005f1a2,0x67dcf1a2,4,0x04
8063,0x0005f1a3,0x67dcf1a3,-3,0xfd
8064,0x0005f1a4,0x67dcf1a4,-2,0xfe
8065,0x0005f1a5,0x67dcf1a5,6,0x06
8066,0x0005f1a6,0x67dcf1a6,2,0x02
8067,0x0005f1a7,0x67dcf1a7,-5,0xfb
8068,0x0005f1a8,0x67dcf1a8,-3,0xfd
8069,0x0005f1a9,0x67dcf1a9,6,0x06
8070,0x0005f1aa,0x67dcf1aa,2,0x02
8071,0x0005f1ab,0x67dcf1ab,-6,0xfa
8072,0x0005f1ac,0x67dcf1ac,-3,0xfd
8073,0x0005f1ad,0x67dcf1ad,7,0x07
8074,0x0005f1ae,0x67dcf1ae,3,0x03
8075,0x0005f1af,0x67dcf1af,-7,0xf9
8076,0x0005f1b0,0x67dcf1b0,-4,0xfc
8077,0x0005f1b1,0x67dcf1b1,8,0x08
8078,0x0005f1b2,0x67dcf1b2,3,0x03
8079,0x0005f1b3,0x67dcf1b3,-7,0xf9
8080,0x0005f1b4,0x67dcf1b4,0,0x00
8081,0x0005f1b5,0x67dcf1b5,-1,0xff
8082,0x0005f1b6,0x67dcf1b6,4,0x04
8083,0x0005f1b7,0x67dcf1b7,-3,0xfd
8084,0x0005f1b8,0x67dcf1b8,-1,0xff
8085,0x0005f1b9,0x67dcf1b9,-1,0xff
8086,0x0005f1ba,0x67dcf1ba,4,0x04
8087,0x0005f1bb,0x67dcf1bb,-3,0xfd
8088,0x0005f1bc,0x67dcf1bc,-1,0xff
8089,0x0005f1bd,0x67dcf1bd,-1,0xff
8090,0x0005f1be,0x67dcf1be,3,0x03
8091,0x0005f1bf,0x67dcf1bf,-3,0xfd
8092,0x0005f1c0,0x67dcf1c0,-1,0xff
8093,0x0005f1c1,0x67dcf1c1,0,0x00
8094,0x0005f1c2,0x67dcf1c2,3,0x03
8095,0x0005f1c3,0x67dcf1c3,-2,0xfe
8096,0x0005f1c4,0x67dcf1c4,-4,0xfc
8097,0x0005f1c5,0x67dcf1c5,7,0x07
8098,0x0005f1c6,0x67dcf1c6,3,0x03
8099,0x0005f1c7,0x67dcf1c7,-6,0xfa
8100,0x0005f1c8,0x67dcf1c8,-4,0xfc
8101,0x0005f1c9,0x67dcf1c9,7,0x07
8102,0x0005f1ca,0x67dcf1ca,3,0x03
8103,0x0005f1cb,0x67dcf1cb,-6,0xfa
8104,0x0005f1cc,0x67dcf1cc,-4,0xfc
8105,0x0005f1cd,0x67dcf1cd,6,0x06
8106,0x0005f1ce,0x67dcf1ce,3,0x03
8107,0x0005f1cf,0x67dcf1cf,-6,0xfa
8108,0x0005f1d0,0x67dcf1d0,-3,0xfd
8109,0x0005f1d1,0x67dcf1d1,6,0x06
8110,0x0005f1d2,0x67dcf1d2,3,0x03
8111,0x0005f1d3,0x67dcf1d3,-5,0xfb
8112,0x0005f1d4,0x67dcf1d4,1,0x01
8113,0x0005f1d5,0x67dcf1d5,-2,0xfe
8114,0x0005f1d6,0x67dcf1d6,-7,0xf9
8115,0x0005f1d7,0x67dcf1d7,2,0x02
8116,0x0005f1d8,0x67dcf1d8,1,0x01
8117,0x0005f1d9,0x67dcf1d9,-2,0xfe
8118,0x0005f1da,0x67dcf1da,-8,0xf8
8119,0x0005f1db,0x67dcf1db,3,0x03
8120,0x0005f1dc,0x67dcf1dc,2,0x02
8121,0x0005f1dd,0x67dcf1dd,-2,0xfe
8122,0x0005f1de,0x67dcf1de,-9,0xf7
8123,0x0005f1df,0x67dcf1df,4,0x04
8124,0x0005f1e0,0x67dcf1e0,3,0x03
8125,0x0005f1e1,0x67dcf1e1,-1,0xff
8126,0x0005f1e2,0x67dcf1e2,-9,0xf7
8127,0x0005f1e3,0x67dcf1e3,5,0x05
8128,0x0005f1e4,0x67dcf1e4,5,0x05
8129,0x0005f1e5,0x67dcf1e5,-2,0xfe
8130,0x0005f1e6,0x67dcf1e6,-1,0xff
8131,0x0005f1e7,0x67dcf1e7,1,0x01
8132,0x0005f1e8,0x67dcf1e8,6,0x06
8133,0x0005f1e9,0x67dcf1e9,-3,0xfd
8134,0x0005f1ea,0x67dcf1ea,-1,0xff
8135,0x0005f1eb,0x67dcf1eb,2,0x02
8136,0x0005f1ec,0x67dcf1ec,7,0x07
8137,0x0005f1ed,0x67dcf1ed,-4,0xfc
8138,0x0005f1ee,0x67dcf1ee,-2,0xfe
8139,0x0005f1ef,0x67dcf1ef,2,0x02
8140,0x0005f1f0,0x67dcf1f0,7,0x07
8141,0x0005f1f1,0x67dcf1f1,-4,0xfc
8142,0x0005f1f2,0x67dcf1f2,-1,0xff
8143,0x0005f1f3,0x67dcf1f3,3,0x03
8144,0x0005f1f4,0x67dcf1f4,3,0x03
8145,0x0005f1f5,0x67dcf1f5,-1,0xff
8146,0x0005f1f6,0x67dcf1f6,-9,0xf7
8147,0x0005f1f7,0x67dcf1f7,4,0x04
8148,0x0005f1f8,0x67dcf1f8,3,0x03
8149,0x0005f1f9,0x67dcf1f9,-1,0xff
8150,0x0005f1fa,0x67dcf1fa,-7,0xf9
8151,0x0005f1fb,0x67dcf1fb,4,0x04
8152,0x0005f1fc,0x67dcf1fc,2,0x02
8153,0x0005f1fd,0x67dcf1fd,0,0x00
8154,0x0005f1fe,0x67dcf1fe,-6,0xfa
8155,0x0005f1ff,0x67dcf1ff,4,0x04
8156,0x0005f200,0x67dcf200,2,0x02
8157,0x0005f201,0x67dcf201,0,0x00
8158,0x0005f202,0x67dcf202,-5,0xfb
8159,0x0005f203,0x67dcf203,3,0x03
8160,0x0005f204,0x67dcf204,7,0x07
8161,0x0005f205,0x67dcf205,-4,0xfc
8162,0x0005f206,0x67dcf206,-2,0xfe
8163,0x0005f207,0x67dcf207,2,0x02
8164,0x0005f208,0x67dcf208,6,0x06
8165,0x0005f209,0x67dcf209,-4,0xfc
8166,0x0005f20a,0x67dcf20a,-2,0xfe
8167,0x0005f20b,0x67dcf20b,1,0x01
8168,0x0005f20c,0x67dcf20c,6,0x06
8169,0x0005f20d,0x67dcf20d,-4,0xfc
8170,0x0005f20e,0x67dcf20e,-1,0xff
8171,0x0005f20f,0x67dcf20f,1,0x01
8172,0x0005f210,0x67dcf210,4,0x04
8173,0x0005f211,0x67dcf211,-3,0xfd
8174,0x0005f212,0x67dcf212,-1,0xff
8175,0x0005f213,0x67dcf213,1,0x01
8176,0x0005f214,0x67dcf214,-2,0xfe
8177,0x0005f215,0x67dcf215,2,0x02
8178,0x0005f216,0x67dcf216,2,0x02
8179,0x0005f217,0x67dcf217,0,0x00
8180,0x0005f218,0x67dcf218,-2,0xfe
8181,0x0005f219,0x67dcf219,2,0x02
8182,0x0005f21a,0x67dcf21a,2,0x02
8183,0x0005f21b,0x67dcf21b,1,0x01
8184,0x0005f21c,0x67dcf21c,-2,0xfe
8185,0x0005f21d,0x67dcf21d,2,0x02
8186,0x0005f21e,0x67dcf21e,2,0x02
8187,0x0005f21f,0x67dcf21f,2,0x02
8188,0x0005f220,0x67dcf220,-3,0xfd
8189,0x0005f221,0x67dcf221,2,0x02
8190,0x0005f222,0x67dcf222,3,0x03
8191,0x0005f223,0x67dcf223,3,0x03
8192,0x0005f224,0x67dcf224,0,0x00
8193,0x0005f225,0x67dcf225,-1,0xff
8194,0x0005f226,0x67dcf226,-3,0xfd
8195,0x0005f227,0x67dcf227,-4,0xfc
8196,0x0005f228,0x67dcf228,1,0x01
8197,0x0005f229,0x67dcf229,0,0x00
8198,0x0005f22a,0x67dcf22a,-2,0xfe
8199,0x0005f22b,0x67dcf22b,-4,0xfc
8200,0x0005f22c,0x67dcf22c,2,0x02
8201,0x0005f22d,0x67dcf22d,1,0x01
8202,0x0005f22e,0x67dcf22e,-1,0xff
8203,0x0005f22f,0x67dcf22f,-2,0xfe
8204,0x0005f230,0x67dcf230,4,0x04
8205,0x0005f231,0x67dcf231,2,0x02
8206,0x0005f232,0x67dcf232,0,0x00
8207,0x0005f233,0x67dcf233,-2,0xfe
8208,0x0005f234,0x67dcf234,-3,0xfd
8209,0x0005f235,0x67dcf235,2,0x02
8210,0x0005f236,0x67dcf236,3,0x03
8211,0x0005f237,0x67dcf237,2,0x02
8212,0x0005f238,0x67dcf238,-4,0xfc
8213,0x0005f239,0x67dcf239,1,0x01
8214,0x0005f23a,0x67dcf23a,2,0x02
8215,0x0005f23b,0x67dcf23b,1,0x01
8216,0x0005f23c,0x67dcf23c,-5,0xfb
8217,0x0005f23d,0x67dcf23d,0,0x00
8218,0x0005f23e,0x67dcf23e,1,0x01
8219,0x0005f23f,0x67dcf23f,0,0x00
8220,0x0005f240,0x67dcf240,-4,0xfc
8221,0x0005f241,0x67dcf241,0,0x00
8222,0x0005f242,0x67dcf242,0,0x00
8223,0x0005f243,0x67dcf243,0,0x00
8224,0x0005f244,0x67dcf244,4,0x04
8225,0x0005f245,0x67dcf245,2,0x02
8226,0x0005f246,0x67dcf246,0,0x00
8227,0x0005f247,0x67dcf247,-3,0xfd
8228,0x0005f248,0x67dcf248,2,0x02
8229,0x0005f249,0x67dcf249,1,0x01
8230,0x0005f24a,0x67dcf24a,-1,0xff
8231,0x0005f24b,0x67dcf24b,-3,0xfd
8232,0x0005f24c,0x67dcf24c,1,0x01
8233,0x0005f24d,0x67dcf24d,1,0x01
8234,0x0005f24e,0x67dcf24e,-2,0xfe
8235,0x0005f24f,0x67dcf24f,-3,0xfd
8236,0x0005f250,0x67dcf250,1,0x01
8237,0x0005f251,0x67dcf251,0,0x00
8238,0x0005f252,0x67dcf252,-2,0xfe
8239,0x0005f253,0x67dcf253,-3,0xfd
8240,0x0005f254,0x67dcf254,0,0x00
8241,0x0005f255,0x67dcf255,0,0x00
8242,0x0005f256,0x67dcf256,-1,0xff
8243,0x0005f257,0x67dcf257,-2,0xfe
8244,0x0005f258,0x67dcf258,0,0x00
8245,0x0005f259,0x67dcf259,0,0x00
8246,0x0005f25a,0x67dcf25a,-1,0xff
8247,0x0005f25b,0x67dcf25b,-3,0xfd
8248,0x0005f25c,0x67dcf25c,0,0x00
8249,0x0005f25d,0x67dcf25d,1,0x01
8250,0x0005f25e,0x67dcf25e,-1,0xff
8251,0x0005f25f,0x67dcf25f,-3,0xfd
8252,0x0005f260,0x67dcf260,0,0x00
8253,0x0005f261,0x67dcf261,1,0x01
8254,0x0005f262,0x67dcf262,0,0x00
8255,0x0005f263,0x67dcf263,-1,0xff
8256,0x0005f264,0x67dcf264,-2,0xfe
8257,0x0005f265,0x67dcf265,2,0x02
8258,0x0005f266,0x67dcf266,7,0x07
8259,0x0005f267,0x67dcf267,8,0x08
8260,0x0005f268,0x67dcf268,-2,0xfe
8261,0x0005f269,0x67dcf269,1,0x01
8262,0x0005f26a,0x67dcf26a,6,0x06
8263,0x0005f26b,0x67dcf26b,7,0x07
8264,0x0005f26c,0x67dcf26c,-3,0xfd
8265,0x0005f26d,0x67dcf26d,0,0x00
8266,0x0005f26e,0x67dcf26e,4,0x04
8267,0x0005f26f,0x67dcf26f,5,0x05
8268,0x0005f270,0x67dcf270,-1,0xff
8269,0x0005f271,0x67dcf271,0,0x00
8270,0x0005f272,0x67dcf272,1,0x01
8271,0x0005f273,0x67dcf273,3,0x03
8272,0x0005f274,0x67dcf274,0,0x00
8273,0x0005f275,0x67dcf275,2,0x02
8274,0x0005f276,0x67dcf276,1,0x01
8275,0x0005f277,0x67dcf277,1,0x01
8276,0x0005f278,0x67dcf278,-2,0xfe
8277,0x0005f279,0x67dcf279,0,0x00
8278,0x0005f27a,0x67dcf27a,1,0x01
8279,0x0005f27b,0x67dcf27b,2,0x02
8280,0x0005f27c,0x67dcf27c,-5,0xfb
8281,0x0005f27d,0x67dcf27d,-2,0xfe
8282,0x0005f27e,0x67dcf27e,0,0x00
8283,0x0005f27f,0x67dcf27f,1,0x01
8284,0x0005f280,0x67dcf280,-6,0xfa
8285,0x0005f281,0x67dcf281,-4,0xfc
8286,0x0005f282,0x67dcf282,-1,0xff
8287,0x0005f283,0x67dcf283,1,0x01
8288,0x0005f284,0x67dcf284,0,0x00
8289,0x0005f285,0x67dcf285,-1,0xff
8290,0x0005f286,0x67dcf286,0,0x00
8291,0x0005f287,0x67dcf287,1,0x01
8292,0x0005f288,0x67dcf288,1,0x01
8293,0x0005f289,0x67dcf289,0,0x00
8294,0x0005f28a,0x67dcf28a,-1,0xff
8295,0x0005f28b,0x67dcf28b,-1,0xff
8296,0x0005f28c,0x67dcf28c,1,0x01
8297,0x0005f28d,0x67dcf28d,0,0x00
8298,0x0005f28e,0x67dcf28e,-3,0xfd
8299,0x0005f28f,0x67dcf28f,-3,0xfd
8300,0x0005f290,0x67dcf290,1,0x01
8301,0x0005f291,0x67dcf291,-1,0xff
8302,0x0005f292,0x67dcf292,-3,0xfd
8303,0x0005f293,0x67dcf293,-4,0xfc
8304,0x0005f294,0x67dcf294,-4,0xfc
8305,0x0005f295,0x67dcf295,-2,0xfe
8306,0x0005f296,0x67dcf296,2,0x02
8307,0x0005f297,0x67dcf297,5,0x05
8308,0x0005f298,0x67dcf298,-5,0xfb
8309,0x0005f299,0x67dcf299,-3,0xfd
8310,0x0005f29a,0x67dcf29a,1,0x01
8311,0x0005f29b,0x67dcf29b,4,0x04
8312,0x0005f29c,0x67dcf29c,-4,0xfc
8313,0x0005f29d,0x67dcf29d,-2,0xfe
8314,0x0005f29e,0x67dcf29e,0,0x00
8315,0x0005f29f,0x67dcf29f,2,0x02
8316,0x0005f2a0,0x67dcf2a0,-2,0xfe
8317,0x0005f2a1,0x67dcf2a1,-1,0xff
8318,0x0005f2a2,0x67dcf2a2,0,0x00
8319,0x0005f2a3,0x67dcf2a3,1,0x01
8320,0x0005f2a4,0x67dcf2a4,6,0x06
8321,0x0005f2a5,0x67dcf2a5,4,0x04
8322,0x0005f2a6,0x67dcf2a6,3,0x03
8323,0x0005f2a7,0x67dcf2a7,2,0x02
8324,0x0005f2a8,0x67dcf2a8,4,0x04
8325,0x0005f2a9,0x67dcf2a9,2,0x02
8326,0x0005f2aa,0x67dcf2aa,0,0x00
8327,0x0005f2ab,0x67dcf2ab,0,0x00
8328,0x0005f2ac,0x67dcf2ac,1,0x01
8329,0x0005f2ad,0x67dcf2ad,-1,0xff
8330,0x0005f2ae,0x67dcf2ae,-2,0xfe
8331,0x0005f2af,0x67dcf2af,-2,0xfe
8332,0x0005f2b0,0x67dcf2b0,0,0x00
8333,0x0005f2b1,0x67dcf2b1,-2,0xfe
8334,0x0005f2b2,0x67dcf2b2,-3,0xfd
8335,0x0005f2b3,0x67dcf2b3,-2,0xfe
8336,0x0005f2b4,0x67dcf2b4,-2,0xfe
8337,0x0005f2b5,0x67dcf2b5,0,0x00
8338,0x0005f2b6,0x67dcf2b6,0,0x00
8339,0x0005f2b7,0x67dcf2b7,0,0x00
8340,0x0005f2b8,0x67dcf2b8,-2,0xfe
8341,0x0005f2b9,0x67dcf2b9,-1,0xff
8342,0x0005f2ba,0x67dcf2ba,-1,0xff
8343,0x0005f2bb,0x67dcf2bb,0,0x00
8344,0x0005f2bc,0x67dcf2bc,-2,0xfe
8345,0x0005f2bd,0x67dcf2bd,-2,0xfe
8346,0x0005f2be,0x67dcf2be,-1,0xff
8347,0x0005f2bf,0x67dcf2bf,-1,0xff
8348,0x0005f2c0,0x67dcf2c0,-2,0xfe
8349,0x0005f2c1,0x67dcf2c1,-3,0xfd
8350,0x0005f2c2,0x67dcf2c2,-2,0xfe
8351,0x0005f2c3,0x67dcf2c3,-1,0xff
8352,0x0005f2c4,0x67dcf2c4,-1,0xff
8353,0x0005f2c5,0x67dcf2c5,-1,0xff
8354,0x0005f2c6,0x67dcf2c6,-2,0xfe
8355,0x0005f2c7,0x67dcf2c7,-1,0xff
8356,0x0005f2c8,0x67dcf2c8,0,0x00
8357,0x0005f2c9,0x67dcf2c9,0,0x00
8358,0x0005f2ca,0x67dcf2ca,1,0x01
8359,0x0005f2cb,0x67dcf2cb,2,0x02
8360,0x0005f2cc,0x67dcf2cc,0,0x00
8361,0x0005f2cd,0x67dcf2cd,1,0x01
8362,0x0005f2ce,0x67dcf2ce,3,0x03
8363,0x0005f2cf,0x67dcf2cf,4,0x04
8364,0x0005f2d0,0x67dcf2d0,0,0x00
8365,0x0005f2d1,0x67dcf2d1,2,0x02
8366,0x0005f2d2,0x67dcf2d2,4,0x04
8367,0x0005f2d3,0x67dcf2d3,5,0x05
8368,0x0005f2d4,0x67dcf2d4,2,0x02
8369,0x0005f2d5,0x67dcf2d5,1,0x01
8370,0x0005f2d6,0x67dcf2d6,-2,0xfe
8371,0x0005f2d7,0x67dcf2d7,-2,0xfe
8372,0x0005f2d8,0x67dcf2d8,1,0x01
8373,0x0005f2d9,0x67dcf2d9,0,0x00
8374,0x0005f2da,0x67dcf2da,-3,0xfd
8375,0x0005f2db,0x67dcf2db,-3,0xfd
8376,0x0005f2dc,0x67dcf2dc,0,0x00
8377,0x0005f2dd,0x67dcf2dd,-1,0xff
8378,0x0005f2de,0x67dcf2de,-3,0xfd
8379,0x0005f2df,0x67dcf2df,-3,0xfd
8380,0x0005f2e0,0x67dcf2e0,0,0x00
8381,0x0005f2e1,0x67dcf2e1,0,0x00
8382,0x0005f2e2,0x67dcf2e2,-3,0xfd
8383,0x0005f2e3,0x67dcf2e3,-1,0xff
8384,0x0005f2e4,0x67dcf2e4,-1,0xff
8385,0x0005f2e5,0x67dcf2e5,0,0x00
8386,0x0005f2e6,0x67dcf2e6,1,0x01
8387,0x0005f2e7,0x67dcf2e7,0,0x00
8388,0x0005f2e8,0x67dcf2e8,-1,0xff
8389,0x0005f2e9,0x67dcf2e9,0,0x00
8390,0x0005f2ea,0x67dcf2ea,1,0x01
8391,0x0005f2eb,0x67dcf2eb,0,0x00
8392,0x0005f2ec,0x67dcf2ec,-1,0xff
8393,0x0005f2ed,0x67dcf2ed,1,0x01
8394,0x0005f2ee,0x67dcf2ee,1,0x01
8395,0x0005f2ef,0x67dcf2ef,1,0x01
8396,0x0005f2f0,0x67dcf2f0,1,0x01
8397,0x0005f2f1,0x67dcf2f1,2,0x02
8398,0x0005f2f2,0x67dcf2f2,3,0x03
8399,0x0005f2f3,0x67dcf2f3,3,0x03
8400,0x0005f2f4,0x67dcf2f4,0,0x00
8401,0x0005f2f5,0x67dcf2f5,-1,0xff
8402,0x0005f2f6,0x67dcf2f6,-3,0xfd
8403,0x0005f2f7,0x67dcf2f7,-1,0xff
8404,0x0005f2f8,0x67dcf2f8,-2,0xfe
8405,0x0005f2f9,0x67dcf2f9,-2,0xfe
8406,0x0005f2fa,0x67dcf2fa,-4,0xfc
8407,0x0005f2fb,0x67dcf2fb,-2,0xfe
8408,0x0005f2fc,0x67dcf2fc,-3,0xfd
8409,0x0005f2fd,0x67dcf2fd,-3,0xfd
8410,0x0005f2fe,0x67dcf2fe,-4,0xfc
8411,0x0005f2ff,0x67dcf2ff,-2,0xfe
8412,0x0005f300,0x67dcf300,-2,0xfe
8413,0x0005f301,0x67dcf301,-3,0xfd
8414,0x0005f302,0x67dcf302,-5,0xfb
8415,0x0005f303,0x67dcf303,-2,0xfe
8416,0x0005f304,0x67dcf304,1,0x01
8417,0x0005f305,0x67dcf305,3,0x03
8418,0x0005f306,0x67dcf306,3,0x03
8419,0x0005f307,0x67dcf307,3,0x03
8420,0x0005f308,0x67dcf308,1,0x01
8421,0x0005f309,0x67dcf309,3,0x03
8422,0x0005f30a,0x67dcf30a,4,0x04
8423,0x0005f30b,0x67dcf30b,4,0x04
8424,0x0005f30c,0x67dcf30c,1,0x01
8425,0x0005f30d,0x67dcf30d,3,0x03
8426,0x0005f30e,0x67dcf30e,3,0x03
8427,0x0005f30f,0x67dcf30f,4,0x04
8428,0x0005f310,0x67dcf310,1,0x01
8429,0x0005f311,0x67dcf311,2,0x02
8430,0x0005f312,0x67dcf312,3,0x03
8431,0x0005f313,0x67dcf313,3,0x03
8432,0x0005f314,0x67dcf314,4,0x04
8433,0x0005f315,0x67dcf315,5,0x05
8434,0x0005f316,0x67dcf316,3,0x03
8435,0x0005f317,0x67dcf317,4,0x04
8436,0x0005f318,0x67dcf318,3,0x03
8437,0x0005f319,0x67dcf319,3,0x03
8438,0x0005f31a,0x67dcf31a,1,0x01
8439,0x0005f31b,0x67dcf31b,0,0x00
8440,0x0005f31c,0x67dcf31c,1,0x01
8441,0x0005f31d,0x67dcf31d,1,0x01
8442,0x0005f31e,0x67dcf31e,-1,0xff
8443,0x0005f31f,0x67dcf31f,-2,0xfe
8444,0x0005f320,0x67dcf320,2,0x02
8445,0x0005f321,0x67dcf321,2,0x02
8446,0x0005f322,0x67dcf322,0,0x00
8447,0x0005f323,0x67dcf323,-2,0xfe
8448,0x0005f324,0x67dcf324,4,0x04
8449,0x0005f325,0x67dcf325,4,0x04
8450,0x0005f326,0x67dcf326,4,0x04
8451,0x0005f327,0x67dcf327,5,0x05
8452,0x0005f328,0x67dcf328,0,0x00
8453,0x0005f329,0x67dcf329,0,0x00
8454,0x0005f32a,0x67dcf32a,0,0x00
8455,0x0005f32b,0x67dcf32b,1,0x01
8456,0x0005f32c,0x67dcf32c,-3,0xfd
8457,0x0005f32d,0x67dcf32d,-4,0xfc
8458,0x0005f32e,0x67dcf32e,-3,0xfd
8459,0x0005f32f,0x67dcf32f,-2,0xfe
8460,0x0005f330,0x67dcf330,-2,0xfe
8461,0x0005f331,0x67dcf331,-4,0xfc
8462,0x0005f332,0x67dcf332,-3,0xfd
8463,0x0005f333,0x67dcf333,-2,0xfe
8464,0x0005f334,0x67dcf334,2,0x02
8465,0x0005f335,0x67dcf335,3,0x03
8466,0x0005f336,0x67dcf336,1,0x01
8467,0x0005f337,0x67dcf337,-1,0xff
8468,0x0005f338,0x67dcf338,1,0x01
8469,0x0005f339,0x67dcf339,2,0x02
8470,0x0005f33a,0x67dcf33a,0,0x00
8471,0x0005f33b,0x67dcf33b,0,0x00
8472,0x0005f33c,0x67dcf33c,0,0x00
8473,0x0005f33d,0x67dcf33d,1,0x01
8474,0x0005f33e,0x67dcf33e,0,0x00
8475,0x0005f33f,0x67dcf33f,-1,0xff
8476,0x0005f340,0x67dcf340,1,0x01
8477,0x0005f341,0x67dcf341,1,0x01
8478,0x0005f342,0x67dcf342,0,0x00
8479,0x0005f343,0x67dcf343,-1,0xff
8480,0x0005f344,0x67dcf344,-1,0xff
8481,0x0005f345,0x67dcf345,-3,0xfd
8482,0x0005f346,0x67dcf346,-3,0xfd
8483,0x0005f347,0x67dcf347,-2,0xfe
8484,0x0005f348,0x67dcf348,-1,0xff
8485,0x0005f349,0x67dcf349,-2,0xfe
8486,0x0005f34a,0x67dcf34a,-2,0xfe
8487,0x0005f34b,0x67dcf34b,-1,0xff
8488,0x0005f34c,0x67dcf34c,-1,0xff
8489,0x0005f34d,0x67dcf34d,-3,0xfd
8490,0x0005f34e,0x67dcf34e,-2,0xfe
8491,0x0005f34f,0x67dcf34f,-1,0xff
8492,0x0005f350,0x67dcf350,-1,0xff
8493,0x0005f351,0x67dcf351,-2,0xfe
8494,0x0005f352,0x67dcf352,-2,0xfe
8495,0x0005f353,0x67dcf353,-2,0xfe
8496,0x0005f354,0x67dcf354,-2,0xfe
8497,0x0005f355,0x67dcf355,-1,0xff
8498,0x0005f356,0x67dcf356,-1,0xff
8499,0x0005f357,0x67dcf357,0,0x00
8500,0x0005f358,0x67dcf358,1,0x01
8501,0x0005f359,0x67dcf359,2,0x02
8502,0x0005f35a,0x67dcf35a,3,0x03
8503,0x0005f35b,0x67dcf35b,5,0x05
8504,0x0005f35c,0x67dcf35c,1,0x01
8505,0x0005f35d,0x67dcf35d,2,0x02
8506,0x0005f35e,0x67dcf35e,3,0x03
8507,0x0005f35f,0x67dcf35f,4,0x04
8508,0x0005f360,0x67dcf360,-2,0xfe
8509,0x0005f361,0x67dcf361,-2,0xfe
8510,0x0005f362,0x67dcf362,-3,0xfd
8511,0x0005f363,0x67dcf363,-3,0xfd
8512,0x0005f364,0x67dcf364,1,0x01
8513,0x0005f365,0x67dcf365,2,0x02
8514,0x0005f366,0x67dcf366,1,0x01
8515,0x0005f367,0x67dcf367,0,0x00
8516,0x0005f368,0x67dcf368,6,0x06
8517,0x0005f369,0x67dcf369,5,0x05
8518,0x0005f36a,0x67dcf36a,5,0x05
8519,0x0005f36b,0x67dcf36b,3,0x03
8520,0x0005f36c,0x67dcf36c,5,0x05
8521,0x0005f36d,0x67dcf36d,5,0x05
8522,0x0005f36e,0x67dcf36e,4,0x04
8523,0x0005f36f,0x67dcf36f,3,0x03
8524,0x0005f370,0x67dcf370,-2,0xfe
8525,0x0005f371,0x67dcf371,-1,0xff
8526,0x0005f372,0x67dcf372,0,0x00
8527,0x0005f373,0x67dcf373,0,0x00
8528,0x0005f374,0x67dcf374,-3,0xfd
8529,0x0005f375,0x67dcf375,-3,0xfd
8530,0x0005f376,0x67dcf376,-4,0xfc
8531,0x0005f377,0x67dcf377,-5,0xfb
8532,0x0005f378,0x67dcf378,-1,0xff
8533,0x0005f379,0x67dcf379,-1,0xff
8534,0x0005f37a,0x67dcf37a,-2,0xfe
8535,0x0005f37b,0x67dcf37b,-2,0xfe
8536,0x0005f37c,0x67dcf37c,0,0x00
8537,0x0005f37d,0x67dcf37d,1,0x01
8538,0x0005f37e,0x67dcf37e,0,0x00
8539,0x0005f37f,0x67dcf37f,-1,0xff
8540,0x0005f380,0x67dcf380,-1,0xff
8541,0x0005f381,0x67dcf381,0,0x00
8542,0x0005f382,0x67dcf382,-1,0xff
8543,0x0005f383,0x67dcf383,-2,0xfe
8544,0x0005f384,0x67dcf384,-4,0xfc
8545,0x0005f385,0x67dcf385,-3,0xfd
8546,0x0005f386,0x67dcf386,-2,0xfe
8547,0x0005f387,0x67dcf387,-1,0xff
8548,0x0005f388,0x67dcf388,-2,0xfe
8549,0x0005f389,0x67dcf389,-1,0xff
8550,0x0005f38a,0x67dcf38a,0,0x00
8551,0x0005f38b,0x67dcf38b,0,0x00
8552,0x0005f38c,0x67dcf38c,-1,0xff
8553,0x0005f38d,0x67dcf38d,0,0x00
8554,0x0005f38e,0x67dcf38e,0,0x00
8555,0x0005f38f,0x67dcf38f,1,0x01
8556,0x0005f390,0x67dcf390,-3,0xfd
8557,0x0005f391,0x67dcf391,-2,0xfe
8558,0x0005f392,0x67dcf392,-2,0xfe
8559,0x0005f393,0x67dcf393,-1,0xff
8560,0x0005f394,0x67dcf394,7,0x07
8561,0x0005f395,0x67dcf395,7,0x07
8562,0x0005f396,0x67dcf396,6,0x06
8563,0x0005f397,0x67dcf397,5,0x05
8564,0x0005f398,0x67dcf398,3,0x03
8565,0x0005f399,0x67dcf399,3,0x03
8566,0x0005f39a,0x67dcf39a,2,0x02
8567,0x0005f39b,0x67dcf39b,2,0x02
8568,0x0005f39c,0x67dcf39c,0,0x00
8569,0x0005f39d,0x67dcf39d,-1,0xff
8570,0x0005f39e,0x67dcf39e,-1,0xff
8571,0x0005f39f,0x67dcf39f,-1,0xff
8572,0x0005f3a0,0x67dcf3a0,-1,0xff
8573,0x0005f3a1,0x67dcf3a1,-3,0xfd
8574,0x0005f3a2,0x67dcf3a2,-2,0xfe
8575,0x0005f3a3,0x67dcf3a3,-1,0xff
8576,0x0005f3a4,0x67dcf3a4,4,0x04
8577,0x0005f3a5,0x67dcf3a5,2,0x02
8578,0x0005f3a6,0x67dcf3a6,-1,0xff
8579,0x0005f3a7,0x67dcf3a7,-2,0xfe
8580,0x0005f3a8,0x67dcf3a8,1,0x01
8581,0x0005f3a9,0x67dcf3a9,0,0x00
8582,0x0005f3aa,0x67dcf3aa,-2,0xfe
8583,0x0005f3ab,0x67dcf3ab,-3,0xfd
8584,0x0005f3ac,0x67dcf3ac,0,0x00
8585,0x0005f3ad,0x67dcf3ad,-1,0xff
8586,0x0005f3ae,0x67dcf3ae,-2,0xfe
8587,0x0005f3af,0x67dcf3af,-2,0xfe
8588,0x0005f3b0,0x67dcf3b0,0,0x00
8589,0x0005f3b1,0x67dcf3b1,0,0x00
8590,0x0005f3b2,0x67dcf3b2,0,0x00
8591,0x0005f3b3,0x67dcf3b3,1,0x01
8592,0x0005f3b4,0x67dcf3b4,0,0x00
8593,0x0005f3b5,0x67dcf3b5,-2,0xfe
8594,0x0005f3b6,0x67dcf3b6,-2,0xfe
8595,0x0005f3b7,0x67dcf3b7,-1,0xff
8596,0x0005f3b8,0x67dcf3b8,3,0x03
8597,0x0005f3b9,0x67dcf3b9,1,0x01
8598,0x0005f3ba,0x67dcf3ba,-1,0xff
8599,0x0005f3bb,0x67dcf3bb,-1,0xff
8600,0x0005f3bc,0x67dcf3bc,3,0x03
8601,0x0005f3bd,0x67dcf3bd,1,0x01
8602,0x0005f3be,0x67dcf3be,-2,0xfe
8603,0x0005f3bf,0x67dcf3bf,-3,0xfd
8604,0x0005f3c0,0x67dcf3c0,1,0x01
8605,0x0005f3c1,0x67dcf3c1,-2,0xfe
8606,0x0005f3c2,0x67dcf3c2,-5,0xfb
8607,0x0005f3c3,0x67dcf3c3,-6,0xfa
8608,0x0005f3c4,0x67dcf3c4,-1,0xff
8609,0x0005f3c5,0x67dcf3c5,1,0x01
8610,0x0005f3c6,0x67dcf3c6,2,0x02
8611,0x0005f3c7,0x67dcf3c7,2,0x02
8612,0x0005f3c8,0x67dcf3c8,-1,0xff
8613,0x0005f3c9,0x67dcf3c9,1,0x01
8614,0x0005f3ca,0x67dcf3ca,2,0x02
8615,0x0005f3cb,0x67dcf3cb,2,0x02
8616,0x0005f3cc,0x67dcf3cc,-2,0xfe
8617,0x0005f3cd,0x67dcf3cd,-1,0xff
8618,0x0005f3ce,0x67dcf3ce,1,0x01
8619,0x0005f3cf,0x67dcf3cf,2,0x02
8620,0x0005f3d0,0x67dcf3d0,-5,0xfb
8621,0x0005f3d1,0x67dcf3d1,-3,0xfd
8622,0x0005f3d2,0x67dcf3d2,-2,0xfe
8623,0x0005f3d3,0x67dcf3d3,0,0x00
8624,0x0005f3d4,0x67dcf3d4,0,0x00
8625,0x0005f3d5,0x67dcf3d5,-1,0xff
8626,0x0005f3d6,0x67dcf3d6,-2,0xfe
8627,0x0005f3d7,0x67dcf3d7,-3,0xfd
8628,0x0005f3d8,0x67dcf3d8,0,0x00
8629,0x0005f3d9,0x67dcf3d9,0,0x00
8630,0x0005f3da,0x67dcf3da,-1,0xff
8631,0x0005f3db,0x67dcf3db,-1,0xff
8632,0x0005f3dc,0x67dcf3dc,0,0x00
8633,0x0005f3dd,0x67dcf3dd,0,0x00
8634,0x0005f3de,0x67dcf3de,-2,0xfe
8635,0x0005f3df,0x67dcf3df,-1,0xff
8636,0x0005f3e0,0x67dcf3e0,-1,0xff
8637,0x0005f3e1,0x67dcf3e1,-2,0xfe
8638,0x0005f3e2,0x67dcf3e2,-3,0xfd
8639,0x0005f3e3,0x67dcf3e3,-3,0xfd
8640,0x0005f3e4,0x67dcf3e4,-1,0xff
8641,0x0005f3e5,0x67dcf3e5,0,0x00
8642,0x0005f3e6,0x67dcf3e6,-2,0xfe
8643,0x0005f3e7,0x67dcf3e7,-2,0xfe
8644,0x0005f3e8,0x67dcf3e8,0,0x00
8645,0x0005f3e9,0x67dcf3e9,1,0x01
8646,0x0005f3ea,0x67dcf3ea,-1,0xff
8647,0x0005f3eb,0x67dcf3eb,-2,0xfe
8648,0x0005f3ec,0x67dcf3ec,0,0x00
8649,0x0005f3ed,0x67dcf3ed,0,0x00
8650,0x0005f3ee,0x67dcf3ee,0,0x00
8651,0x0005f3ef,0x67dcf3ef,-2,0xfe
8652,0x0005f3f0,0x67dcf3f0,-2,0xfe
8653,0x0005f3f1,0x67dcf3f1,-1,0xff
8654,0x0005f3f2,0x67dcf3f2,-3,0xfd
8655,0x0005f3f3,0x67dcf3f3,-3,0xfd
8656,0x0005f3f4,0x67dcf3f4,-1,0xff
8657,0x0005f3f5,0x67dcf3f5,-2,0xfe
8658,0x0005f3f6,0x67dcf3f6,-3,0xfd
8659,0x0005f3f7,0x67dcf3f7,-3,0xfd
8660,0x0005f3f8,0x67dcf3f8,2,0x02
8661,0x0005f3f9,0x67dcf3f9,2,0x02
8662,0x0005f3fa,0x67dcf3fa,0,0x00
8663,0x0005f3fb,0x67dcf3fb,0,0x00
8664,0x0005f3fc,0x67dcf3fc,5,0x05
8665,0x0005f3fd,0x67dcf3fd,5,0x05
8666,0x0005f3fe,0x67dcf3fe,3,0x03
8667,0x0005f3ff,0x67dcf3ff,2,0x02
8668,0x0005f400,0x67dcf400,8,0x08
8669,0x0005f401,0x67dcf401,8,0x08
8670,0x0005f402,0x67dcf402,6,0x06
8671,0x0005f403,0x67dcf403,5,0x05
8672,0x0005f404,0x67dcf404,-2,0xfe
8673,0x0005f405,0x67dcf405,-2,0xfe
8674,0x0005f406,0x67dcf406,-3,0xfd
8675,0x0005f407,0x67dcf407,-4,0xfc
8676,0x0005f408,0x67dcf408,0,0x00
8677,0x0005f409,0x67dcf409,0,0x00
8678,0x0005f40a,0x67dcf40a,-1,0xff
8679,0x0005f40b,0x67dcf40b,-2,0xfe
8680,0x0005f40c,0x67dcf40c,2,0x02
8681,0x0005f40d,0x67dcf40d,2,0x02
8682,0x0005f40e,0x67dcf40e,0,0x00
8683,0x0005f40f,0x67dcf40f,-1,0xff
8684,0x0005f410,0x67dcf410,4,0x04
8685,0x0005f411,0x67dcf411,4,0x04
8686,0x0005f412,0x67dcf412,2,0x02
8687,0x0005f413,0x67dcf413,1,0x01
8688,0x0005f414,0x67dcf414,-7,0xf9
8689,0x0005f415,0x67dcf415,-8,0xf8
8690,0x0005f416,0x67dcf416,-6,0xfa
8691,0x0005f417,0x67dcf417,-3,0xfd
8692,0x0005f418,0x67dcf418,-5,0xfb
8693,0x0005f419,0x67dcf419,-5,0xfb
8694,0x0005f41a,0x67dcf41a,-3,0xfd
8695,0x0005f41b,0x67dcf41b,0,0x00
8696,0x0005f41c,0x67dcf41c,-1,0xff
8697,0x0005f41d,0x67dcf41d,-1,0xff
8698,0x0005f41e,0x67dcf41e,0,0x00
8699,0x0005f41f,0x67dcf41f,3,0x03
8700,0x0005f420,0x67dcf420,2,0x02
8701,0x0005f421,0x67dcf421,1,0x01
8702,0x0005f422,0x67dcf422,1,0x01
8703,0x0005f423,0x67dcf423,3,0x03
8704,0x0005f424,0x67dcf424,-1,0xff
8705,0x0005f425,0x67dcf425,-1,0xff
8706,0x0005f426,0x67dcf426,-2,0xfe
8707,0x0005f427,0x67dcf427,-1,0xff
8708,0x0005f428,0x67dcf428,2,0x02
8709,0x0005f429,0x67dcf429,1,0x01
8710,0x0005f42a,0x67dcf42a,0,0x00
8711,0x0005f42b,0x67dcf42b,0,0x00
8712,0x0005f42c,0x67dcf42c,4,0x04
8713,0x0005f42d,0x67dcf42d,3,0x03
8714,0x0005f42e,0x67dcf42e,1,0x01
8715,0x0005f42f,0x67dcf42f,1,0x01
8716,0x0005f430,0x67dcf430,4,0x04
8717,0x0005f431,0x67dcf431,3,0x03
8718,0x0005f432,0x67dcf432,2,0x02
8719,0x0005f433,0x67dcf433,2,0x02
8720,0x0005f434,0x67dcf434,3,0x03
8721,0x0005f435,0x67dcf435,2,0x02
8722,0x0005f436,0x67dcf436,0,0x00
8723,0x0005f437,0x67dcf437,2,0x02
8724,0x0005f438,0x67dcf438,4,0x04
8725,0x0005f439,0x67dcf439,2,0x02
8726,0x0005f43a,0x67dcf43a,-1,0xff
8727,0x0005f43b,0x67dcf43b,-1,0xff
8728,0x0005f43c,0x67dcf43c,3,0x03
8729,0x0005f43d,0x67dcf43d,2,0x02
8730,0x0005f43e,0x67dcf43e,-2,0xfe
8731,0x0005f43f,0x67dcf43f,-3,0xfd
8732,0x0005f440,0x67dcf440,3,0x03
8733,0x0005f441,0x67dcf441,1,0x01
8734,0x0005f442,0x67dcf442,-3,0xfd
8735,0x0005f443,0x67dcf443,-4,0xfc
8736,0x0005f444,0x67dcf444,3,0x03
8737,0x0005f445,0x67dcf445,2,0x02
8738,0x0005f446,0x67dcf446,1,0x01
8739,0x0005f447,0x67dcf447,2,0x02
8740,0x0005f448,0x67dcf448,0,0x00
8741,0x0005f449,0x67dcf449,1,0x01
8742,0x0005f44a,0x67dcf44a,1,0x01
8743,0x0005f44b,0x67dcf44b,1,0x01
8744,0x0005f44c,0x67dcf44c,-2,0xfe
8745,0x0005f44d,0x67dcf44d,-1,0xff
8746,0x0005f44e,0x67dcf44e,0,0x00
8747,0x0005f44f,0x67dcf44f,1,0x01
8748,0x0005f450,0x67dcf450,-3,0xfd
8749,0x0005f451,0x67dcf451,-2,0xfe
8750,0x0005f452,0x67dcf452,0,0x00
8751,0x0005f453,0x67dcf453,1,0x01
8752,0x0005f454,0x67dcf454,-4,0xfc
8753,0x0005f455,0x67dcf455,-2,0xfe
8754,0x0005f456,0x67dcf456,-1,0xff
8755,0x0005f457,0x67dcf457,2,0x02
8756,0x0005f458,0x67dcf458,-7,0xf9
8757,0x0005f459,0x67dcf459,-5,0xfb
8758,0x0005f45a,0x67dcf45a,-4,0xfc
8759,0x0005f45b,0x67dcf45b,-2,0xfe
8760,0x0005f45c,0x67dcf45c,-6,0xfa
8761,0x0005f45d,0x67dcf45d,-5,0xfb
8762,0x0005f45e,0x67dcf45e,-5,0xfb
8763,0x0005f45f,0x67dcf45f,-4,0xfc
8764,0x0005f460,0x67dcf460,-1,0xff
8765,0x0005f461,0x67dcf461,0,0x00
8766,0x0005f462,0x67dcf462,-1,0xff
8767,0x0005f463,0x67dcf463,-1,0xff
8768,0x0005f464,0x67dcf464,3,0x03
8769,0x0005f465,0x67dcf465,3,0x03
8770,0x0005f466,0x67dcf466,1,0x01
8771,0x0005f467,0x67dcf467,0,0x00
8772,0x0005f468,0x67dcf468,0,0x00
8773,0x0005f469,0x67dcf469,0,0x00
8774,0x0005f46a,0x67dcf46a,-1,0xff
8775,0x0005f46b,0x67dcf46b,-2,0xfe
8776,0x0005f46c,0x67dcf46c,-2,0xfe
8777,0x0005f46d,0x67dcf46d,-2,0xfe
8778,0x0005f46e,0x67dcf46e,-2,0xfe
8779,0x0005f46f,0x67dcf46f,-3,0xfd
8780,0x0005f470,0x67dcf470,0,0x00
8781,0x0005f471,0x67dcf471,0,0x00
8782,0x0005f472,0x67dcf472,0,0x00
8783,0x0005f473,0x67dcf473,-1,0xff
8784,0x0005f474,0x67dcf474,2,0x02
8785,0x0005f475,0x67dcf475,3,0x03
8786,0x0005f476,0x67dcf476,2,0x02
8787,0x0005f477,0x67dcf477,2,0x02
8788,0x0005f478,0x67dcf478,3,0x03
8789,0x0005f479,0x67dcf479,5,0x05
8790,0x0005f47a,0x67dcf47a,4,0x04
8791,0x0005f47b,0x67dcf47b,3,0x03
8792,0x0005f47c,0x67dcf47c,3,0x03
8793,0x0005f47d,0x67dcf47d,4,0x04
8794,0x0005f47e,0x67dcf47e,3,0x03
8795,0x0005f47f,0x67dcf47f,2,0x02
8796,0x0005f480,0x67dcf480,5,0x05
8797,0x0005f481,0x67dcf481,5,0x05
8798,0x0005f482,0x67dcf482,3,0x03
8799,0x0005f483,0x67dcf483,1,0x01
8800,0x0005f484,0x67dcf484,2,0x02
8801,0x0005f485,0x67dcf485,2,0x02
8802,0x0005f486,0x67dcf486,1,0x01
8803,0x0005f487,0x67dcf487,0,0x00
8804,0x0005f488,0x67dcf488,1,0x01
8805,0x0005f489,0x67dcf489,0,0x00
8806,0x0005f48a,0x67dcf48a,1,0x01
8807,0x0005f48b,0x67dcf48b,0,0x00
8808,0x0005f48c,0x67dcf48c,0,0x00
8809,0x0005f48d,0x67dcf48d,-1,0xff
8810,0x0005f48e,0x67dcf48e,-1,0xff
8811,0x0005f48f,0x67dcf48f,-1,0xff
8812,0x0005f490,0x67dcf490,0,0x00
8813,0x0005f491,0x67dcf491,-1,0xff
8814,0x0005f492,0x67dcf492,-1,0xff
8815,0x0005f493,0x67dcf493,-1,0xff
8816,0x0005f494,0x67dcf494,1,0x01
8817,0x0005f495,0x67dcf495,1,0x01
8818,0x0005f496,0x67dcf496,0,0x00
8819,0x0005f497,0x67dcf497,-1,0xff
8820,0x0005f498,0x67dcf498,1,0x01
8821,0x0005f499,0x67dcf499,1,0x01
8822,0x0005f49a,0x67dcf49a,0,0x00
8823,0x0005f49b,0x67dcf49b,0,0x00
8824,0x0005f49c,0x67dcf49c,0,0x00
8825,0x0005f49d,0x67dcf49d,-1,0xff
8826,0x0005f49e,0x67dcf49e,-1,0xff
8827,0x0005f49f,0x67dcf49f,0,0x00
8828,0x0005f4a0,0x67dcf4a0,-2,0xfe
8829,0x0005f4a1,0x67dcf4a1,-2,0xfe
8830,0x0005f4a2,0x67dcf4a2,-3,0xfd
8831,0x0005f4a3,0x67dcf4a3,-1,0xff
8832,0x0005f4a4,0x67dcf4a4,-3,0xfd
8833,0x0005f4a5,0x67dcf4a5,-5,0xfb
8834,0x0005f4a6,0x67dcf4a6,-6,0xfa
8835,0x0005f4a7,0x67dcf4a7,-4,0xfc
8836,0x0005f4a8,0x67dcf4a8,0,0x00
8837,0x0005f4a9,0x67dcf4a9,-3,0xfd
8838,0x0005f4aa,0x67dcf4aa,-3,0xfd
8839,0x0005f4ab,0x67dcf4ab,-1,0xff
8840,0x0005f4ac,0x67dcf4ac,1,0x01
8841,0x0005f4ad,0x67dcf4ad,0,0x00
8842,0x0005f4ae,0x67dcf4ae,1,0x01
8843,0x0005f4af,0x67dcf4af,3,0x03
8844,0x0005f4b0,0x67dcf4b0,2,0x02
8845,0x0005f4b1,0x67dcf4b1,2,0x02
8846,0x0005f4b2,0x67dcf4b2,4,0x04
8847,0x0005f4b3,0x67dcf4b3,7,0x07
8848,0x0005f4b4,0x67dcf4b4,-2,0xfe
8849,0x0005f4b5,0x67dcf4b5,-2,0xfe
8850,0x0005f4b6,0x67dcf4b6,-2,0xfe
8851,0x0005f4b7,0x67dcf4b7,0,0x00
8852,0x0005f4b8,0x67dcf4b8,-1,0xff
8853,0x0005f4b9,0x67dcf4b9,0,0x00
8854,0x0005f4ba,0x67dcf4ba,0,0x00
8855,0x0005f4bb,0x67dcf4bb,1,0x01
8856,0x0005f4bc,0x67dcf4bc,0,0x00
8857,0x0005f4bd,0x67dcf4bd,3,0x03
8858,0x0005f4be,0x67dcf4be,3,0x03
8859,0x0005f4bf,0x67dcf4bf,3,0x03
8860,0x0005f4c0,0x67dcf4c0,1,0x01
8861,0x0005f4c1,0x67dcf4c1,3,0x03
8862,0x0005f4c2,0x67dcf4c2,4,0x04
8863,0x0005f4c3,0x67dcf4c3,3,0x03
8864,0x0005f4c4,0x67dcf4c4,2,0x02
8865,0x0005f4c5,0x67dcf4c5,2,0x02
8866,0x0005f4c6,0x67dcf4c6,3,0x03
8867,0x0005f4c7,0x67dcf4c7,6,0x06
8868,0x0005f4c8,0x67dcf4c8,1,0x01
8869,0x0005f4c9,0x67dcf4c9,0,0x00
8870,0x0005f4ca,0x67dcf4ca,0,0x00
8871,0x0005f4cb,0x67dcf4cb,3,0x03
8872,0x0005f4cc,0x67dcf4cc,1,0x01
8873,0x0005f4cd,0x67dcf4cd,-2,0xfe
8874,0x0005f4ce,0x67dcf4ce,-3,0xfd
8875,0x0005f4cf,0x67dcf4cf,-1,0xff
8876,0x0005f4d0,0x67dcf4d0,0,0x00
8877,0x0005f4d1,0x67dcf4d1,-3,0xfd
8878,0x0005f4d2,0x67dcf4d2,-5,0xfb
8879,0x0005f4d3,0x67dcf4d3,-4,0xfc
8880,0x0005f4d4,0x67dcf4d4,0,0x00
8881,0x0005f4d5,0x67dcf4d5,2,0x02
8882,0x0005f4d6,0x67dcf4d6,0,0x00
8883,0x0005f4d7,0x67dcf4d7,-1,0xff
8884,0x0005f4d8,0x67dcf4d8,1,0x01
8885,0x0005f4d9,0x67dcf4d9,4,0x04
8886,0x0005f4da,0x67dcf4da,2,0x02
8887,0x0005f4db,0x67dcf4db,0,0x00
8888,0x0005f4dc,0x67dcf4dc,3,0x03
8889,0x0005f4dd,0x67dcf4dd,6,0x06
8890,0x0005f4de,0x67dcf4de,3,0x03
8891,0x0005f4df,0x67dcf4df,1,0x01
8892,0x0005f4e0,0x67dcf4e0,4,0x04
8893,0x0005f4e1,0x67dcf4e1,7,0x07
8894,0x0005f4e2,0x67dcf4e2,4,0x04
8895,0x0005f4e3,0x67dcf4e3,1,0x01
8896,0x0005f4e4,0x67dcf4e4,-3,0xfd
8897,0x0005f4e5,0x67dcf4e5,-4,0xfc
8898,0x0005f4e6,0x67dcf4e6,-2,0xfe
8899,0x0005f4e7,0x67dcf4e7,-2,0xfe
8900,0x0005f4e8,0x67dcf4e8,-2,0xfe
8901,0x0005f4e9,0x67dcf4e9,-3,0xfd
8902,0x0005f4ea,0x67dcf4ea,-2,0xfe
8903,0x0005f4eb,0x67dcf4eb,-1,0xff
8904,0x0005f4ec,0x67dcf4ec,-2,0xfe
8905,0x0005f4ed,0x67dcf4ed,-2,0xfe
8906,0x0005f4ee,0x67dcf4ee,0,0x00
8907,0x0005f4ef,0x67dcf4ef,-1,0xff
8908,0x0005f4f0,0x67dcf4f0,-2,0xfe
8909,0x0005f4f1,0x67dcf4f1,-3,0xfd
8910,0x0005f4f2,0x67dcf4f2,-1,0xff
8911,0x0005f4f3,0x67dcf4f3,0,0x00
8912,0x0005f4f4,0x67dcf4f4,3,0x03
8913,0x0005f4f5,0x67dcf4f5,6,0x06
8914,0x0005f4f6,0x67dcf4f6,3,0x03
8915,0x0005f4f7,0x67dcf4f7,0,0x00
8916,0x0005f4f8,0x67dcf4f8,1,0x01
8917,0x0005f4f9,0x67dcf4f9,3,0x03
8918,0x0005f4fa,0x67dcf4fa,0,0x00
8919,0x0005f4fb,0x67dcf4fb,-1,0xff
8920,0x0005f4fc,0x67dcf4fc,0,0x00
8921,0x0005f4fd,0x67dcf4fd,1,0x01
8922,0x0005f4fe,0x67dcf4fe,-1,0xff
8923,0x0005f4ff,0x67dcf4ff,-2,0xfe
8924,0x0005f500,0x67dcf500,-2,0xfe
8925,0x0005f501,0x67dcf501,-1,0xff
8926,0x0005f502,0x67dcf502,-3,0xfd
8927,0x0005f503,0x67dcf503,-3,0xfd
8928,0x0005f504,0x67dcf504,-3,0xfd
8929,0x0005f505,0x67dcf505,-3,0xfd
8930,0x0005f506,0x67dcf506,-1,0xff
8931,0x0005f507,0x67dcf507,0,0x00
8932,0x0005f508,0x67dcf508,-3,0xfd
8933,0x0005f509,0x67dcf509,-2,0xfe
8934,0x0005f50a,0x67dcf50a,1,0x01
8935,0x0005f50b,0x67dcf50b,1,0x01
8936,0x0005f50c,0x67dcf50c,-3,0xfd
8937,0x0005f50d,0x67dcf50d,-1,0xff
8938,0x0005f50e,0x67dcf50e,2,0x02
8939,0x0005f50f,0x67dcf50f,2,0x02
8940,0x0005f510,0x67dcf510,-3,0xfd
8941,0x0005f511,0x67dcf511,-1,0xff
8942,0x0005f512,0x67dcf512,1,0x01
8943,0x0005f513,0x67dcf513,2,0x02
8944,0x0005f514,0x67dcf514,3,0x03
8945,0x0005f515,0x67dcf515,1,0x01
8946,0x0005f516,0x67dcf516,-1,0xff
8947,0x0005f517,0x67dcf517,0,0x00
8948,0x0005f518,0x67dcf518,2,0x02
8949,0x0005f519,0x67dcf519,-1,0xff
8950,0x0005f51a,0x67dcf51a,-2,0xfe
8951,0x0005f51b,0x67dcf51b,-1,0xff
8952,0x0005f51c,0x67dcf51c,1,0x01
8953,0x0005f51d,0x67dcf51d,-1,0xff
8954,0x0005f51e,0x67dcf51e,-2,0xfe
8955,0x0005f51f,0x67dcf51f,0,0x00
8956,0x0005f520,0x67dcf520,0,0x00
8957,0x0005f521,0x67dcf521,-2,0xfe
8958,0x0005f522,0x67dcf522,-1,0xff
8959,0x0005f523,0x67dcf523,1,0x01
8960,0x0005f524,0x67dcf524,1,0x01
8961,0x0005f525,0x67dcf525,0,0x00
8962,0x0005f526,0x67dcf526,0,0x00
8963,0x0005f527,0x67dcf527,0,0x00
8964,0x0005f528,0x67dcf528,1,0x01
8965,0x0005f529,0x67dcf529,0,0x00
8966,0x0005f52a,0x67dcf52a,-1,0xff
8967,0x0005f52b,0x67dcf52b,-1,0xff
8968,0x0005f52c,0x67dcf52c,1,0x01
8969,0x0005f52d,0x67dcf52d,0,0x00
8970,0x0005f52e,0x67dcf52e,-2,0xfe
8971,0x0005f52f,0x67dcf52f,-3,0xfd
8972,0x0005f530,0x67dcf530,3,0x03
8973,0x0005f531,0x67dcf531,1,0x01
8974,0x0005f532,0x67dcf532,-3,0xfd
8975,0x0005f533,0x67dcf533,-5,0xfb
8976,0x0005f534,0x67dcf534,0,0x00
8977,0x0005f535,0x67dcf535,-2,0xfe
8978,0x0005f536,0x67dcf536,-1,0xff
8979,0x0005f537,0x67dcf537,2,0x02
8980,0x0005f538,0x67dcf538,0,0x00
8981,0x0005f539,0x67dcf539,-2,0xfe
8982,0x0005f53a,0x67dcf53a,-1,0xff
8983,0x0005f53b,0x67dcf53b,4,0x04
8984,0x0005f53c,0x67dcf53c,0,0x00
8985,0x0005f53d,0x67dcf53d,-2,0xfe
8986,0x0005f53e,0x67dcf53e,0,0x00
8987,0x0005f53f,0x67dcf53f,4,0x04
8988,0x0005f540,0x67dcf540,0,0x00
8989,0x0005f541,0x67dcf541,-2,0xfe
8990,0x0005f542,0x67dcf542,0,0x00
8991,0x0005f543,0x67dcf543,4,0x04
8992,0x0005f544,0x67dcf544,5,0x05
8993,0x0005f545,0x67dcf545,2,0x02
8994,0x0005f546,0x67dcf546,-3,0xfd
8995,0x0005f547,0x67dcf547,-5,0xfb
8996,0x0005f548,0x67dcf548,6,0x06
8997,0x0005f549,0x67dcf549,3,0x03
8998,0x0005f54a,0x67dcf54a,-2,0xfe
8999,0x0005f54b,0x67dcf54b,-5,0xfb
9000,0x0005f54c,0x67dcf54c,7,0x07
9001,0x0005f54d,0x67dcf54d,4,0x04
9002,0x0005f54e,0x67dcf54e,-2,0xfe
9003,0x0005f54f,0x67dcf54f,-4,0xfc
9004,0x0005f550,0x67dcf550,6,0x06
9005,0x0005f551,0x67dcf551,4,0x04
9006,0x0005f552,0x67dcf552,-2,0xfe
9007,0x0005f553,0x67dcf553,-4,0xfc
9008,0x0005f554,0x67dcf554,-2,0xfe
9009,0x0005f555,0x67dcf555,-2,0xfe
9010,0x0005f556,0x67dcf556,-3,0xfd
9011,0x0005f557,0x67dcf557,-4,0xfc
9012,0x0005f558,0x67dcf558,1,0x01
9013,0x0005f559,0x67dcf559,1,0x01
9014,0x0005f55a,0x67dcf55a,0,0x00
9015,0x0005f55b,0x67dcf55b,-1,0xff
9016,0x0005f55c,0x67dcf55c,3,0x03
9017,0x0005f55d,0x67dcf55d,3,0x03
9018,0x0005f55e,0x67dcf55e,2,0x02
9019,0x0005f55f,0x67dcf55f,2,0x02
9020,0x0005f560,0x67dcf560,2,0x02
9021,0x0005f561,0x67dcf561,2,0x02
9022,0x0005f562,0x67dcf562,2,0x02
9023,0x0005f563,0x67dcf563,2,0x02
9024,0x0005f564,0x67dcf564,-3,0xfd
9025,0x0005f565,0x67dcf565,-2,0xfe
9026,0x0005f566,0x67dcf566,-1,0xff
9027,0x0005f567,0x67dcf567,0,0x00
9028,0x0005f568,0x67dcf568,-1,0xff
9029,0x0005f569,0x67dcf569,-1,0xff
9030,0x0005f56a,0x67dcf56a,0,0x00
9031,0x0005f56b,0x67dcf56b,1,0x01
9032,0x0005f56c,0x67dcf56c,1,0x01
9033,0x0005f56d,0x67dcf56d,1,0x01
9034,0x0005f56e,0x67dcf56e,1,0x01
9035,0x0005f56f,0x67dcf56f,1,0x01
9036,0x0005f570,0x67dcf570,1,0x01
9037,0x0005f571,0x67dcf571,0,0x00
9038,0x0005f572,0x67dcf572,0,0x00
9039,0x0005f573,0x67dcf573,1,0x01
9040,0x0005f574,0x67dcf574,0,0x00
9041,0x0005f575,0x67dcf575,0,0x00
9042,0x0005f576,0x67dcf576,0,0x00
9043,0x0005f577,0x67dcf577,0,0x00
9044,0x0005f578,0x67dcf578,-4,0xfc
9045,0x0005f579,0x67dcf579,-4,0xfc
9046,0x0005f57a,0x67dcf57a,-4,0xfc
9047,0x0005f57b,0x67dcf57b,-4,0xfc
9048,0x0005f57c,0x67dcf57c,-3,0xfd
9049,0x0005f57d,0x67dcf57d,-3,0xfd
9050,0x0005f57e,0x67dcf57e,-2,0xfe
9051,0x0005f57f,0x67dcf57f,-3,0xfd
9052,0x0005f580,0x67dcf580,3,0x03
9053,0x0005f581,0x67dcf581,4,0x04
9054,0x0005f582,0x67dcf582,4,0x04
9055,0x0005f583,0x67dcf583,5,0x05
9056,0x0005f584,0x67dcf584,-1,0xff
9057,0x0005f585,0x67dcf585,-1,0xff
9058,0x0005f586,0x67dcf586,-1,0xff
9059,0x0005f587,0x67dcf587,-1,0xff
9060,0x0005f588,0x67dcf588,-4,0xfc
9061,0x0005f589,0x67dcf589,-4,0xfc
9062,0x0005f58a,0x67dcf58a,-4,0xfc
9063,0x0005f58b,0x67dcf58b,-3,0xfd
9064,0x0005f58c,0x67dcf58c,-2,0xfe
9065,0x0005f58d,0x67dcf58d,-1,0xff
9066,0x0005f58e,0x67dcf58e,-1,0xff
9067,0x0005f58f,0x67dcf58f,0,0x00
9068,0x0005f590,0x67dcf590,5,0x05
9069,0x0005f591,0x67dcf591,6,0x06
9070,0x0005f592,0x67dcf592,6,0x06
9071,0x0005f593,0x67dcf593,7,0x07
9072,0x0005f594,0x67dcf594,-1,0xff
9073,0x0005f595,0x67dcf595,-2,0xfe
9074,0x0005f596,0x67dcf596,7,0x07
9075,0x0005f597,0x67dcf597,-2,0xfe
9076,0x0005f598,0x67dcf598,-1,0xff
9077,0x0005f599,0x67dcf599,-2,0xfe
9078,0x0005f59a,0x67dcf59a,9,0x09
9079,0x0005f59b,0x67dcf59b,-1,0xff
9080,0x0005f59c,0x67dcf59c,-1,0xff
9081,0x0005f59d,0x67dcf59d,-3,0xfd
9082,0x0005f59e,0x67dcf59e,10,0x0a
9083,0x0005f59f,0x67dcf59f,-1,0xff
9084,0x0005f5a0,0x67dcf5a0,-1,0xff
9085,0x0005f5a1,0x67dcf5a1,-3,0xfd
9086,0x0005f5a2,0x67dcf5a2,10,0x0a
9087,0x0005f5a3,0x67dcf5a3,-2,0xfe
9088,0x0005f5a4,0x67dcf5a4,-4,0xfc
9089,0x0005f5a5,0x67dcf5a5,-1,0xff
9090,0x0005f5a6,0x67dcf5a6,-1,0xff
9091,0x0005f5a7,0x67dcf5a7,0,0x00
9092,0x0005f5a8,0x67dcf5a8,-4,0xfc
9093,0x0005f5a9,0x67dcf5a9,-1,0xff
9094,0x0005f5aa,0x67dcf5aa,-1,0xff
9095,0x0005f5ab,0x67dcf5ab,0,0x00
9096,0x0005f5ac,0x67dcf5ac,-4,0xfc
9097,0x0005f5ad,0x67dcf5ad,-1,0xff
9098,0x0005f5ae,0x67dcf5ae,-1,0xff
9099,0x0005f5af,0x67dcf5af,1,0x01
9100,0x0005f5b0,0x67dcf5b0,-3,0xfd
9101,0x0005f5b1,0x67dcf5b1,-1,0xff
9102,0x0005f5b2,0x67dcf5b2,-1,0xff
9103,0x0005f5b3,0x67dcf5b3,2,0x02
9104,0x0005f5b4,0x67dcf5b4,-1,0xff
9105,0x0005f5b5,0x67dcf5b5,-2,0xfe
9106,0x0005f5b6,0x67dcf5b6,10,0x0a
9107,0x0005f5b7,0x67dcf5b7,-2,0xfe
9108,0x0005f5b8,0x67dcf5b8,-1,0xff
9109,0x0005f5b9,0x67dcf5b9,-2,0xfe
9110,0x0005f5ba,0x67dcf5ba,9,0x09
9111,0x0005f5bb,0x67dcf5bb,-2,0xfe
9112,0x0005f5bc,0x67dcf5bc,-1,0xff
9113,0x0005f5bd,0x67dcf5bd,-2,0xfe
9114,0x0005f5be,0x67dcf5be,8,0x08
9115,0x0005f5bf,0x67dcf5bf,-2,0xfe
9116,0x0005f5c0,0x67dcf5c0,0,0x00
9117,0x0005f5c1,0x67dcf5c1,-2,0xfe
9118,0x0005f5c2,0x67dcf5c2,7,0x07
9119,0x0005f5c3,0x67dcf5c3,-2,0xfe
9120,0x0005f5c4,0x67dcf5c4,-4,0xfc
9121,0x0005f5c5,0x67dcf5c5,-1,0xff
9122,0x0005f5c6,0x67dcf5c6,-1,0xff
9123,0x0005f5c7,0x67dcf5c7,2,0x02
9124,0x0005f5c8,0x67dcf5c8,-4,0xfc
9125,0x0005f5c9,0x67dcf5c9,-1,0xff
9126,0x0005f5ca,0x67dcf5ca,-1,0xff
9127,0x0005f5cb,0x67dcf5cb,2,0x02
9128,0x0005f5cc,0x67dcf5cc,-4,0xfc
9129,0x0005f5cd,0x67dcf5cd,0,0x00
9130,0x0005f5ce,0x67dcf5ce,-1,0xff
9131,0x0005f5cf,0x67dcf5cf,1,0x01
9132,0x0005f5d0,0x67dcf5d0,-3,0xfd
9133,0x0005f5d1,0x67dcf5d1,-1,0xff
9134,0x0005f5d2,0x67dcf5d2,0,0x00
9135,0x0005f5d3,0x67dcf5d3,2,0x02
9136,0x0005f5d4,0x67dcf5d4,3,0x03
9137,0x0005f5d5,0x67dcf5d5,-4,0xfc
9138,0x0005f5d6,0x67dcf5d6,1,0x01
9139,0x0005f5d7,0x67dcf5d7,3,0x03
9140,0x0005f5d8,0x67dcf5d8,3,0x03
9141,0x0005f5d9,0x67dcf5d9,-5,0xfb
9142,0x0005f5da,0x67dcf5da,1,0x01
9143,0x0005f5db,0x67dcf5db,4,0x04
9144,0x0005f5dc,0x67dcf5dc,3,0x03
9145,0x0005f5dd,0x67dcf5dd,-6,0xfa
9146,0x0005f5de,0x67dcf5de,2,0x02
9147,0x0005f5df,0x67dcf5df,5,0x05
9148,0x0005f5e0,0x67dcf5e0,3,0x03
9149,0x0005f5e1,0x67dcf5e1,-6,0xfa
9150,0x0005f5e2,0x67dcf5e2,2,0x02
9151,0x0005f5e3,0x67dcf5e3,5,0x05
9152,0x0005f5e4,0x67dcf5e4,-3,0xfd
9153,0x0005f5e5,0x67dcf5e5,-2,0xfe
9154,0x0005f5e6,0x67dcf5e6,1,0x01
9155,0x0005f5e7,0x67dcf5e7,0,0x00
9156,0x0005f5e8,0x67dcf5e8,-3,0xfd
9157,0x0005f5e9,0x67dcf5e9,-2,0xfe
9158,0x0005f5ea,0x67dcf5ea,1,0x01
9159,0x0005f5eb,0x67dcf5eb,0,0x00
9160,0x0005f5ec,0x67dcf5ec,-3,0xfd
9161,0x0005f5ed,0x67dcf5ed,-1,0xff
9162,0x0005f5ee,0x67dcf5ee,3,0x03
9163,0x0005f5ef,0x67dcf5ef,0,0x00
9164,0x0005f5f0,0x67dcf5f0,-3,0xfd
9165,0x0005f5f1,0x67dcf5f1,-1,0xff
9166,0x0005f5f2,0x67dcf5f2,2,0x02
9167,0x0005f5f3,0x67dcf5f3,0,0x00
9168,0x0005f5f4,0x67dcf5f4,3,0x03
9169,0x0005f5f5,0x67dcf5f5,-6,0xfa
9170,0x0005f5f6,0x67dcf5f6,1,0x01
9171,0x0005f5f7,0x67dcf5f7,5,0x05
9172,0x0005f5f8,0x67dcf5f8,3,0x03
9173,0x0005f5f9,0x67dcf5f9,-6,0xfa
9174,0x0005f5fa,0x67dcf5fa,1,0x01
9175,0x0005f5fb,0x67dcf5fb,5,0x05
9176,0x0005f5fc,0x67dcf5fc,2,0x02
9177,0x0005f5fd,0x67dcf5fd,-6,0xfa
9178,0x0005f5fe,0x67dcf5fe,1,0x01
9179,0x0005f5ff,0x67dcf5ff,4,0x04
9180,0x0005f600,0x67dcf600,2,0x02
9181,0x0005f601,0x67dcf601,-6,0xfa
9182,0x0005f602,0x67dcf602,1,0x01
9183,0x0005f603,0x67dcf603,4,0x04
9184,0x0005f604,0x67dcf604,-4,0xfc
9185,0x0005f605,0x67dcf605,-2,0xfe
9186,0x0005f606,0x67dcf606,3,0x03
9187,0x0005f607,0x67dcf607,0,0x00
9188,0x0005f608,0x67dcf608,-3,0xfd
9189,0x0005f609,0x67dcf609,-2,0xfe
9190,0x0005f60a,0x67dcf60a,2,0x02
9191,0x0005f60b,0x67dcf60b,0,0x00
9192,0x0005f60c,0x67dcf60c,-3,0xfd
9193,0x0005f60d,0x67dcf60d,-1,0xff
9194,0x0005f60e,0x67dcf60e,1,0x01
9195,0x0005f60f,0x67dcf60f,0,0x00
9196,0x0005f610,0x67dcf610,-2,0xfe
9197,0x0005f611,0x67dcf611,-1,0xff
9198,0x0005f612,0x67dcf612,1,0x01
9199,0x0005f613,0x67dcf613,0,0x00
9200,0x0005f614,0x67dcf614,0,0x00
9201,0x0005f615,0x67dcf615,0,0x00
9202,0x0005f616,0x67dcf616,1,0x01
9203,0x0005f617,0x67dcf617,1,0x01
9204,0x0005f618,0x67dcf618,0,0x00
9205,0x0005f619,0x67dcf619,-1,0xff
9206,0x0005f61a,0x67dcf61a,1,0x01
9207,0x0005f61b,0x67dcf61b,1,0x01
9208,0x0005f61c,0x67dcf61c,0,0x00
9209,0x0005f61d,0x67dcf61d,-1,0xff
9210,0x0005f61e,0x67dcf61e,0,0x00
9211,0x0005f61f,0x67dcf61f,0,0x00
9212,0x0005f620,0x67dcf620,0,0x00
9213,0x0005f621,0x67dcf621,-1,0xff
9214,0x0005f622,0x67dcf622,0,0x00
9215,0x0005f623,0x67dcf623,0,0x00
9216,0x0005f624,0x67dcf624,1,0x01
9217,0x0005f625,0x67dcf625,0,0x00
9218,0x0005f626,0x67dcf626,0,0x00
9219,0x0005f627,0x67dcf627,2,0x02
9220,0x0005f628,0x67dcf628,1,0x01
9221,0x0005f629,0x67dcf629,0,0x00
9222,0x0005f62a,0x67dcf62a,0,0x00
9223,0x0005f62b,0x67dcf62b,2,0x02
9224,0x0005f62c,0x67dcf62c,0,0x00
9225,0x0005f62d,0x67dcf62d,0,0x00
9226,0x0005f62e,0x67dcf62e,0,0x00
9227,0x0005f62f,0x67dcf62f,2,0x02
9228,0x0005f630,0x67dcf630,0,0x00
9229,0x0005f631,0x67dcf631,0,0x00
9230,0x0005f632,0x67dcf632,-1,0xff
9231,0x0005f633,0x67dcf633,0,0x00
9232,0x0005f634,0x67dcf634,1,0x01
9233,0x0005f635,0x67dcf635,0,0x00
9234,0x0005f636,0x67dcf636,1,0x01
9235,0x0005f637,0x67dcf637,0,0x00
9236,0x0005f638,0x67dcf638,3,0x03
9237,0x0005f639,0x67dcf639,1,0x01
9238,0x0005f63a,0x67dcf63a,1,0x01
9239,0x0005f63b,0x67dcf63b,0,0x00
9240,0x0005f63c,0x67dcf63c,5,0x05
9241,0x0005f63d,0x67dcf63d,3,0x03
9242,0x0005f63e,0x67dcf63e,2,0x02
9243,0x0005f63f,0x67dcf63f,1,0x01
9244,0x0005f640,0x67dcf640,5,0x05
9245,0x0005f641,0x67dcf641,4,0x04
9246,0x0005f642,0x67dcf642,2,0x02
9247,0x0005f643,0x67dcf643,0,0x00
9248,0x0005f644,0x67dcf644,0,0x00
9249,0x0005f645,0x67dcf645,-1,0xff
9250,0x0005f646,0x67dcf646,-2,0xfe
9251,0x0005f647,0x67dcf647,-1,0xff
9252,0x0005f648,0x67dcf648,0,0x00
9253,0x0005f649,0x67dcf649,-2,0xfe
9254,0x0005f64a,0x67dcf64a,-4,0xfc
9255,0x0005f64b,0x67dcf64b,-3,0xfd
9256,0x0005f64c,0x67dcf64c,0,0x00
9257,0x0005f64d,0x67dcf64d,-3,0xfd
9258,0x0005f64e,0x67dcf64e,-5,0xfb
9259,0x0005f64f,0x67dcf64f,-4,0xfc
9260,0x0005f650,0x67dcf650,-1,0xff
9261,0x0005f651,0x67dcf651,-4,0xfc
9262,0x0005f652,0x67dcf652,-5,0xfb
9263,0x0005f653,0x67dcf653,-5,0xfb
9264,0x0005f654,0x67dcf654,1,0x01
9265,0x0005f655,0x67dcf655,0,0x00
9266,0x0005f656,0x67dcf656,-1,0xff
9267,0x0005f657,0x67dcf657,-2,0xfe
9268,0x0005f658,0x67dcf658,2,0x02
9269,0x0005f659,0x67dcf659,0,0x00
9270,0x0005f65a,0x67dcf65a,-1,0xff
9271,0x0005f65b,0x67dcf65b,-1,0xff
9272,0x0005f65c,0x67dcf65c,1,0x01
9273,0x0005f65d,0x67dcf65d,0,0x00
9274,0x0005f65e,0x67dcf65e,0,0x00
9275,0x0005f65f,0x67dcf65f,-1,0xff
9276,0x0005f660,0x67dcf660,2,0x02
9277,0x0005f661,0x67dcf661,1,0x01
9278,0x0005f662,0x67dcf662,1,0x01
9279,0x0005f663,0x67dcf663,1,0x01
9280,0x0005f664,0x67dcf664,-2,0xfe
9281,0x0005f665,0x67dcf665,-3,0xfd
9282,0x0005f666,0x67dcf666,-6,0xfa
9283,0x0005f667,0x67dcf667,-9,0xf7
9284,0x0005f668,0x67dcf668,0,0x00
9285,0x0005f669,0x67dcf669,0,0x00
9286,0x0005f66a,0x67dcf66a,-3,0xfd
9287,0x0005f66b,0x67dcf66b,-6,0xfa
9288,0x0005f66c,0x67dcf66c,0,0x00
9289,0x0005f66d,0x67dcf66d,0,0x00
9290,0x0005f66e,0x67dcf66e,-2,0xfe
9291,0x0005f66f,0x67dcf66f,-5,0xfb
9292,0x0005f670,0x67dcf670,1,0x01
9293,0x0005f671,0x67dcf671,2,0x02
9294,0x0005f672,0x67dcf672,-1,0xff
9295,0x0005f673,0x67dcf673,-3,0xfd
9296,0x0005f674,0x67dcf674,1,0x01
9297,0x0005f675,0x67dcf675,1,0x01
9298,0x0005f676,0x67dcf676,2,0x02
9299,0x0005f677,0x67dcf677,1,0x01
9300,0x0005f678,0x67dcf678,1,0x01
9301,0x0005f679,0x67dcf679,1,0x01
9302,0x0005f67a,0x67dcf67a,2,0x02
9303,0x0005f67b,0x67dcf67b,1,0x01
9304,0x0005f67c,0x67dcf67c,0,0x00
9305,0x0005f67d,0x67dcf67d,0,0x00
9306,0x0005f67e,0x67dcf67e,2,0x02
9307,0x0005f67f,0x67dcf67f,1,0x01
9308,0x0005f680,0x67dcf680,0,0x00
9309,0x0005f681,0x67dcf681,1,0x01
9310,0x0005f682,0x67dcf682,2,0x02
9311,0x0005f683,0x67dcf683,2,0x02
9312,0x0005f684,0x67dcf684,2,0x02
9313,0x0005f685,0x67dcf685,2,0x02
9314,0x0005f686,0x67dcf686,1,0x01
9315,0x0005f687,0x67dcf687,-1,0xff
9316,0x0005f688,0x67dcf688,1,0x01
9317,0x0005f689,0x67dcf689,1,0x01
9318,0x0005f68a,0x67dcf68a,1,0x01
9319,0x0005f68b,0x67dcf68b,1,0x01
9320,0x0005f68c,0x67dcf68c,0,0x00
9321,0x0005f68d,0x67dcf68d,0,0x00
9322,0x0005f68e,0x67dcf68e,2,0x02
9323,0x0005f68f,0x67dcf68f,2,0x02
9324,0x0005f690,0x67dcf690,0,0x00
9325,0x0005f691,0x67dcf691,0,0x00
9326,0x0005f692,0x67dcf692,2,0x02
9327,0x0005f693,0x67dcf693,2,0x02
9328,0x0005f694,0x67dcf694,-4,0xfc
9329,0x0005f695,0x67dcf695,-3,0xfd
9330,0x0005f696,0x67dcf696,0,0x00
9331,0x0005f697,0x67dcf697,1,0x01
9332,0x0005f698,0x67dcf698,-3,0xfd
9333,0x0005f699,0x67dcf699,-2,0xfe
9334,0x0005f69a,0x67dcf69a,0,0x00
9335,0x0005f69b,0x67dcf69b,0,0x00
9336,0x0005f69c,0x67dcf69c,-1,0xff
9337,0x0005f69d,0x67dcf69d,-1,0xff
9338,0x0005f69e,0x67dcf69e,0,0x00
9339,0x0005f69f,0x67dcf69f,0,0x00
9340,0x0005f6a0,0x67dcf6a0,1,0x01
9341,0x0005f6a1,0x67dcf6a1,1,0x01
9342,0x0005f6a2,0x67dcf6a2,1,0x01
9343,0x0005f6a3,0x67dcf6a3,0,0x00
9344,0x0005f6a4,0x67dcf6a4,4,0x04
9345,0x0005f6a5,0x67dcf6a5,6,0x06
9346,0x0005f6a6,0x67dcf6a6,4,0x04
9347,0x0005f6a7,0x67dcf6a7,3,0x03
9348,0x0005f6a8,0x67dcf6a8,2,0x02
9349,0x0005f6a9,0x67dcf6a9,4,0x04
9350,0x0005f6aa,0x67dcf6aa,1,0x01
9351,0x0005f6ab,0x67dcf6ab,0,0x00
9352,0x0005f6ac,0x67dcf6ac,1,0x01
9353,0x0005f6ad,0x67dcf6ad,1,0x01
9354,0x0005f6ae,0x67dcf6ae,-2,0xfe
9355,0x0005f6af,0x67dcf6af,-3,0xfd
9356,0x0005f6b0,0x67dcf6b0,1,0x01
9357,0x0005f6b1,0x67dcf6b1,1,0x01
9358,0x0005f6b2,0x67dcf6b2,-3,0xfd
9359,0x0005f6b3,0x67dcf6b3,-5,0xfb
9360,0x0005f6b4,0x67dcf6b4,1,0x01
9361,0x0005f6b5,0x67dcf6b5,1,0x01
9362,0x0005f6b6,0x67dcf6b6,1,0x01
9363,0x0005f6b7,0x67dcf6b7,0,0x00
9364,0x0005f6b8,0x67dcf6b8,-1,0xff
9365,0x0005f6b9,0x67dcf6b9,0,0x00
9366,0x0005f6ba,0x67dcf6ba,0,0x00
9367,0x0005f6bb,0x67dcf6bb,-1,0xff
9368,0x0005f6bc,0x67dcf6bc,-1,0xff
9369,0x0005f6bd,0x67dcf6bd,0,0x00
9370,0x0005f6be,0x67dcf6be,0,0x00
9371,0x0005f6bf,0x67dcf6bf,-1,0xff
9372,0x0005f6c0,0x67dcf6c0,-1,0xff
9373,0x0005f6c1,0x67dcf6c1,0,0x00
9374,0x0005f6c2,0x67dcf6c2,0,0x00
9375,0x0005f6c3,0x67dcf6c3,0,0x00
9376,0x0005f6c4,0x67dcf6c4,1,0x01
9377,0x0005f6c5,0x67dcf6c5,1,0x01
9378,0x0005f6c6,0x67dcf6c6,-3,0xfd
9379,0x0005f6c7,0x67dcf6c7,-5,0xfb
9380,0x0005f6c8,0x67dcf6c8,1,0x01
9381,0x0005f6c9,0x67dcf6c9,1,0x01
9382,0x0005f6ca,0x67dcf6ca,-2,0xfe
9383,0x0005f6cb,0x67dcf6cb,-4,0xfc
9384,0x0005f6cc,0x67dcf6cc,1,0x01
9385,0x0005f6cd,0x67dcf6cd,2,0x02
9386,0x0005f6ce,0x67dcf6ce,0,0x00
9387,0x0005f6cf,0x67dcf6cf,-2,0xfe
9388,0x0005f6d0,0x67dcf6d0,2,0x02
9389,0x0005f6d1,0x67dcf6d1,3,0x03
9390,0x0005f6d2,0x67dcf6d2,1,0x01
9391,0x0005f6d3,0x67dcf6d3,0,0x00
9392,0x0005f6d4,0x67dcf6d4,-1,0xff
9393,0x0005f6d5,0x67dcf6d5,0,0x00
9394,0x0005f6d6,0x67dcf6d6,3,0x03
9395,0x0005f6d7,0x67dcf6d7,4,0x04
9396,0x0005f6d8,0x67dcf6d8,0,0x00
9397,0x0005f6d9,0x67dcf6d9,0,0x00
9398,0x0005f6da,0x67dcf6da,4,0x04
9399,0x0005f6db,0x67dcf6db,5,0x05
9400,0x0005f6dc,0x67dcf6dc,0,0x00
9401,0x0005f6dd,0x67dcf6dd,-1,0xff
9402,0x0005f6de,0x67dcf6de,2,0x02
9403,0x0005f6df,0x67dcf6df,4,0x04
9404,0x0005f6e0,0x67dcf6e0,0,0x00
9405,0x0005f6e1,0x67dcf6e1,-2,0xfe
9406,0x0005f6e2,0x67dcf6e2,-1,0xff
9407,0x0005f6e3,0x67dcf6e3,1,0x01
9408,0x0005f6e4,0x67dcf6e4,0,0x00
9409,0x0005f6e5,0x67dcf6e5,-4,0xfc
9410,0x0005f6e6,0x67dcf6e6,-5,0xfb
9411,0x0005f6e7,0x67dcf6e7,-5,0xfb
9412,0x0005f6e8,0x67dcf6e8,2,0x02
9413,0x0005f6e9,0x67dcf6e9,-2,0xfe
9414,0x0005f6ea,0x67dcf6ea,-3,0xfd
9415,0x0005f6eb,0x67dcf6eb,-2,0xfe
9416,0x0005f6ec,0x67dcf6ec,2,0x02
9417,0x0005f6ed,0x67dcf6ed,-1,0xff
9418,0x0005f6ee,0x67dcf6ee,-1,0xff
9419,0x0005f6ef,0x67dcf6ef,0,0x00
9420,0x0005f6f0,0x67dcf6f0,0,0x00
9421,0x0005f6f1,0x67dcf6f1,-2,0xfe
9422,0x0005f6f2,0x67dcf6f2,0,0x00
9423,0x0005f6f3,0x67dcf6f3,1,0x01
9424,0x0005f6f4,0x67dcf6f4,1,0x01
9425,0x0005f6f5,0x67dcf6f5,-2,0xfe
9426,0x0005f6f6,0x67dcf6f6,-2,0xfe
9427,0x0005f6f7,0x67dcf6f7,0,0x00
9428,0x0005f6f8,0x67dcf6f8,1,0x01
9429,0x0005f6f9,0x67dcf6f9,-2,0xfe
9430,0x0005f6fa,0x67dcf6fa,-3,0xfd
9431,0x0005f6fb,0x67dcf6fb,0,0x00
9432,0x0005f6fc,0x67dcf6fc,1,0x01
9433,0x0005f6fd,0x67dcf6fd,-2,0xfe
9434,0x0005f6fe,0x67dcf6fe,-2,0xfe
9435,0x0005f6ff,0x67dcf6ff,1,0x01
9436,0x0005f700,0x67dcf700,1,0x01
9437,0x0005f701,0x67dcf701,-2,0xfe
9438,0x0005f702,0x67dcf702,-1,0xff
9439,0x0005f703,0x67dcf703,2,0x02
9440,0x0005f704,0x67dcf704,0,0x00
9441,0x0005f705,0x67dcf705,-1,0xff
9442,0x0005f706,0x67dcf706,-1,0xff
9443,0x0005f707,0x67dcf707,1,0x01
9444,0x0005f708,0x67dcf708,1,0x01
9445,0x0005f709,0x67dcf709,0,0x00
9446,0x0005f70a,0x67dcf70a,-1,0xff
9447,0x0005f70b,0x67dcf70b,0,0x00
9448,0x0005f70c,0x67dcf70c,3,0x03
9449,0x0005f70d,0x67dcf70d,1,0x01
9450,0x0005f70e,0x67dcf70e,0,0x00
9451,0x0005f70f,0x67dcf70f,0,0x00
9452,0x0005f710,0x67dcf710,4,0x04
9453,0x0005f711,0x67dcf711,2,0x02
9454,0x0005f712,0x67dcf712,0,0x00
9455,0x0005f713,0x67dcf713,0,0x00
9456,0x0005f714,0x67dcf714,1,0x01
9457,0x0005f715,0x67dcf715,2,0x02
9458,0x0005f716,0x67dcf716,3,0x03
9459,0x0005f717,0x67dcf717,2,0x02
9460,0x0005f718,0x67dcf718,-1,0xff
9461,0x0005f719,0x67dcf719,0,0x00
9462,0x0005f71a,0x67dcf71a,1,0x01
9463,0x0005f71b,0x67dcf71b,0,0x00
9464,0x0005f71c,0x67dcf71c,-1,0xff
9465,0x0005f71d,0x67dcf71d,0,0x00
9466,0x0005f71e,0x67dcf71e,0,0x00
9467,0x0005f71f,0x67dcf71f,-2,0xfe
9468,0x0005f720,0x67dcf720,-1,0xff
9469,0x0005f721,0x67dcf721,2,0x02
9470,0x0005f722,0x67dcf722,2,0x02
9471,0x0005f723,0x67dcf723,-1,0xff
9472,0x0005f724,0x67dcf724,0,0x00
9473,0x0005f725,0x67dcf725,2,0x02
9474,0x0005f726,0x67dcf726,2,0x02
9475,0x0005f727,0x67dcf727,1,0x01
9476,0x0005f728,0x67dcf728,-3,0xfd
9477,0x0005f729,0x67dcf729,1,0x01
9478,0x0005f72a,0x67dcf72a,1,0x01
9479,0x0005f72b,0x67dcf72b,1,0x01
9480,0x0005f72c,0x67dcf72c,-4,0xfc
9481,0x0005f72d,0x67dcf72d,0,0x00
9482,0x0005f72e,0x67dcf72e,2,0x02
9483,0x0005f72f,0x67dcf72f,1,0x01
9484,0x0005f730,0x67dcf730,-5,0xfb
9485,0x0005f731,0x67dcf731,0,0x00
9486,0x0005f732,0x67dcf732,2,0x02
9487,0x0005f733,0x67dcf733,1,0x01
9488,0x0005f734,0x67dcf734,-1,0xff
9489,0x0005f735,0x67dcf735,3,0x03
9490,0x0005f736,0x67dcf736,4,0x04
9491,0x0005f737,0x67dcf737,-1,0xff
9492,0x0005f738,0x67dcf738,-2,0xfe
9493,0x0005f739,0x67dcf739,2,0x02
9494,0x0005f73a,0x67dcf73a,4,0x04
9495,0x0005f73b,0x67dcf73b,0,0x00
9496,0x0005f73c,0x67dcf73c,-4,0xfc
9497,0x0005f73d,0x67dcf73d,0,0x00
9498,0x0005f73e,0x67dcf73e,2,0x02
9499,0x0005f73f,0x67dcf73f,0,0x00
9500,0x0005f740,0x67dcf740,-5,0xfb
9501,0x0005f741,0x67dcf741,-1,0xff
9502,0x0005f742,0x67dcf742,2,0x02
9503,0x0005f743,0x67dcf743,1,0x01
9504,0x0005f744,0x67dcf744,-5,0xfb
9505,0x0005f745,0x67dcf745,0,0x00
9506,0x0005f746,0x67dcf746,2,0x02
9507,0x0005f747,0x67dcf747,1,0x01
9508,0x0005f748,0x67dcf748,-4,0xfc
9509,0x0005f749,0x67dcf749,-1,0xff
9510,0x0005f74a,0x67dcf74a,0,0x00
9511,0x0005f74b,0x67dcf74b,0,0x00
9512,0x0005f74c,0x67dcf74c,-4,0xfc
9513,0x0005f74d,0x67dcf74d,-2,0xfe
9514,0x0005f74e,0x67dcf74e,0,0x00
9515,0x0005f74f,0x67dcf74f,0,0x00
9516,0x0005f750,0x67dcf750,-2,0xfe
9517,0x0005f751,0x67dcf751,1,0x01
9518,0x0005f752,0x67dcf752,3,0x03
9519,0x0005f753,0x67dcf753,2,0x02
9520,0x0005f754,0x67dcf754,1,0x01
9521,0x0005f755,0x67dcf755,0,0x00
9522,0x0005f756,0x67dcf756,1,0x01
9523,0x0005f757,0x67dcf757,0,0x00
9524,0x0005f758,0x67dcf758,2,0x02
9525,0x0005f759,0x67dcf759,0,0x00
9526,0x0005f75a,0x67dcf75a,-1,0xff
9527,0x0005f75b,0x67dcf75b,-2,0xfe
9528,0x0005f75c,0x67dcf75c,3,0x03
9529,0x0005f75d,0x67dcf75d,0,0x00
9530,0x0005f75e,0x67dcf75e,-2,0xfe
9531,0x0005f75f,0x67dcf75f,-4,0xfc
9532,0x0005f760,0x67dcf760,5,0x05
9533,0x0005f761,0x67dcf761,1,0x01
9534,0x0005f762,0x67dcf762,-3,0xfd
9535,0x0005f763,0x67dcf763,-5,0xfb
9536,0x0005f764,0x67dcf764,1,0x01
9537,0x0005f765,0x67dcf765,2,0x02
9538,0x0005f766,0x67dcf766,-1,0xff
9539,0x0005f767,0x67dcf767,-2,0xfe
9540,0x0005f768,0x67dcf768,1,0x01
9541,0x0005f769,0x67dcf769,3,0x03
9542,0x0005f76a,0x67dcf76a,0,0x00
9543,0x0005f76b,0x67dcf76b,-1,0xff
9544,0x0005f76c,0x67dcf76c,0,0x00
9545,0x0005f76d,0x67dcf76d,3,0x03
9546,0x0005f76e,0x67dcf76e,1,0x01
9547,0x0005f76f,0x67dcf76f,0,0x00
9548,0x0005f770,0x67dcf770,-2,0xfe
9549,0x0005f771,0x67dcf771,2,0x02
9550,0x0005f772,0x67dcf772,1,0x01
9551,0x0005f773,0x67dcf773,1,0x01
9552,0x0005f774,0x67dcf774,6,0x06
9553,0x0005f775,0x67dcf775,1,0x01
9554,0x0005f776,0x67dcf776,-2,0xfe
9555,0x0005f777,0x67dcf777,-5,0xfb
9556,0x0005f778,0x67dcf778,5,0x05
9557,0x0005f779,0x67dcf779,1,0x01
9558,0x0005f77a,0x67dcf77a,-1,0xff
9559,0x0005f77b,0x67dcf77b,-5,0xfb
9560,0x0005f77c,0x67dcf77c,3,0x03
9561,0x0005f77d,0x67dcf77d,0,0x00
9562,0x0005f77e,0x67dcf77e,-2,0xfe
9563,0x0005f77f,0x67dcf77f,-4,0xfc
9564,0x0005f780,0x67dcf780,1,0x01
9565,0x0005f781,0x67dcf781,-1,0xff
9566,0x0005f782,0x67dcf782,0,0x00
9567,0x0005f783,0x67dcf783,-2,0xfe
9568,0x0005f784,0x67dcf784,-2,0xfe
9569,0x0005f785,0x67dcf785,1,0x01
9570,0x0005f786,0x67dcf786,0,0x00
9571,0x0005f787,0x67dcf787,1,0x01
9572,0x0005f788,0x67dcf788,-2,0xfe
9573,0x0005f789,0x67dcf789,0,0x00
9574,0x0005f78a,0x67dcf78a,-1,0xff
9575,0x0005f78b,0x67dcf78b,0,0x00
9576,0x0005f78c,0x67dcf78c,-2,0xfe
9577,0x0005f78d,0x67dcf78d,0,0x00
9578,0x0005f78e,0x67dcf78e,-1,0xff
9579,0x0005f78f,0x67dcf78f,0,0x00
9580,0x0005f790,0x67dcf790,0,0x00
9581,0x0005f791,0x67dcf791,1,0x01
9582,0x0005f792,0x67dcf792,0,0x00
9583,0x0005f793,0x67dcf793,1,0x01
9584,0x0005f794,0x67dcf794,1,0x01
9585,0x0005f795,0x67dcf795,1,0x01
9586,0x0005f796,0x67dcf796,2,0x02
9587,0x0005f797,0x67dcf797,3,0x03
9588,0x0005f798,0x67dcf798,-1,0xff
9589,0x0005f799,0x67dcf799,-1,0xff
9590,0x0005f79a,0x67dcf79a,0,0x00
9591,0x0005f79b,0x67dcf79b,1,0x01
9592,0x0005f79c,0x67dcf79c,-4,0xfc
9593,0x0005f79d,0x67dcf79d,-3,0xfd
9594,0x0005f79e,0x67dcf79e,0,0x00
9595,0x0005f79f,0x67dcf79f,0,0x00
9596,0x0005f7a0,0x67dcf7a0,-4,0xfc
9597,0x0005f7a1,0x67dcf7a1,-3,0xfd
9598,0x0005f7a2,0x67dcf7a2,0,0x00
9599,0x0005f7a3,0x67dcf7a3,2,0x02
9600,0x0005f7a4,0x67dcf7a4,2,0x02
9601,0x0005f7a5,0x67dcf7a5,1,0x01
9602,0x0005f7a6,0x67dcf7a6,1,0x01
9603,0x0005f7a7,0x67dcf7a7,2,0x02
9604,0x0005f7a8,0x67dcf7a8,1,0x01
9605,0x0005f7a9,0x67dcf7a9,0,0x00
9606,0x0005f7aa,0x67dcf7aa,1,0x01
9607,0x0005f7ab,0x67dcf7ab,1,0x01
9608,0x0005f7ac,0x67dcf7ac,1,0x01
9609,0x0005f7ad,0x67dcf7ad,1,0x01
9610,0x0005f7ae,0x67dcf7ae,1,0x01
9611,0x0005f7af,0x67dcf7af,2,0x02
9612,0x0005f7b0,0x67dcf7b0,2,0x02
9613,0x0005f7b1,0x67dcf7b1,2,0x02
9614,0x0005f7b2,0x67dcf7b2,3,0x03
9615,0x0005f7b3,0x67dcf7b3,2,0x02
9616,0x0005f7b4,0x67dcf7b4,-5,0xfb
9617,0x0005f7b5,0x67dcf7b5,-4,0xfc
9618,0x0005f7b6,0x67dcf7b6,0,0x00
9619,0x0005f7b7,0x67dcf7b7,1,0x01
9620,0x0005f7b8,0x67dcf7b8,-5,0xfb
9621,0x0005f7b9,0x67dcf7b9,-4,0xfc
9622,0x0005f7ba,0x67dcf7ba,-1,0xff
9623,0x0005f7bb,0x67dcf7bb,-1,0xff
9624,0x0005f7bc,0x67dcf7bc,-3,0xfd
9625,0x0005f7bd,0x67dcf7bd,-2,0xfe
9626,0x0005f7be,0x67dcf7be,0,0x00
9627,0x0005f7bf,0x67dcf7bf,0,0x00
9628,0x0005f7c0,0x67dcf7c0,2,0x02
9629,0x0005f7c1,0x67dcf7c1,3,0x03
9630,0x0005f7c2,0x67dcf7c2,4,0x04
9631,0x0005f7c3,0x67dcf7c3,4,0x04
9632,0x0005f7c4,0x67dcf7c4,1,0x01
9633,0x0005f7c5,0x67dcf7c5,1,0x01
9634,0x0005f7c6,0x67dcf7c6,1,0x01
9635,0x0005f7c7,0x67dcf7c7,2,0x02
9636,0x0005f7c8,0x67dcf7c8,-2,0xfe
9637,0x0005f7c9,0x67dcf7c9,-2,0xfe
9638,0x0005f7ca,0x67dcf7ca,-1,0xff
9639,0x0005f7cb,0x67dcf7cb,0,0x00
9640,0x0005f7cc,0x67dcf7cc,-2,0xfe
9641,0x0005f7cd,0x67dcf7cd,-3,0xfd
9642,0x0005f7ce,0x67dcf7ce,-2,0xfe
9643,0x0005f7cf,0x67dcf7cf,-1,0xff
9644,0x0005f7d0,0x67dcf7d0,2,0x02
9645,0x0005f7d1,0x67dcf7d1,0,0x00
9646,0x0005f7d2,0x67dcf7d2,0,0x00
9647,0x0005f7d3,0x67dcf7d3,0,0x00
9648,0x0005f7d4,0x67dcf7d4,-4,0xfc
9649,0x0005f7d5,0x67dcf7d5,-2,0xfe
9650,0x0005f7d6,0x67dcf7d6,0,0x00
9651,0x0005f7d7,0x67dcf7d7,1,0x01
9652,0x0005f7d8,0x67dcf7d8,-3,0xfd
9653,0x0005f7d9,0x67dcf7d9,-1,0xff
9654,0x0005f7da,0x67dcf7da,1,0x01
9655,0x0005f7db,0x67dcf7db,1,0x01
9656,0x0005f7dc,0x67dcf7dc,-2,0xfe
9657,0x0005f7dd,0x67dcf7dd,0,0x00
9658,0x0005f7de,0x67dcf7de,2,0x02
9659,0x0005f7df,0x67dcf7df,2,0x02
9660,0x0005f7e0,0x67dcf7e0,-1,0xff
9661,0x0005f7e1,0x67dcf7e1,1,0x01
9662,0x0005f7e2,0x67dcf7e2,2,0x02
9663,0x0005f7e3,0x67dcf7e3,1,0x01
9664,0x0005f7e4,0x67dcf7e4,0,0x00
9665,0x0005f7e5,0x67dcf7e5,0,0x00
9666,0x0005f7e6,0x67dcf7e6,0,0x00
9667,0x0005f7e7,0x67dcf7e7,0,0x00
9668,0x0005f7e8,0x67dcf7e8,0,0x00
9669,0x0005f7e9,0x67dcf7e9,0,0x00
9670,0x0005f7ea,0x67dcf7ea,0,0x00
9671,0x0005f7eb,0x67dcf7eb,0,0x00
9672,0x0005f7ec,0x67dcf7ec,0,0x00
9673,0x0005f7ed,0x67dcf7ed,0,0x00
9674,0x0005f7ee,0x67dcf7ee,0,0x00
9675,0x0005f7ef,0x67dcf7ef,2,0x02
9676,0x0005f7f0,0x67dcf7f0,-1,0xff
9677,0x0005f7f1,0x67dcf7f1,0,0x00
9678,0x0005f7f2,0x67dcf7f2,3,0x03
9679,0x0005f7f3,0x67dcf7f3,5,0x05
9680,0x0005f7f4,0x67dcf7f4,0,0x00
9681,0x0005f7f5,0x67dcf7f5,2,0x02
9682,0x0005f7f6,0x67dcf7f6,1,0x01
9683,0x0005f7f7,0x67dcf7f7,-1,0xff
9684,0x0005f7f8,0x67dcf7f8,0,0x00
9685,0x0005f7f9,0x67dcf7f9,1,0x01
9686,0x0005f7fa,0x67dcf7fa,0,0x00
9687,0x0005f7fb,0x67dcf7fb,-3,0xfd
9688,0x0005f7fc,0x67dcf7fc,1,0x01
9689,0x0005f7fd,0x67dcf7fd,1,0x01
9690,0x0005f7fe,0x67dcf7fe,-2,0xfe
9691,0x0005f7ff,0x67dcf7ff,-4,0xfc
9692,0x0005f800,0x67dcf800,1,0x01
9693,0x0005f801,0x67dcf801,0,0x00
9694,0x0005f802,0x67dcf802,-2,0xfe
9695,0x0005f803,0x67dcf803,-4,0xfc
9696,0x0005f804,0x67dcf804,-2,0xfe
9697,0x0005f805,0x67dcf805,0,0x00
9698,0x0005f806,0x67dcf806,5,0x05
9699,0x0005f807,0x67dcf807,6,0x06
9700,0x0005f808,0x67dcf808,-3,0xfd
9701,0x0005f809,0x67dcf809,0,0x00
9702,0x0005f80a,0x67dcf80a,4,0x04
9703,0x0005f80b,0x67dcf80b,6,0x06
9704,0x0005f80c,0x67dcf80c,-4,0xfc
9705,0x0005f80d,0x67dcf80d,-3,0xfd
9706,0x0005f80e,0x67dcf80e,1,0x01
9707,0x0005f80f,0x67dcf80f,2,0x02
9708,0x0005f810,0x67dcf810,-5,0xfb
9709,0x0005f811,0x67dcf811,-4,0xfc
9710,0x0005f812,0x67dcf812,-2,0xfe
9711,0x0005f813,0x67dcf813,0,0x00
9712,0x0005f814,0x67dcf814,-1,0xff
9713,0x0005f815,0x67dcf815,-3,0xfd
9714,0x0005f816,0x67dcf816,-3,0xfd
9715,0x0005f817,0x67dcf817,-3,0xfd
9716,0x0005f818,0x67dcf818,3,0x03
9717,0x0005f819,0x67dcf819,2,0x02
9718,0x0005f81a,0x67dcf81a,1,0x01
9719,0x0005f81b,0x67dcf81b,0,0x00
9720,0x0005f81c,0x67dcf81c,5,0x05
9721,0x0005f81d,0x67dcf81d,4,0x04
9722,0x0005f81e,0x67dcf81e,3,0x03
9723,0x0005f81f,0x67dcf81f,2,0x02
9724,0x0005f820,0x67dcf820,2,0x02
9725,0x0005f821,0x67dcf821,1,0x01
9726,0x0005f822,0x67dcf822,0,0x00
9727,0x0005f823,0x67dcf823,-2,0xfe
9728,0x0005f824,0x67dcf824,-3,0xfd
9729,0x0005f825,0x67dcf825,-2,0xfe
9730,0x0005f826,0x67dcf826,-1,0xff
9731,0x0005f827,0x67dcf827,-1,0xff
9732,0x0005f828,0x67dcf828,0,0x00
9733,0x0005f829,0x67dcf829,1,0x01
9734,0x0005f82a,0x67dcf82a,1,0x01
9735,0x0005f82b,0x67dcf82b,1,0x01
9736,0x0005f82c,0x67dcf82c,1,0x01
9737,0x0005f82d,0x67dcf82d,1,0x01
9738,0x0005f82e,0x67dcf82e,2,0x02
9739,0x0005f82f,0x67dcf82f,2,0x02
9740,0x0005f830,0x67dcf830,-2,0xfe
9741,0x0005f831,0x67dcf831,-2,0xfe
9742,0x0005f832,0x67dcf832,-1,0xff
9743,0x0005f833,0x67dcf833,-1,0xff
9744,0x0005f834,0x67dcf834,0,0x00
9745,0x0005f835,0x67dcf835,0,0x00
9746,0x0005f836,0x67dcf836,0,0x00
9747,0x0005f837,0x67dcf837,-1,0xff
9748,0x0005f838,0x67dcf838,0,0x00
9749,0x0005f839,0x67dcf839,1,0x01
9750,0x0005f83a,0x67dcf83a,3,0x03
9751,0x0005f83b,0x67dcf83b,3,0x03
9752,0x0005f83c,0x67dcf83c,0,0x00
9753,0x0005f83d,0x67dcf83d,1,0x01
9754,0x0005f83e,0x67dcf83e,3,0x03
9755,0x0005f83f,0x67dcf83f,4,0x04
9756,0x0005f840,0x67dcf840,-4,0xfc
9757,0x0005f841,0x67dcf841,-3,0xfd
9758,0x0005f842,0x67dcf842,-1,0xff
9759,0x0005f843,0x67dcf843,1,0x01
9760,0x0005f844,0x67dcf844,-2,0xfe
9761,0x0005f845,0x67dcf845,-2,0xfe
9762,0x0005f846,0x67dcf846,-2,0xfe
9763,0x0005f847,0x67dcf847,-2,0xfe
9764,0x0005f848,0x67dcf848,2,0x02
9765,0x0005f849,0x67dcf849,1,0x01
9766,0x0005f84a,0x67dcf84a,-1,0xff
9767,0x0005f84b,0x67dcf84b,-1,0xff
9768,0x0005f84c,0x67dcf84c,3,0x03
9769,0x0005f84d,0x67dcf84d,2,0x02
9770,0x0005f84e,0x67dcf84e,1,0x01
9771,0x0005f84f,0x67dcf84f,-1,0xff
9772,0x0005f850,0x67dcf850,0,0x00
9773,0x0005f851,0x67dcf851,-2,0xfe
9774,0x0005f852,0x67dcf852,-3,0xfd
9775,0x0005f853,0x67dcf853,-3,0xfd
9776,0x0005f854,0x67dcf854,-3,0xfd
9777,0x0005f855,0x67dcf855,-4,0xfc
9778,0x0005f856,0x67dcf856,-7,0xf9
9779,0x0005f857,0x67dcf857,-8,0xf8
9780,0x0005f858,0x67dcf858,0,0x00
9781,0x0005f859,0x67dcf859,-1,0xff
9782,0x0005f85a,0x67dcf85a,-3,0xfd
9783,0x0005f85b,0x67dcf85b,-4,0xfc
9784,0x0005f85c,0x67dcf85c,1,0x01
9785,0x0005f85d,0x67dcf85d,0,0x00
9786,0x0005f85e,0x67dcf85e,0,0x00
9787,0x0005f85f,0x67dcf85f,-1,0xff
9788,0x0005f860,0x67dcf860,2,0x02
9789,0x0005f861,0x67dcf861,1,0x01
9790,0x0005f862,0x67dcf862,1,0x01
9791,0x0005f863,0x67dcf863,0,0x00
9792,0x0005f864,0x67dcf864,-7,0xf9
9793,0x0005f865,0x67dcf865,-4,0xfc
9794,0x0005f866,0x67dcf866,-1,0xff
9795,0x0005f867,0x67dcf867,2,0x02
9796,0x0005f868,0x67dcf868,-4,0xfc
9797,0x0005f869,0x67dcf869,-2,0xfe
9798,0x0005f86a,0x67dcf86a,0,0x00
9799,0x0005f86b,0x67dcf86b,2,0x02
9800,0x0005f86c,0x67dcf86c,-3,0xfd
9801,0x0005f86d,0x67dcf86d,-2,0xfe
9802,0x0005f86e,0x67dcf86e,0,0x00
9803,0x0005f86f,0x67dcf86f,2,0x02
9804,0x0005f870,0x67dcf870,-1,0xff
9805,0x0005f871,0x67dcf871,-1,0xff
9806,0x0005f872,0x67dcf872,0,0x00
9807,0x0005f873,0x67dcf873,2,0x02
9808,0x0005f874,0x67dcf874,1,0x01
9809,0x0005f875,0x67dcf875,1,0x01
9810,0x0005f876,0x67dcf876,1,0x01
9811,0x0005f877,0x67dcf877,1,0x01
9812,0x0005f878,0x67dcf878,1,0x01
9813,0x0005f879,0x67dcf879,1,0x01
9814,0x0005f87a,0x67dcf87a,1,0x01
9815,0x0005f87b,0x67dcf87b,1,0x01
9816,0x0005f87c,0x67dcf87c,0,0x00
9817,0x0005f87d,0x67dcf87d,0,0x00
9818,0x0005f87e,0x67dcf87e,1,0x01
9819,0x0005f87f,0x67dcf87f,2,0x02
9820,0x0005f880,0x67dcf880,0,0x00
9821,0x0005f881,0x67dcf881,0,0x00
9822,0x0005f882,0x67dcf882,1,0x01
9823,0x0005f883,0x67dcf883,3,0x03
9824,0x0005f884,0x67dcf884,0,0x00
9825,0x0005f885,0x67dcf885,0,0x00
9826,0x0005f886,0x67dcf886,0,0x00
9827,0x0005f887,0x67dcf887,1,0x01
9828,0x0005f888,0x67dcf888,1,0x01
9829,0x0005f889,0x67dcf889,1,0x01
9830,0x0005f88a,0x67dcf88a,1,0x01
9831,0x0005f88b,0x67dcf88b,1,0x01
9832,0x0005f88c,0x67dcf88c,3,0x03
9833,0x0005f88d,0x67dcf88d,3,0x03
9834,0x0005f88e,0x67dcf88e,2,0x02
9835,0x0005f88f,0x67dcf88f,2,0x02
9836,0x0005f890,0x67dcf890,4,0x04
9837,0x0005f891,0x67dcf891,4,0x04
9838,0x0005f892,0x67dcf892,3,0x03
9839,0x0005f893,0x67dcf893,2,0x02
9840,0x0005f894,0x67dcf894,3,0x03
9841,0x0005f895,0x67dcf895,3,0x03
9842,0x0005f896,0x67dcf896,3,0x03
9843,0x0005f897,0x67dcf897,0,0x00
9844,0x0005f898,0x67dcf898,1,0x01
9845,0x0005f899,0x67dcf899,1,0x01
9846,0x0005f89a,0x67dcf89a,1,0x01
9847,0x0005f89b,0x67dcf89b,-1,0xff
9848,0x0005f89c,0x67dcf89c,-2,0xfe
9849,0x0005f89d,0x67dcf89d,-2,0xfe
9850,0x0005f89e,0x67dcf89e,-1,0xff
9851,0x0005f89f,0x67dcf89f,-3,0xfd
9852,0x0005f8a0,0x67dcf8a0,-4,0xfc
9853,0x0005f8a1,0x67dcf8a1,-4,0xfc
9854,0x0005f8a2,0x67dcf8a2,-2,0xfe
9855,0x0005f8a3,0x67dcf8a3,-2,0xfe
9856,0x0005f8a4,0x67dcf8a4,-1,0xff
9857,0x0005f8a5,0x67dcf8a5,0,0x00
9858,0x0005f8a6,0x67dcf8a6,1,0x01
9859,0x0005f8a7,0x67dcf8a7,2,0x02
9860,0x0005f8a8,0x67dcf8a8,-2,0xfe
9861,0x0005f8a9,0x67dcf8a9,-1,0xff
9862,0x0005f8aa,0x67dcf8aa,-1,0xff
9863,0x0005f8ab,0x67dcf8ab,1,0x01
9864,0x0005f8ac,0x67dcf8ac,-3,0xfd
9865,0x0005f8ad,0x67dcf8ad,-2,0xfe
9866,0x0005f8ae,0x67dcf8ae,-2,0xfe
9867,0x0005f8af,0x67dcf8af,0,0x00
9868,0x0005f8b0,0x67dcf8b0,-2,0xfe
9869,0x0005f8b1,0x67dcf8b1,-2,0xfe
9870,0x0005f8b2,0x67dcf8b2,-3,0xfd
9871,0x0005f8b3,0x67dcf8b3,0,0x00
9872,0x0005f8b4,0x67dcf8b4,-4,0xfc
9873,0x0005f8b5,0x67dcf8b5,-4,0xfc
9874,0x0005f8b6,0x67dcf8b6,-1,0xff
9875,0x0005f8b7,0x67dcf8b7,1,0x01
9876,0x0005f8b8,0x67dcf8b8,-3,0xfd
9877,0x0005f8b9,0x67dcf8b9,-1,0xff
9878,0x0005f8ba,0x67dcf8ba,2,0x02
9879,0x0005f8bb,0x67dcf8bb,3,0x03
9880,0x0005f8bc,0x67dcf8bc,-2,0xfe
9881,0x0005f8bd,0x67dcf8bd,0,0x00
9882,0x0005f8be,0x67dcf8be,2,0x02
9883,0x0005f8bf,0x67dcf8bf,3,0x03
9884,0x0005f8c0,0x67dcf8c0,-2,0xfe
9885,0x0005f8c1,0x67dcf8c1,-2,0xfe
9886,0x0005f8c2,0x67dcf8c2,0,0x00
9887,0x0005f8c3,0x67dcf8c3,0,0x00
9888,0x0005f8c4,0x67dcf8c4,1,0x01
9889,0x0005f8c5,0x67dcf8c5,0,0x00
9890,0x0005f8c6,0x67dcf8c6,-1,0xff
9891,0x0005f8c7,0x67dcf8c7,2,0x02
9892,0x0005f8c8,0x67dcf8c8,4,0x04
9893,0x0005f8c9,0x67dcf8c9,3,0x03
9894,0x0005f8ca,0x67dcf8ca,3,0x03
9895,0x0005f8cb,0x67dcf8cb,5,0x05
9896,0x0005f8cc,0x67dcf8cc,3,0x03
9897,0x0005f8cd,0x67dcf8cd,3,0x03
9898,0x0005f8ce,0x67dcf8ce,3,0x03
9899,0x0005f8cf,0x67dcf8cf,3,0x03
9900,0x0005f8d0,0x67dcf8d0,0,0x00
9901,0x0005f8d1,0x67dcf8d1,0,0x00
9902,0x0005f8d2,0x67dcf8d2,0,0x00
9903,0x0005f8d3,0x67dcf8d3,1,0x01
9904,0x0005f8d4,0x67dcf8d4,0,0x00
9905,0x0005f8d5,0x67dcf8d5,2,0x02
9906,0x0005f8d6,0x67dcf8d6,1,0x01
9907,0x0005f8d7,0x67dcf8d7,-1,0xff
9908,0x0005f8d8,0x67dcf8d8,-1,0xff
9909,0x0005f8d9,0x67dcf8d9,0,0x00
9910,0x0005f8da,0x67dcf8da,-1,0xff
9911,0x0005f8db,0x67dcf8db,-1,0xff
9912,0x0005f8dc,0x67dcf8dc,-2,0xfe
9913,0x0005f8dd,0x67dcf8dd,-2,0xfe
9914,0x0005f8de,0x67dcf8de,-2,0xfe
9915,0x0005f8df,0x67dcf8df,-2,0xfe
9916,0x0005f8e0,0x67dcf8e0,-3,0xfd
9917,0x0005f8e1,0x67dcf8e1,-2,0xfe
9918,0x0005f8e2,0x67dcf8e2,-3,0xfd
9919,0x0005f8e3,0x67dcf8e3,-1,0xff
9920,0x0005f8e4,0x67dcf8e4,-3,0xfd
9921,0x0005f8e5,0x67dcf8e5,-1,0xff
9922,0x0005f8e6,0x67dcf8e6,3,0x03
9923,0x0005f8e7,0x67dcf8e7,-2,0xfe
9924,0x0005f8e8,0x67dcf8e8,-3,0xfd
9925,0x0005f8e9,0x67dcf8e9,0,0x00
9926,0x0005f8ea,0x67dcf8ea,4,0x04
9927,0x0005f8eb,0x67dcf8eb,-2,0xfe
9928,0x0005f8ec,0x67dcf8ec,-2,0xfe
9929,0x0005f8ed,0x67dcf8ed,1,0x01
9930,0x0005f8ee,0x67dcf8ee,5,0x05
9931,0x0005f8ef,0x67dcf8ef,-2,0xfe
9932,0x0005f8f0,0x67dcf8f0,-2,0xfe
9933,0x0005f8f1,0x67dcf8f1,1,0x01
9934,0x0005f8f2,0x67dcf8f2,4,0x04
9935,0x0005f8f3,0x67dcf8f3,-3,0xfd
9936,0x0005f8f4,0x67dcf8f4,-2,0xfe
9937,0x0005f8f5,0x67dcf8f5,0,0x00
9938,0x0005f8f6,0x67dcf8f6,-1,0xff
9939,0x0005f8f7,0x67dcf8f7,0,0x00
9940,0x0005f8f8,0x67dcf8f8,1,0x01
9941,0x0005f8f9,0x67dcf8f9,2,0x02
9942,0x0005f8fa,0x67dcf8fa,1,0x01
9943,0x0005f8fb,0x67dcf8fb,2,0x02
9944,0x0005f8fc,0x67dcf8fc,2,0x02
9945,0x0005f8fd,0x67dcf8fd,4,0x04
9946,0x0005f8fe,0x67dcf8fe,2,0x02
9947,0x0005f8ff,0x67dcf8ff,3,0x03
9948,0x0005f900,0x67dcf900,1,0x01
9949,0x0005f901,0x67dcf901,2,0x02
9950,0x0005f902,0x67dcf902,1,0x01
9951,0x0005f903,0x67dcf903,1,0x01
9952,0x0005f904,0x67dcf904,-1,0xff
9953,0x0005f905,0x67dcf905,0,0x00
9954,0x0005f906,0x67dcf906,3,0x03
9955,0x0005f907,0x67dcf907,-5,0xfb
9956,0x0005f908,0x67dcf908,0,0x00
9957,0x0005f909,0x67dcf909,0,0x00
9958,0x0005f90a,0x67dcf90a,2,0x02
9959,0x0005f90b,0x67dcf90b,-5,0xfb
9960,0x0005f90c,0x67dcf90c,1,0x01
9961,0x0005f90d,0x67dcf90d,1,0x01
9962,0x0005f90e,0x67dcf90e,3,0x03
9963,0x0005f90f,0x67dcf90f,-3,0xfd
9964,0x0005f910,0x67dcf910,0,0x00
9965,0x0005f911,0x67dcf911,1,0x01
9966,0x0005f912,0x67dcf912,4,0x04
9967,0x0005f913,0x67dcf913,-2,0xfe
9968,0x0005f914,0x67dcf914,4,0x04
9969,0x0005f915,0x67dcf915,-3,0xfd
9970,0x0005f916,0x67dcf916,-4,0xfc
9971,0x0005f917,0x67dcf917,-1,0xff
9972,0x0005f918,0x67dcf918,4,0x04
9973,0x0005f919,0x67dcf919,-4,0xfc
9974,0x0005f91a,0x67dcf91a,-4,0xfc
9975,0x0005f91b,0x67dcf91b,-1,0xff
9976,0x0005f91c,0x67dcf91c,4,0x04
9977,0x0005f91d,0x67dcf91d,-3,0xfd
9978,0x0005f91e,0x67dcf91e,-4,0xfc
9979,0x0005f91f,0x67dcf91f,0,0x00
9980,0x0005f920,0x67dcf920,4,0x04
9981,0x0005f921,0x67dcf921,-3,0xfd
9982,0x0005f922,0x67dcf922,-2,0xfe
9983,0x0005f923,0x67dcf923,1,0x01
9984,0x0005f924,0x67dcf924,3,0x03
9985,0x0005f925,0x67dcf925,3,0x03
9986,0x0005f926,0x67dcf926,1,0x01
9987,0x0005f927,0x67dcf927,3,0x03
9988,0x0005f928,0x67dcf928,3,0x03
9989,0x0005f929,0x67dcf929,2,0x02
9990,0x0005f92a,0x67dcf92a,0,0x00
9991,0x0005f92b,0x67dcf92b,2,0x02
9992,0x0005f92c,0x67dcf92c,2,0x02
9993,0x0005f92d,0x67dcf92d,2,0x02
9994,0x0005f92e,0x67dcf92e,-1,0xff
9995,0x0005f92f,0x67dcf92f,1,0x01
9996,0x0005f930,0x67dcf930,2,0x02
9997,0x0005f931,0x67dcf931,1,0x01
9998,0x0005f932,0x67dcf932,-2,0xfe
9999,0x0005f933,0x67dcf933,0,0x00
10000,0x0005f934,0x67dcf934,2,0x02
10001,0x0005f935,0x67dcf935,-4,0xfc
10002,0x0005f936,0x67dcf936,-2,0xfe
10003,0x0005f937,0x67dcf937,1,0x01
10004,0x0005f938,0x67dcf938,2,0x02
10005,0x0005f939,0x67dcf939,-3,0xfd
10006,0x0005f93a,0x67dcf93a,-2,0xfe
10007,0x0005f93b,0x67dcf93b,0,0x00
10008,0x0005f93c,0x67dcf93c,3,0x03
10009,0x0005f93d,0x67dcf93d,-1,0xff
10010,0x0005f93e,0x67dcf93e,-1,0xff
10011,0x0005f93f,0x67dcf93f,0,0x00
10012,0x0005f940,0x67dcf940,2,0x02
10013,0x0005f941,0x67dcf941,-2,0xfe
10014,0x0005f942,0x67dcf942,-2,0xfe
10015,0x0005f943,0x67dcf943,-2,0xfe
10016,0x0005f944,0x67dcf944,2,0x02
10017,0x0005f945,0x67dcf945,0,0x00
10018,0x0005f946,0x67dcf946,-3,0xfd
10019,0x0005f947,0x67dcf947,0,0x00
10020,0x0005f948,0x67dcf948,1,0x01
10021,0x0005f949,0x67dcf949,0,0x00
10022,0x0005f94a,0x67dcf94a,-2,0xfe
10023,0x0005f94b,0x67dcf94b,2,0x02
10024,0x0005f94c,0x67dcf94c,0,0x00
10025,0x0005f94d,0x67dcf94d,0,0x00
10026,0x0005f94e,0x67dcf94e,0,0x00
10027,0x0005f94f,0x67dcf94f,3,0x03
10028,0x0005f950,0x67dcf950,-1,0xff
10029,0x0005f951,0x67dcf951,-1,0xff
10030,0x0005f952,0x67dcf952,-1,0xff
10031,0x0005f953,0x67dcf953,2,0x02
10032,0x0005f954,0x67dcf954,2,0x02
10033,0x0005f955,0x67dcf955,2,0x02
10034,0x0005f956,0x67dcf956,3,0x03
10035,0x0005f957,0x67dcf957,4,0x04
10036,0x0005f958,0x67dcf958,1,0x01
10037,0x0005f959,0x67dcf959,0,0x00
10038,0x0005f95a,0x67dcf95a,1,0x01
10039,0x0005f95b,0x67dcf95b,2,0x02
10040,0x0005f95c,0x67dcf95c,2,0x02
10041,0x0005f95d,0x67dcf95d,1,0x01
10042,0x0005f95e,0x67dcf95e,2,0x02
10043,0x0005f95f,0x67dcf95f,1,0x01
10044,0x0005f960,0x67dcf960,4,0x04
10045,0x0005f961,0x67dcf961,3,0x03
10046,0x0005f962,0x67dcf962,4,0x04
10047,0x0005f963,0x67dcf963,3,0x03
10048,0x0005f964,0x67dcf964,3,0x03
10049,0x0005f965,0x67dcf965,1,0x01
10050,0x0005f966,0x67dcf966,0,0x00
10051,0x0005f967,0x67dcf967,-1,0xff
10052,0x0005f968,0x67dcf968,1,0x01
10053,0x0005f969,0x67dcf969,-1,0xff
10054,0x0005f96a,0x67dcf96a,-2,0xfe
10055,0x0005f96b,0x67dcf96b,-2,0xfe
10056,0x0005f96c,0x67dcf96c,1,0x01
10057,0x0005f96d,0x67dcf96d,0,0x00
10058,0x0005f96e,0x67dcf96e,-1,0xff
10059,0x0005f96f,0x67dcf96f,-1,0xff
10060,0x0005f970,0x67dcf970,2,0x02
10061,0x0005f971,0x67dcf971,1,0x01
10062,0x0005f972,0x67dcf972,1,0x01
10063,0x0005f973,0x67dcf973,1,0x01
10064,0x0005f974,0x67dcf974,3,0x03
10065,0x0005f975,0x67dcf975,2,0x02
10066,0x0005f976,0x67dcf976,2,0x02
10067,0x0005f977,0x67dcf977,2,0x02
10068,0x0005f978,0x67dcf978,-1,0xff
10069,0x0005f979,0x67dcf979,-2,0xfe
10070,0x0005f97a,0x67dcf97a,-1,0xff
10071,0x0005f97b,0x67dcf97b,0,0x00
10072,0x0005f97c,0x67dcf97c,-3,0xfd
10073,0x0005f97d,0x67dcf97d,-3,0xfd
10074,0x0005f97e,0x67dcf97e,-2,0xfe
10075,0x0005f97f,0x67dcf97f,-1,0xff
10076,0x0005f980,0x67dcf980,-4,0xfc
10077,0x0005f981,0x67dcf981,-4,0xfc
10078,0x0005f982,0x67dcf982,-3,0xfd
10079,0x0005f983,0x67dcf983,-3,0xfd
10080,0x0005f984,0x67dcf984,1,0x01
10081,0x0005f985,0x67dcf985,1,0x01
10082,0x0005f986,0x67dcf986,1,0x01
10083,0x0005f987,0x67dcf987,1,0x01
10084,0x0005f988,0x67dcf988,-1,0xff
10085,0x0005f989,0x67dcf989,-1,0xff
10086,0x0005f98a,0x67dcf98a,-1,0xff
10087,0x0005f98b,0x67dcf98b,-1,0xff
10088,0x0005f98c,0x67dcf98c,-2,0xfe
10089,0x0005f98d,0x67dcf98d,-2,0xfe
10090,0x0005f98e,0x67dcf98e,-2,0xfe
10091,0x0005f98f,0x67dcf98f,-2,0xfe
10092,0x0005f990,0x67dcf990,-4,0xfc
10093,0x0005f991,0x67dcf991,-4,0xfc
10094,0x0005f992,0x67dcf992,-3,0xfd
10095,0x0005f993,0x67dcf993,-3,0xfd
10096,0x0005f994,0x67dcf994,2,0x02
10097,0x0005f995,0x67dcf995,1,0x01
10098,0x0005f996,0x67dcf996,-1,0xff
10099,0x0005f997,0x67dcf997,-3,0xfd
10100,0x0005f998,0x67dcf998,2,0x02
10101,0x0005f999,0x67dcf999,2,0x02
10102,0x0005f99a,0x67dcf99a,1,0x01
10103,0x0005f99b,0x67dcf99b,-1,0xff
10104,0x0005f99c,0x67dcf99c,1,0x01
10105,0x0005f99d,0x67dcf99d,2,0x02
10106,0x0005f99e,0x67dcf99e,3,0x03
10107,0x0005f99f,0x67dcf99f,3,0x03
10108,0x0005f9a0,0x67dcf9a0,-1,0xff
10109,0x0005f9a1,0x67dcf9a1,0,0x00
10110,0x0005f9a2,0x67dcf9a2,2,0x02
10111,0x0005f9a3,0x67dcf9a3,4,0x04
10112,0x0005f9a4,0x67dcf9a4,-4,0xfc
10113,0x0005f9a5,0x67dcf9a5,-2,0xfe
10114,0x0005f9a6,0x67dcf9a6,3,0x03
10115,0x0005f9a7,0x67dcf9a7,4,0x04
10116,0x0005f9a8,0x67dcf9a8,-3,0xfd
10117,0x0005f9a9,0x67dcf9a9,-2,0xfe
10118,0x0005f9aa,0x67dcf9aa,1,0x01
10119,0x0005f9ab,0x67dcf9ab,2,0x02
10120,0x0005f9ac,0x67dcf9ac,0,0x00
10121,0x0005f9ad,0x67dcf9ad,-2,0xfe
10122,0x0005f9ae,0x67dcf9ae,-1,0xff
10123,0x0005f9af,0x67dcf9af,-2,0xfe
10124,0x0005f9b0,0x67dcf9b0,2,0x02
10125,0x0005f9b1,0x67dcf9b1,0,0x00
10126,0x0005f9b2,0x67dcf9b2,-1,0xff
10127,0x0005f9b3,0x67dcf9b3,-3,0xfd
10128,0x0005f9b4,0x67dcf9b4,-2,0xfe
10129,0x0005f9b5,0x67dcf9b5,-2,0xfe
10130,0x0005f9b6,0x67dcf9b6,0,0x00
10131,0x0005f9b7,0x67dcf9b7,3,0x03
10132,0x0005f9b8,0x67dcf9b8,0,0x00
10133,0x0005f9b9,0x67dcf9b9,-2,0xfe
10134,0x0005f9ba,0x67dcf9ba,-3,0xfd
10135,0x0005f9bb,0x67dcf9bb,-1,0xff
10136,0x0005f9bc,0x67dcf9bc,3,0x03
10137,0x0005f9bd,0x67dcf9bd,-1,0xff
10138,0x0005f9be,0x67dcf9be,-4,0xfc
10139,0x0005f9bf,0x67dcf9bf,-5,0xfb
10140,0x0005f9c0,0x67dcf9c0,6,0x06
10141,0x0005f9c1,0x67dcf9c1,3,0x03
10142,0x0005f9c2,0x67dcf9c2,-2,0xfe
10143,0x0005f9c3,0x67dcf9c3,-6,0xfa
10144,0x0005f9c4,0x67dcf9c4,3,0x03
10145,0x0005f9c5,0x67dcf9c5,2,0x02
10146,0x0005f9c6,0x67dcf9c6,0,0x00
10147,0x0005f9c7,0x67dcf9c7,-3,0xfd
10148,0x0005f9c8,0x67dcf9c8,1,0x01
10149,0x0005f9c9,0x67dcf9c9,2,0x02
10150,0x0005f9ca,0x67dcf9ca,2,0x02
10151,0x0005f9cb,0x67dcf9cb,-1,0xff
10152,0x0005f9cc,0x67dcf9cc,-3,0xfd
10153,0x0005f9cd,0x67dcf9cd,0,0x00
10154,0x0005f9ce,0x67dcf9ce,2,0x02
10155,0x0005f9cf,0x67dcf9cf,0,0x00
10156,0x0005f9d0,0x67dcf9d0,-5,0xfb
10157,0x0005f9d1,0x67dcf9d1,0,0x00
10158,0x0005f9d2,0x67dcf9d2,3,0x03
10159,0x0005f9d3,0x67dcf9d3,1,0x01
10160,0x0005f9d4,0x67dcf9d4,-2,0xfe
10161,0x0005f9d5,0x67dcf9d5,3,0x03
10162,0x0005f9d6,0x67dcf9d6,-2,0xfe
10163,0x0005f9d7,0x67dcf9d7,0,0x00
10164,0x0005f9d8,0x67dcf9d8,-3,0xfd
10165,0x0005f9d9,0x67dcf9d9,4,0x04
10166,0x0005f9da,0x67dcf9da,-3,0xfd
10167,0x0005f9db,0x67dcf9db,0,0x00
10168,0x0005f9dc,0x67dcf9dc,-3,0xfd
10169,0x0005f9dd,0x67dcf9dd,5,0x05
10170,0x0005f9de,0x67dcf9de,-3,0xfd
10171,0x0005f9df,0x67dcf9df,0,0x00
10172,0x0005f9e0,0x67dcf9e0,-2,0xfe
10173,0x0005f9e1,0x67dcf9e1,4,0x04
10174,0x0005f9e2,0x67dcf9e2,-4,0xfc
10175,0x0005f9e3,0x67dcf9e3,-1,0xff
10176,0x0005f9e4,0x67dcf9e4,3,0x03
10177,0x0005f9e5,0x67dcf9e5,-2,0xfe
10178,0x0005f9e6,0x67dcf9e6,-2,0xfe
10179,0x0005f9e7,0x67dcf9e7,1,0x01
10180,0x0005f9e8,0x67dcf9e8,3,0x03
10181,0x0005f9e9,0x67dcf9e9,-2,0xfe
10182,0x0005f9ea,0x67dcf9ea,-1,0xff
10183,0x0005f9eb,0x67dcf9eb,2,0x02
10184,0x0005f9ec,0x67dcf9ec,4,0x04
10185,0x0005f9ed,0x67dcf9ed,-2,0xfe
10186,0x0005f9ee,0x67dcf9ee,-1,0xff
10187,0x0005f9ef,0x67dcf9ef,2,0x02
10188,0x0005f9f0,0x67dcf9f0,3,0x03
10189,0x0005f9f1,0x67dcf9f1,-3,0xfd
10190,0x0005f9f2,0x67dcf9f2,-2,0xfe
10191,0x0005f9f3,0x67dcf9f3,2,0x02
10192,0x0005f9f4,0x67dcf9f4,-3,0xfd
10193,0x0005f9f5,0x67dcf9f5,4,0x04
10194,0x0005f9f6,0x67dcf9f6,-3,0xfd
10195,0x0005f9f7,0x67dcf9f7,0,0x00
10196,0x0005f9f8,0x67dcf9f8,-2,0xfe
10197,0x0005f9f9,0x67dcf9f9,5,0x05
10198,0x0005f9fa,0x67dcf9fa,-2,0xfe
10199,0x0005f9fb,0x67dcf9fb,0,0x00
10200,0x0005f9fc,0x67dcf9fc,-2,0xfe
10201,0x0005f9fd,0x67dcf9fd,4,0x04
10202,0x0005f9fe,0x67dcf9fe,-3,0xfd
10203,0x0005f9ff,0x67dcf9ff,1,0x01
10204,0x0005fa00,0x67dcfa00,-2,0xfe
10205,0x0005fa01,0x67dcfa01,3,0x03
10206,0x0005fa02,0x67dcfa02,-2,0xfe
10207,0x0005fa03,0x67dcfa03,1,0x01
10208,0x0005fa04,0x67dcfa04,3,0x03
10209,0x0005fa05,0x67dcfa05,-3,0xfd
10210,0x0005fa06,0x67dcfa06,-1,0xff
10211,0x0005fa07,0x67dcfa07,2,0x02
10212,0x0005fa08,0x67dcfa08,3,0x03
10213,0x0005fa09,0x67dcfa09,-3,0xfd
10214,0x0005fa0a,0x67dcfa0a,-1,0xff
10215,0x0005fa0b,0x67dcfa0b,2,0x02
10216,0x0005fa0c,0x67dcfa0c,3,0x03
10217,0x0005fa0d,0x67dcfa0d,-2,0xfe
10218,0x0005fa0e,0x67dcfa0e,-1,0xff
10219,0x0005fa0f,0x67dcfa0f,2,0x02
10220,0x0005fa10,0x67dcfa10,3,0x03
10221,0x0005fa11,0x67dcfa11,-2,0xfe
10222,0x0005fa12,0x67dcfa12,0,0x00
10223,0x0005fa13,0x67dcfa13,2,0x02
10224,0x0005fa14,0x67dcfa14,1,0x01
10225,0x0005fa15,0x67dcfa15,0,0x00
10226,0x0005fa16,0x67dcfa16,0,0x00
10227,0x0005fa17,0x67dcfa17,-1,0xff
10228,0x0005fa18,0x67dcfa18,2,0x02
10229,0x0005fa19,0x67dcfa19,0,0x00
10230,0x0005fa1a,0x67dcfa1a,0,0x00
10231,0x0005fa1b,0x67dcfa1b,-1,0xff
10232,0x0005fa1c,0x67dcfa1c,1,0x01
10233,0x0005fa1d,0x67dcfa1d,1,0x01
10234,0x0005fa1e,0x67dcfa1e,1,0x01
10235,0x0005fa1f,0x67dcfa1f,-1,0xff
10236,0x0005fa20,0x67dcfa20,0,0x00
10237,0x0005fa21,0x67dcfa21,-1,0xff
10238,0x0005fa22,0x67dcfa22,1,0x01
10239,0x0005fa23,0x67dcfa23,-1,0xff
10240,0x0005fa24,0x67dcfa24,1,0x01
10241,0x0005fa25,0x67dcfa25,2,0x02
10242,0x0005fa26,0x67dcfa26,-4,0xfc
10243,0x0005fa27,0x67dcfa27,-1,0xff
10244,0x0005fa28,0x67dcfa28,1,0x01
10245,0x0005fa29,0x67dcfa29,2,0x02
10246,0x0005fa2a,0x67dcfa2a,-4,0xfc
10247,0x0005fa2b,0x67dcfa2b,-2,0xfe
10248,0x0005fa2c,0x67dcfa2c,2,0x02
10249,0x0005fa2d,0x67dcfa2d,4,0x04
10250,0x0005fa2e,0x67dcfa2e,-2,0xfe
10251,0x0005fa2f,0x67dcfa2f,0,0x00
10252,0x0005fa30,0x67dcfa30,2,0x02
10253,0x0005fa31,0x67dcfa31,5,0x05
10254,0x0005fa32,0x67dcfa32,-1,0xff
10255,0x0005fa33,0x67dcfa33,1,0x01
10256,0x0005fa34,0x67dcfa34,0,0x00
10257,0x0005fa35,0x67dcfa35,-1,0xff
10258,0x0005fa36,0x67dcfa36,0,0x00
10259,0x0005fa37,0x67dcfa37,-2,0xfe
10260,0x0005fa38,0x67dcfa38,0,0x00
10261,0x0005fa39,0x67dcfa39,-1,0xff
10262,0x0005fa3a,0x67dcfa3a,-1,0xff
10263,0x0005fa3b,0x67dcfa3b,-2,0xfe
10264,0x0005fa3c,0x67dcfa3c,1,0x01
10265,0x0005fa3d,0x67dcfa3d,1,0x01
10266,0x0005fa3e,0x67dcfa3e,0,0x00
10267,0x0005fa3f,0x67dcfa3f,-2,0xfe
10268,0x0005fa40,0x67dcfa40,1,0x01
10269,0x0005fa41,0x67dcfa41,1,0x01
10270,0x0005fa42,0x67dcfa42,0,0x00
10271,0x0005fa43,0x67dcfa43,-3,0xfd
10272,0x0005fa44,0x67dcfa44,1,0x01
10273,0x0005fa45,0x67dcfa45,5,0x05
10274,0x0005fa46,0x67dcfa46,-1,0xff
10275,0x0005fa47,0x67dcfa47,1,0x01
10276,0x0005fa48,0x67dcfa48,0,0x00
10277,0x0005fa49,0x67dcfa49,3,0x03
10278,0x0005fa4a,0x67dcfa4a,-3,0xfd
10279,0x0005fa4b,0x67dcfa4b,-1,0xff
10280,0x0005fa4c,0x67dcfa4c,0,0x00
10281,0x0005fa4d,0x67dcfa4d,3,0x03
10282,0x0005fa4e,0x67dcfa4e,-3,0xfd
10283,0x0005fa4f,0x67dcfa4f,-1,0xff
10284,0x0005fa50,0x67dcfa50,0,0x00
10285,0x0005fa51,0x67dcfa51,3,0x03
10286,0x0005fa52,0x67dcfa52,-2,0xfe
10287,0x0005fa53,0x67dcfa53,0,0x00
10288,0x0005fa54,0x67dcfa54,1,0x01
10289,0x0005fa55,0x67dcfa55,0,0x00
10290,0x0005fa56,0x67dcfa56,-1,0xff
10291,0x0005fa57,0x67dcfa57,1,0x01
10292,0x0005fa58,0x67dcfa58,1,0x01
10293,0x0005fa59,0x67dcfa59,0,0x00
10294,0x0005fa5a,0x67dcfa5a,-1,0xff
10295,0x0005fa5b,0x67dcfa5b,1,0x01
10296,0x0005fa5c,0x67dcfa5c,0,0x00
10297,0x0005fa5d,0x67dcfa5d,0,0x00
10298,0x0005fa5e,0x67dcfa5e,-2,0xfe
10299,0x0005fa5f,0x67dcfa5f,-1,0xff
10300,0x0005fa60,0x67dcfa60,0,0x00
10301,0x0005fa61,0x67dcfa61,-1,0xff
10302,0x0005fa62,0x67dcfa62,-2,0xfe
10303,0x0005fa63,0x67dcfa63,-1,0xff
10304,0x0005fa64,0x67dcfa64,1,0x01
10305,0x0005fa65,0x67dcfa65,2,0x02
10306,0x0005fa66,0x67dcfa66,4,0x04
10307,0x0005fa67,0x67dcfa67,5,0x05
10308,0x0005fa68,0x67dcfa68,1,0x01
10309,0x0005fa69,0x67dcfa69,1,0x01
10310,0x0005fa6a,0x67dcfa6a,5,0x05
10311,0x0005fa6b,0x67dcfa6b,7,0x07
10312,0x0005fa6c,0x67dcfa6c,-1,0xff
10313,0x0005fa6d,0x67dcfa6d,0,0x00
10314,0x0005fa6e,0x67dcfa6e,3,0x03
10315,0x0005fa6f,0x67dcfa6f,5,0x05
10316,0x0005fa70,0x67dcfa70,-1,0xff
10317,0x0005fa71,0x67dcfa71,-1,0xff
10318,0x0005fa72,0x67dcfa72,2,0x02
10319,0x0005fa73,0x67dcfa73,3,0x03
10320,0x0005fa74,0x67dcfa74,0,0x00
10321,0x0005fa75,0x67dcfa75,-1,0xff
10322,0x0005fa76,0x67dcfa76,-3,0xfd
10323,0x0005fa77,0x67dcfa77,-1,0xff
10324,0x0005fa78,0x67dcfa78,-1,0xff
10325,0x0005fa79,0x67dcfa79,-2,0xfe
10326,0x0005fa7a,0x67dcfa7a,-4,0xfc
10327,0x0005fa7b,0x67dcfa7b,-2,0xfe
10328,0x0005fa7c,0x67dcfa7c,-1,0xff
10329,0x0005fa7d,0x67dcfa7d,-2,0xfe
10330,0x0005fa7e,0x67dcfa7e,-2,0xfe
10331,0x0005fa7f,0x67dcfa7f,-1,0xff
10332,0x0005fa80,0x67dcfa80,0,0x00
10333,0x0005fa81,0x67dcfa81,-1,0xff
10334,0x0005fa82,0x67dcfa82,-1,0xff
10335,0x0005fa83,0x67dcfa83,0,0x00
10336,0x0005fa84,0x67dcfa84,-1,0xff
10337,0x0005fa85,0x67dcfa85,-1,0xff
10338,0x0005fa86,0x67dcfa86,1,0x01
10339,0x0005fa87,0x67dcfa87,2,0x02
10340,0x0005fa88,0x67dcfa88,-2,0xfe
10341,0x0005fa89,0x67dcfa89,-2,0xfe
10342,0x0005fa8a,0x67dcfa8a,0,0x00
10343,0x0005fa8b,0x67dcfa8b,0,0x00
10344,0x0005fa8c,0x67dcfa8c,-2,0xfe
10345,0x0005fa8d,0x67dcfa8d,-2,0xfe
10346,0x0005fa8e,0x67dcfa8e,0,0x00
10347,0x0005fa8f,0x67dcfa8f,0,0x00
10348,0x0005fa90,0x67dcfa90,-1,0xff
10349,0x0005fa91,0x67dcfa91,-1,0xff
10350,0x0005fa92,0x67dcfa92,0,0x00
10351,0x0005fa93,0x67dcfa93,0,0x00
10352,0x0005fa94,0x67dcfa94,3,0x03
10353,0x0005fa95,0x67dcfa95,3,0x03
10354,0x0005fa96,0x67dcfa96,0,0x00
10355,0x0005fa97,0x67dcfa97,-1,0xff
10356,0x0005fa98,0x67dcfa98,2,0x02
10357,0x0005fa99,0x67dcfa99,3,0x03
10358,0x0005fa9a,0x67dcfa9a,0,0x00
10359,0x0005fa9b,0x67dcfa9b,-2,0xfe
10360,0x0005fa9c,0x67dcfa9c,2,0x02
10361,0x0005fa9d,0x67dcfa9d,3,0x03
10362,0x0005fa9e,0x67dcfa9e,1,0x01
10363,0x0005fa9f,0x67dcfa9f,-1,0xff
10364,0x0005faa0,0x67dcfaa0,1,0x01
10365,0x0005faa1,0x67dcfaa1,2,0x02
10366,0x0005faa2,0x67dcfaa2,0,0x00
10367,0x0005faa3,0x67dcfaa3,-1,0xff
10368,0x0005faa4,0x67dcfaa4,-1,0xff
10369,0x0005faa5,0x67dcfaa5,1,0x01
10370,0x0005faa6,0x67dcfaa6,4,0x04
10371,0x0005faa7,0x67dcfaa7,4,0x04
10372,0x0005faa8,0x67dcfaa8,-2,0xfe
10373,0x0005faa9,0x67dcfaa9,0,0x00
10374,0x0005faaa,0x67dcfaaa,1,0x01
10375,0x0005faab,0x67dcfaab,1,0x01
10376,0x0005faac,0x67dcfaac,-1,0xff
10377,0x0005faad,0x67dcfaad,0,0x00
10378,0x0005faae,0x67dcfaae,1,0x01
10379,0x0005faaf,0x67dcfaaf,0,0x00
10380,0x0005fab0,0x67dcfab0,-1,0xff
10381,0x0005fab1,0x67dcfab1,-1,0xff
10382,0x0005fab2,0x67dcfab2,0,0x00
10383,0x0005fab3,0x67dcfab3,-2,0xfe
10384,0x0005fab4,0x67dcfab4,0,0x00
10385,0x0005fab5,0x67dcfab5,1,0x01
10386,0x0005fab6,0x67dcfab6,0,0x00
10387,0x0005fab7,0x67dcfab7,-1,0xff
10388,0x0005fab8,0x67dcfab8,0,0x00
10389,0x0005fab9,0x67dcfab9,1,0x01
10390,0x0005faba,0x67dcfaba,0,0x00
10391,0x0005fabb,0x67dcfabb,-1,0xff
10392,0x0005fabc,0x67dcfabc,1,0x01
10393,0x0005fabd,0x67dcfabd,1,0x01
10394,0x0005fabe,0x67dcfabe,-1,0xff
10395,0x0005fabf,0x67dcfabf,-3,0xfd
10396,0x0005fac0,0x67dcfac0,1,0x01
10397,0x0005fac1,0x67dcfac1,2,0x02
10398,0x0005fac2,0x67dcfac2,-1,0xff
10399,0x0005fac3,0x67dcfac3,-3,0xfd
10400,0x0005fac4,0x67dcfac4,-2,0xfe
10401,0x0005fac5,0x67dcfac5,-1,0xff
10402,0x0005fac6,0x67dcfac6,0,0x00
10403,0x0005fac7,0x67dcfac7,-2,0xfe
10404,0x0005fac8,0x67dcfac8,-2,0xfe
10405,0x0005fac9,0x67dcfac9,-1,0xff
10406,0x0005faca,0x67dcfaca,1,0x01
10407,0x0005facb,0x67dcfacb,0,0x00
10408,0x0005facc,0x67dcfacc,-4,0xfc
10409,0x0005facd,0x67dcfacd,-3,0xfd
10410,0x0005face,0x67dcface,1,0x01
10411,0x0005facf,0x67dcfacf,3,0x03
10412,0x0005fad0,0x67dcfad0,-5,0xfb
10413,0x0005fad1,0x67dcfad1,-4,0xfc
10414,0x0005fad2,0x67dcfad2,1,0x01
10415,0x0005fad3,0x67dcfad3,3,0x03
10416,0x0005fad4,0x67dcfad4,-3,0xfd
10417,0x0005fad5,0x67dcfad5,-2,0xfe
10418,0x0005fad6,0x67dcfad6,0,0x00
10419,0x0005fad7,0x67dcfad7,1,0x01
10420,0x0005fad8,0x67dcfad8,0,0x00
10421,0x0005fad9,0x67dcfad9,1,0x01
10422,0x0005fada,0x67dcfada,1,0x01
10423,0x0005fadb,0x67dcfadb,1,0x01
10424,0x0005fadc,0x67dcfadc,1,0x01
10425,0x0005fadd,0x67dcfadd,2,0x02
10426,0x0005fade,0x67dcfade,1,0x01
10427,0x0005fadf,0x67dcfadf,1,0x01
10428,0x0005fae0,0x67dcfae0,0,0x00
10429,0x0005fae1,0x67dcfae1,-1,0xff
10430,0x0005fae2,0x67dcfae2,-3,0xfd
10431,0x0005fae3,0x67dcfae3,-1,0xff
10432,0x0005fae4,0x67dcfae4,1,0x01
10433,0x0005fae5,0x67dcfae5,1,0x01
10434,0x0005fae6,0x67dcfae6,0,0x00
10435,0x0005fae7,0x67dcfae7,-2,0xfe
10436,0x0005fae8,0x67dcfae8,0,0x00
10437,0x0005fae9,0x67dcfae9,0,0x00
10438,0x0005faea,0x67dcfaea,-1,0xff
10439,0x0005faeb,0x67dcfaeb,-3,0xfd
10440,0x0005faec,0x67dcfaec,0,0x00
10441,0x0005faed,0x67dcfaed,-1,0xff
10442,0x0005faee,0x67dcfaee,-1,0xff
10443,0x0005faef,0x67dcfaef,-2,0xfe
10444,0x0005faf0,0x67dcfaf0,-1,0xff
10445,0x0005faf1,0x67dcfaf1,-1,0xff
10446,0x0005faf2,0x67dcfaf2,0,0x00
10447,0x0005faf3,0x67dcfaf3,-1,0xff
10448,0x0005faf4,0x67dcfaf4,0,0x00
10449,0x0005faf5,0x67dcfaf5,-3,0xfd
10450,0x0005faf6,0x67dcfaf6,-6,0xfa
10451,0x0005faf7,0x67dcfaf7,-3,0xfd
10452,0x0005faf8,0x67dcfaf8,2,0x02
10453,0x0005faf9,0x67dcfaf9,-1,0xff
10454,0x0005fafa,0x67dcfafa,-4,0xfc
10455,0x0005fafb,0x67dcfafb,-3,0xfd
10456,0x0005fafc,0x67dcfafc,5,0x05
10457,0x0005fafd,0x67dcfafd,4,0x04
10458,0x0005fafe,0x67dcfafe,1,0x01
10459,0x0005faff,0x67dcfaff,1,0x01
10460,0x0005fb00,0x67dcfb00,5,0x05
10461,0x0005fb01,0x67dcfb01,4,0x04
10462,0x0005fb02,0x67dcfb02,2,0x02
10463,0x0005fb03,0x67dcfb03,1,0x01
10464,0x0005fb04,0x67dcfb04,-2,0xfe
10465,0x0005fb05,0x67dcfb05,-1,0xff
10466,0x0005fb06,0x67dcfb06,1,0x01
10467,0x0005fb07,0x67dcfb07,1,0x01
10468,0x0005fb08,0x67dcfb08,-2,0xfe
10469,0x0005fb09,0x67dcfb09,0,0x00
10470,0x0005fb0a,0x67dcfb0a,2,0x02
10471,0x0005fb0b,0x67dcfb0b,2,0x02
10472,0x0005fb0c,0x67dcfb0c,0,0x00
10473,0x0005fb0d,0x67dcfb0d,1,0x01
10474,0x0005fb0e,0x67dcfb0e,3,0x03
10475,0x0005fb0f,0x67dcfb0f,2,0x02
10476,0x0005fb10,0x67dcfb10,0,0x00
10477,0x0005fb11,0x67dcfb11,-1,0xff
10478,0x0005fb12,0x67dcfb12,0,0x00
10479,0x0005fb13,0x67dcfb13,1,0x01
10480,0x0005fb14,0x67dcfb14,-2,0xfe
10481,0x0005fb15,0x67dcfb15,0,0x00
10482,0x0005fb16,0x67dcfb16,-2,0xfe
10483,0x0005fb17,0x67dcfb17,-5,0xfb
10484,0x0005fb18,0x67dcfb18,-2,0xfe
10485,0x0005fb19,0x67dcfb19,0,0x00
10486,0x0005fb1a,0x67dcfb1a,1,0x01
10487,0x0005fb1b,0x67dcfb1b,0,0x00
10488,0x0005fb1c,0x67dcfb1c,-2,0xfe
10489,0x0005fb1d,0x67dcfb1d,0,0x00
10490,0x0005fb1e,0x67dcfb1e,1,0x01
10491,0x0005fb1f,0x67dcfb1f,3,0x03
10492,0x0005fb20,0x67dcfb20,-2,0xfe
10493,0x0005fb21,0x67dcfb21,0,0x00
10494,0x0005fb22,0x67dcfb22,2,0x02
10495,0x0005fb23,0x67dcfb23,4,0x04
10496,0x0005fb24,0x67dcfb24,-6,0xfa
10497,0x0005fb25,0x67dcfb25,-3,0xfd
10498,0x0005fb26,0x67dcfb26,0,0x00
10499,0x0005fb27,0x67dcfb27,0,0x00
10500,0x0005fb28,0x67dcfb28,-1,0xff
10501,0x0005fb29,0x67dcfb29,1,0x01
10502,0x0005fb2a,0x67dcfb2a,2,0x02
10503,0x0005fb2b,0x67dcfb2b,2,0x02
10504,0x0005fb2c,0x67dcfb2c,2,0x02
10505,0x0005fb2d,0x67dcfb2d,2,0x02
10506,0x0005fb2e,0x67dcfb2e,2,0x02
10507,0x0005fb2f,0x67dcfb2f,1,0x01
10508,0x0005fb30,0x67dcfb30,3,0x03
10509,0x0005fb31,0x67dcfb31,2,0x02
10510,0x0005fb32,0x67dcfb32,1,0x01
10511,0x0005fb33,0x67dcfb33,1,0x01
10512,0x0005fb34,0x67dcfb34,-2,0xfe
10513,0x0005fb35,0x67dcfb35,0,0x00
10514,0x0005fb36,0x67dcfb36,2,0x02
10515,0x0005fb37,0x67dcfb37,3,0x03
10516,0x0005fb38,0x67dcfb38,-3,0xfd
10517,0x0005fb39,0x67dcfb39,-1,0xff
10518,0x0005fb3a,0x67dcfb3a,1,0x01
10519,0x0005fb3b,0x67dcfb3b,1,0x01
10520,0x0005fb3c,0x67dcfb3c,-4,0xfc
10521,0x0005fb3d,0x67dcfb3d,-1,0xff
10522,0x0005fb3e,0x67dcfb3e,1,0x01
10523,0x0005fb3f,0x67dcfb3f,0,0x00
10524,0x0005fb40,0x67dcfb40,-4,0xfc
10525,0x0005fb41,0x67dcfb41,-1,0xff
10526,0x0005fb42,0x67dcfb42,0,0x00
10527,0x0005fb43,0x67dcfb43,-1,0xff
10528,0x0005fb44,0x67dcfb44,2,0x02
10529,0x0005fb45,0x67dcfb45,0,0x00
10530,0x0005fb46,0x67dcfb46,-1,0xff
10531,0x0005fb47,0x67dcfb47,0,0x00
10532,0x0005fb48,0x67dcfb48,0,0x00
10533,0x0005fb49,0x67dcfb49,-1,0xff
10534,0x0005fb4a,0x67dcfb4a,-1,0xff
10535,0x0005fb4b,0x67dcfb4b,1,0x01
10536,0x0005fb4c,0x67dcfb4c,-1,0xff
10537,0x0005fb4d,0x67dcfb4d,-2,0xfe
10538,0x0005fb4e,0x67dcfb4e,0,0x00
10539,0x0005fb4f,0x67dcfb4f,2,0x02
10540,0x0005fb50,0x67dcfb50,-1,0xff
10541,0x0005fb51,0x67dcfb51,-2,0xfe
10542,0x0005fb52,0x67dcfb52,1,0x01
10543,0x0005fb53,0x67dcfb53,4,0x04
10544,0x0005fb54,0x67dcfb54,-3,0xfd
10545,0x0005fb55,0x67dcfb55,0,0x00
10546,0x0005fb56,0x67dcfb56,0,0x00
10547,0x0005fb57,0x67dcfb57,-1,0xff
10548,0x0005fb58,0x67dcfb58,-3,0xfd
10549,0x0005fb59,0x67dcfb59,1,0x01
10550,0x0005fb5a,0x67dcfb5a,0,0x00
10551,0x0005fb5b,0x67dcfb5b,-1,0xff
10552,0x0005fb5c,0x67dcfb5c,-1,0xff
10553,0x0005fb5d,0x67dcfb5d,3,0x03
10554,0x0005fb5e,0x67dcfb5e,3,0x03
10555,0x0005fb5f,0x67dcfb5f,0,0x00
10556,0x0005fb60,0x67dcfb60,-3,0xfd
10557,0x0005fb61,0x67dcfb61,2,0x02
10558,0x0005fb62,0x67dcfb62,2,0x02
10559,0x0005fb63,0x67dcfb63,-2,0xfe
10560,0x0005fb64,0x67dcfb64,1,0x01
10561,0x0005fb65,0x67dcfb65,1,0x01
10562,0x0005fb66,0x67dcfb66,1,0x01
10563,0x0005fb67,0x67dcfb67,0,0x00
10564,0x0005fb68,0x67dcfb68,0,0x00
10565,0x0005fb69,0x67dcfb69,0,0x00
10566,0x0005fb6a,0x67dcfb6a,-1,0xff
10567,0x0005fb6b,0x67dcfb6b,-1,0xff
10568,0x0005fb6c,0x67dcfb6c,1,0x01
10569,0x0005fb6d,0x67dcfb6d,0,0x00
10570,0x0005fb6e,0x67dcfb6e,0,0x00
10571,0x0005fb6f,0x67dcfb6f,1,0x01
10572,0x0005fb70,0x67dcfb70,-1,0xff
10573,0x0005fb71,0x67dcfb71,0,0x00
10574,0x0005fb72,0x67dcfb72,0,0x00
10575,0x0005fb73,0x67dcfb73,1,0x01
10576,0x0005fb74,0x67dcfb74,-5,0xfb
10577,0x0005fb75,0x67dcfb75,0,0x00
10578,0x0005fb76,0x67dcfb76,0,0x00
10579,0x0005fb77,0x67dcfb77,-2,0xfe
10580,0x0005fb78,0x67dcfb78,-7,0xf9
10581,0x0005fb79,0x67dcfb79,-2,0xfe
10582,0x0005fb7a,0x67dcfb7a,1,0x01
10583,0x0005fb7b,0x67dcfb7b,0,0x00
10584,0x0005fb7c,0x67dcfb7c,-5,0xfb
10585,0x0005fb7d,0x67dcfb7d,0,0x00
10586,0x0005fb7e,0x67dcfb7e,3,0x03
10587,0x0005fb7f,0x67dcfb7f,2,0x02
10588,0x0005fb80,0x67dcfb80,-3,0xfd
10589,0x0005fb81,0x67dcfb81,2,0x02
10590,0x0005fb82,0x67dcfb82,4,0x04
10591,0x0005fb83,0x67dcfb83,1,0x01
10592,0x0005fb84,0x67dcfb84,-1,0xff
10593,0x0005fb85,0x67dcfb85,1,0x01
10594,0x0005fb86,0x67dcfb86,0,0x00
10595,0x0005fb87,0x67dcfb87,2,0x02
10596,0x0005fb88,0x67dcfb88,1,0x01
10597,0x0005fb89,0x67dcfb89,2,0x02
10598,0x0005fb8a,0x67dcfb8a,2,0x02
10599,0x0005fb8b,0x67dcfb8b,2,0x02
10600,0x0005fb8c,0x67dcfb8c,3,0x03
10601,0x0005fb8d,0x67dcfb8d,3,0x03
10602,0x0005fb8e,0x67dcfb8e,2,0x02
10603,0x0005fb8f,0x67dcfb8f,2,0x02
10604,0x0005fb90,0x67dcfb90,0,0x00
10605,0x0005fb91,0x67dcfb91,0,0x00
10606,0x0005fb92,0x67dcfb92,-2,0xfe
10607,0x0005fb93,0x67dcfb93,-3,0xfd
10608,0x0005fb94,0x67dcfb94,5,0x05
10609,0x0005fb95,0x67dcfb95,2,0x02
10610,0x0005fb96,0x67dcfb96,-2,0xfe
10611,0x0005fb97,0x67dcfb97,-2,0xfe
10612,0x0005fb98,0x67dcfb98,2,0x02
10613,0x0005fb99,0x67dcfb99,-1,0xff
10614,0x0005fb9a,0x67dcfb9a,-4,0xfc
10615,0x0005fb9b,0x67dcfb9b,-3,0xfd
10616,0x0005fb9c,0x67dcfb9c,0,0x00
10617,0x0005fb9d,0x67dcfb9d,-2,0xfe
10618,0x0005fb9e,0x67dcfb9e,-2,0xfe
10619,0x0005fb9f,0x67dcfb9f,1,0x01
10620,0x0005fba0,0x67dcfba0,-1,0xff
10621,0x0005fba1,0x67dcfba1,-2,0xfe
10622,0x0005fba2,0x67dcfba2,-1,0xff
10623,0x0005fba3,0x67dcfba3,3,0x03
10624,0x0005fba4,0x67dcfba4,0,0x00
10625,0x0005fba5,0x67dcfba5,-1,0xff
10626,0x0005fba6,0x67dcfba6,-1,0xff
10627,0x0005fba7,0x67dcfba7,-1,0xff
10628,0x0005fba8,0x67dcfba8,-1,0xff
10629,0x0005fba9,0x67dcfba9,-2,0xfe
10630,0x0005fbaa,0x67dcfbaa,-1,0xff
10631,0x0005fbab,0x67dcfbab,-1,0xff
10632,0x0005fbac,0x67dcfbac,2,0x02
10633,0x0005fbad,0x67dcfbad,-1,0xff
10634,0x0005fbae,0x67dcfbae,0,0x00
10635,0x0005fbaf,0x67dcfbaf,1,0x01
10636,0x0005fbb0,0x67dcfbb0,3,0x03
10637,0x0005fbb1,0x67dcfbb1,-1,0xff
10638,0x0005fbb2,0x67dcfbb2,0,0x00
10639,0x0005fbb3,0x67dcfbb3,2,0x02
10640,0x0005fbb4,0x67dcfbb4,1,0x01
10641,0x0005fbb5,0x67dcfbb5,0,0x00
10642,0x0005fbb6,0x67dcfbb6,0,0x00
10643,0x0005fbb7,0x67dcfbb7,3,0x03
10644,0x0005fbb8,0x67dcfbb8,2,0x02
10645,0x0005fbb9,0x67dcfbb9,1,0x01
10646,0x0005fbba,0x67dcfbba,1,0x01
10647,0x0005fbbb,0x67dcfbbb,3,0x03
10648,0x0005fbbc,0x67dcfbbc,1,0x01
10649,0x0005fbbd,0x67dcfbbd,0,0x00
10650,0x0005fbbe,0x67dcfbbe,-1,0xff
10651,0x0005fbbf,0x67dcfbbf,1,0x01
10652,0x0005fbc0,0x67dcfbc0,1,0x01
10653,0x0005fbc1,0x67dcfbc1,0,0x00
10654,0x0005fbc2,0x67dcfbc2,1,0x01
10655,0x0005fbc3,0x67dcfbc3,2,0x02
10656,0x0005fbc4,0x67dcfbc4,3,0x03
10657,0x0005fbc5,0x67dcfbc5,-2,0xfe
10658,0x0005fbc6,0x67dcfbc6,-1,0xff
10659,0x0005fbc7,0x67dcfbc7,2,0x02
10660,0x0005fbc8,0x67dcfbc8,2,0x02
10661,0x0005fbc9,0x67dcfbc9,-2,0xfe
10662,0x0005fbca,0x67dcfbca,-2,0xfe
10663,0x0005fbcb,0x67dcfbcb,0,0x00
10664,0x0005fbcc,0x67dcfbcc,1,0x01
10665,0x0005fbcd,0x67dcfbcd,-3,0xfd
10666,0x0005fbce,0x67dcfbce,-3,0xfd
10667,0x0005fbcf,0x67dcfbcf,-2,0xfe
10668,0x0005fbd0,0x67dcfbd0,3,0x03
10669,0x0005fbd1,0x67dcfbd1,0,0x00
10670,0x0005fbd2,0x67dcfbd2,0,0x00
10671,0x0005fbd3,0x67dcfbd3,0,0x00
10672,0x0005fbd4,0x67dcfbd4,-4,0xfc
10673,0x0005fbd5,0x67dcfbd5,-5,0xfb
10674,0x0005fbd6,0x67dcfbd6,-3,0xfd
10675,0x0005fbd7,0x67dcfbd7,0,0x00
10676,0x0005fbd8,0x67dcfbd8,-2,0xfe
10677,0x0005fbd9,0x67dcfbd9,-3,0xfd
10678,0x0005fbda,0x67dcfbda,-1,0xff
10679,0x0005fbdb,0x67dcfbdb,1,0x01
10680,0x0005fbdc,0x67dcfbdc,1,0x01
10681,0x0005fbdd,0x67dcfbdd,1,0x01
10682,0x0005fbde,0x67dcfbde,2,0x02
10683,0x0005fbdf,0x67dcfbdf,1,0x01
10684,0x0005fbe0,0x67dcfbe0,3,0x03
10685,0x0005fbe1,0x67dcfbe1,4,0x04
10686,0x0005fbe2,0x67dcfbe2,3,0x03
10687,0x0005fbe3,0x67dcfbe3,1,0x01
10688,0x0005fbe4,0x67dcfbe4,1,0x01
10689,0x0005fbe5,0x67dcfbe5,-1,0xff
10690,0x0005fbe6,0x67dcfbe6,-2,0xfe
10691,0x0005fbe7,0x67dcfbe7,-1,0xff
10692,0x0005fbe8,0x67dcfbe8,2,0x02
10693,0x0005fbe9,0x67dcfbe9,0,0x00
10694,0x0005fbea,0x67dcfbea,0,0x00
10695,0x0005fbeb,0x67dcfbeb,0,0x00
10696,0x0005fbec,0x67dcfbec,2,0x02
10697,0x0005fbed,0x67dcfbed,1,0x01
10698,0x0005fbee,0x67dcfbee,1,0x01
10699,0x0005fbef,0x67dcfbef,1,0x01
10700,0x0005fbf0,0x67dcfbf0,0,0x00
10701,0x0005fbf1,0x67dcfbf1,-2,0xfe
10702,0x0005fbf2,0x67dcfbf2,-1,0xff
10703,0x0005fbf3,0x67dcfbf3,-1,0xff
10704,0x0005fbf4,0x67dcfbf4,3,0x03
10705,0x0005fbf5,0x67dcfbf5,3,0x03
10706,0x0005fbf6,0x67dcfbf6,2,0x02
10707,0x0005fbf7,0x67dcfbf7,0,0x00
10708,0x0005fbf8,0x67dcfbf8,1,0x01
10709,0x0005fbf9,0x67dcfbf9,1,0x01
10710,0x0005fbfa,0x67dcfbfa,0,0x00
10711,0x0005fbfb,0x67dcfbfb,-1,0xff
10712,0x0005fbfc,0x67dcfbfc,2,0x02
10713,0x0005fbfd,0x67dcfbfd,1,0x01
10714,0x0005fbfe,0x67dcfbfe,0,0x00
10715,0x0005fbff,0x67dcfbff,0,0x00
10716,0x0005fc00,0x67dcfc00,2,0x02
10717,0x0005fc01,0x67dcfc01,1,0x01
10718,0x0005fc02,0x67dcfc02,1,0x01
10719,0x0005fc03,0x67dcfc03,1,0x01
10720,0x0005fc04,0x67dcfc04,-2,0xfe
10721,0x0005fc05,0x67dcfc05,-3,0xfd
10722,0x0005fc06,0x67dcfc06,-3,0xfd
10723,0x0005fc07,0x67dcfc07,-2,0xfe
10724,0x0005fc08,0x67dcfc08,-2,0xfe
10725,0x0005fc09,0x67dcfc09,-4,0xfc
10726,0x0005fc0a,0x67dcfc0a,-2,0xfe
10727,0x0005fc0b,0x67dcfc0b,-2,0xfe
10728,0x0005fc0c,0x67dcfc0c,0,0x00
10729,0x0005fc0d,0x67dcfc0d,-1,0xff
10730,0x0005fc0e,0x67dcfc0e,0,0x00
10731,0x0005fc0f,0x67dcfc0f,1,0x01
10732,0x0005fc10,0x67dcfc10,1,0x01
10733,0x0005fc11,0x67dcfc11,1,0x01
10734,0x0005fc12,0x67dcfc12,1,0x01
10735,0x0005fc13,0x67dcfc13,3,0x03
10736,0x0005fc14,0x67dcfc14,0,0x00
10737,0x0005fc15,0x67dcfc15,0,0x00
10738,0x0005fc16,0x67dcfc16,0,0x00
10739,0x0005fc17,0x67dcfc17,-1,0xff
10740,0x0005fc18,0x67dcfc18,-2,0xfe
10741,0x0005fc19,0x67dcfc19,-1,0xff
10742,0x0005fc1a,0x67dcfc1a,-1,0xff
10743,0x0005fc1b,0x67dcfc1b,-2,0xfe
10744,0x0005fc1c,0x67dcfc1c,-1,0xff
10745,0x0005fc1d,0x67dcfc1d,0,0x00
10746,0x0005fc1e,0x67dcfc1e,0,0x00
10747,0x0005fc1f,0x67dcfc1f,-1,0xff
10748,0x0005fc20,0x67dcfc20,1,0x01
10749,0x0005fc21,0x67dcfc21,1,0x01
10750,0x0005fc22,0x67dcfc22,0,0x00
10751,0x0005fc23,0x67dcfc23,-1,0xff
10752,0x0005fc24,0x67dcfc24,-2,0xfe
10753,0x0005fc25,0x67dcfc25,-1,0xff
10754,0x0005fc26,0x67dcfc26,1,0x01
10755,0x0005fc27,0x67dcfc27,0,0x00
10756,0x0005fc28,0x67dcfc28,-3,0xfd
10757,0x0005fc29,0x67dcfc29,-2,0xfe
10758,0x0005fc2a,0x67dcfc2a,0,0x00
10759,0x0005fc2b,0x67dcfc2b,0,0x00
10760,0x0005fc2c,0x67dcfc2c,-2,0xfe
10761,0x0005fc2d,0x67dcfc2d,0,0x00
10762,0x0005fc2e,0x67dcfc2e,1,0x01
10763,0x0005fc2f,0x67dcfc2f,1,0x01
10764,0x0005fc30,0x67dcfc30,-1,0xff
10765,0x0005fc31,0x67dcfc31,1,0x01
10766,0x0005fc32,0x67dcfc32,3,0x03
10767,0x0005fc33,0x67dcfc33,1,0x01
10768,0x0005fc34,0x67dcfc34,2,0x02
10769,0x0005fc35,0x67dcfc35,2,0x02
10770,0x0005fc36,0x67dcfc36,0,0x00
10771,0x0005fc37,0x67dcfc37,-2,0xfe
10772,0x0005fc38,0x67dcfc38,3,0x03
10773,0x0005fc39,0x67dcfc39,1,0x01
10774,0x0005fc3a,0x67dcfc3a,-1,0xff
10775,0x0005fc3b,0x67dcfc3b,-1,0xff
10776,0x0005fc3c,0x67dcfc3c,2,0x02
10777,0x0005fc3d,0x67dcfc3d,0,0x00
10778,0x0005fc3e,0x67dcfc3e,-3,0xfd
10779,0x0005fc3f,0x67dcfc3f,-1,0xff
10780,0x0005fc40,0x67dcfc40,1,0x01
10781,0x0005fc41,0x67dcfc41,-1,0xff
10782,0x0005fc42,0x67dcfc42,-2,0xfe
10783,0x0005fc43,0x67dcfc43,0,0x00
10784,0x0005fc44,0x67dcfc44,-1,0xff
10785,0x0005fc45,0x67dcfc45,2,0x02
10786,0x0005fc46,0x67dcfc46,3,0x03
10787,0x0005fc47,0x67dcfc47,0,0x00
10788,0x0005fc48,0x67dcfc48,1,0x01
10789,0x0005fc49,0x67dcfc49,4,0x04
10790,0x0005fc4a,0x67dcfc4a,2,0x02
10791,0x0005fc4b,0x67dcfc4b,-2,0xfe
10792,0x0005fc4c,0x67dcfc4c,3,0x03
10793,0x0005fc4d,0x67dcfc4d,5,0x05
10794,0x0005fc4e,0x67dcfc4e,0,0x00
10795,0x0005fc4f,0x67dcfc4f,-5,0xfb
10796,0x0005fc50,0x67dcfc50,3,0x03
10797,0x0005fc51,0x67dcfc51,3,0x03
10798,0x0005fc52,0x67dcfc52,-1,0xff
10799,0x0005fc53,0x67dcfc53,-6,0xfa
10800,0x0005fc54,0x67dcfc54,-1,0xff
10801,0x0005fc55,0x67dcfc55,0,0x00
10802,0x0005fc56,0x67dcfc56,3,0x03
10803,0x0005fc57,0x67dcfc57,4,0x04
10804,0x0005fc58,0x67dcfc58,-2,0xfe
10805,0x0005fc59,0x67dcfc59,-1,0xff
10806,0x0005fc5a,0x67dcfc5a,0,0x00
10807,0x0005fc5b,0x67dcfc5b,1,0x01
10808,0x0005fc5c,0x67dcfc5c,-2,0xfe
10809,0x0005fc5d,0x67dcfc5d,-3,0xfd
10810,0x0005fc5e,0x67dcfc5e,-2,0xfe
10811,0x0005fc5f,0x67dcfc5f,-3,0xfd
10812,0x0005fc60,0x67dcfc60,2,0x02
10813,0x0005fc61,0x67dcfc61,2,0x02
10814,0x0005fc62,0x67dcfc62,3,0x03
10815,0x0005fc63,0x67dcfc63,1,0x01
10816,0x0005fc64,0x67dcfc64,2,0x02
10817,0x0005fc65,0x67dcfc65,0,0x00
10818,0x0005fc66,0x67dcfc66,1,0x01
10819,0x0005fc67,0x67dcfc67,2,0x02
10820,0x0005fc68,0x67dcfc68,-1,0xff
10821,0x0005fc69,0x67dcfc69,-2,0xfe
10822,0x0005fc6a,0x67dcfc6a,0,0x00
10823,0x0005fc6b,0x67dcfc6b,1,0x01
10824,0x0005fc6c,0x67dcfc6c,-6,0xfa
10825,0x0005fc6d,0x67dcfc6d,-7,0xf9
10826,0x0005fc6e,0x67dcfc6e,-6,0xfa
10827,0x0005fc6f,0x67dcfc6f,-3,0xfd
10828,0x0005fc70,0x67dcfc70,-1,0xff
10829,0x0005fc71,0x67dcfc71,-2,0xfe
10830,0x0005fc72,0x67dcfc72,-3,0xfd
10831,0x0005fc73,0x67dcfc73,-2,0xfe
10832,0x0005fc74,0x67dcfc74,2,0x02
10833,0x0005fc75,0x67dcfc75,2,0x02
10834,0x0005fc76,0x67dcfc76,3,0x03
10835,0x0005fc77,0x67dcfc77,1,0x01
10836,0x0005fc78,0x67dcfc78,2,0x02
10837,0x0005fc79,0x67dcfc79,1,0x01
10838,0x0005fc7a,0x67dcfc7a,1,0x01
10839,0x0005fc7b,0x67dcfc7b,0,0x00
10840,0x0005fc7c,0x67dcfc7c,1,0x01
10841,0x0005fc7d,0x67dcfc7d,0,0x00
10842,0x0005fc7e,0x67dcfc7e,0,0x00
10843,0x0005fc7f,0x67dcfc7f,0,0x00
10844,0x0005fc80,0x67dcfc80,1,0x01
10845,0x0005fc81,0x67dcfc81,0,0x00
10846,0x0005fc82,0x67dcfc82,-1,0xff
10847,0x0005fc83,0x67dcfc83,0,0x00
10848,0x0005fc84,0x67dcfc84,0,0x00
10849,0x0005fc85,0x67dcfc85,0,0x00
10850,0x0005fc86,0x67dcfc86,0,0x00
10851,0x0005fc87,0x67dcfc87,0,0x00
10852,0x0005fc88,0x67dcfc88,1,0x01
10853,0x0005fc89,0x67dcfc89,1,0x01
10854,0x0005fc8a,0x67dcfc8a,0,0x00
10855,0x0005fc8b,0x67dcfc8b,1,0x01
10856,0x0005fc8c,0x67dcfc8c,0,0x00
10857,0x0005fc8d,0x67dcfc8d,1,0x01
10858,0x0005fc8e,0x67dcfc8e,1,0x01
10859,0x0005fc8f,0x67dcfc8f,2,0x02
10860,0x0005fc90,0x67dcfc90,0,0x00
10861,0x0005fc91,0x67dcfc91,2,0x02
10862,0x0005fc92,0x67dcfc92,2,0x02
10863,0x0005fc93,0x67dcfc93,1,0x01
10864,0x0005fc94,0x67dcfc94,1,0x01
10865,0x0005fc95,0x67dcfc95,1,0x01
10866,0x0005fc96,0x67dcfc96,3,0x03
10867,0x0005fc97,0x67dcfc97,1,0x01
10868,0x0005fc98,0x67dcfc98,-2,0xfe
10869,0x0005fc99,0x67dcfc99,-1,0xff
10870,0x0005fc9a,0x67dcfc9a,0,0x00
10871,0x0005fc9b,0x67dcfc9b,0,0x00
10872,0x0005fc9c,0x67dcfc9c,-2,0xfe
10873,0x0005fc9d,0x67dcfc9d,-2,0xfe
10874,0x0005fc9e,0x67dcfc9e,1,0x01
10875,0x0005fc9f,0x67dcfc9f,1,0x01
10876,0x0005fca0,0x67dcfca0,-2,0xfe
10877,0x0005fca1,0x67dcfca1,-2,0xfe
10878,0x0005fca2,0x67dcfca2,0,0x00
10879,0x0005fca3,0x67dcfca3,-1,0xff
10880,0x0005fca4,0x67dcfca4,-1,0xff
10881,0x0005fca5,0x67dcfca5,-1,0xff
10882,0x0005fca6,0x67dcfca6,-1,0xff
10883,0x0005fca7,0x67dcfca7,1,0x01
10884,0x0005fca8,0x67dcfca8,-2,0xfe
10885,0x0005fca9,0x67dcfca9,-2,0xfe
10886,0x0005fcaa,0x67dcfcaa,-1,0xff
10887,0x0005fcab,0x67dcfcab,2,0x02
10888,0x0005fcac,0x67dcfcac,1,0x01
10889,0x0005fcad,0x67dcfcad,0,0x00
10890,0x0005fcae,0x67dcfcae,1,0x01
10891,0x0005fcaf,0x67dcfcaf,3,0x03
10892,0x0005fcb0,0x67dcfcb0,0,0x00
10893,0x0005fcb1,0x67dcfcb1,-1,0xff
10894,0x0005fcb2,0x67dcfcb2,0,0x00
10895,0x0005fcb3,0x67dcfcb3,2,0x02
10896,0x0005fcb4,0x67dcfcb4,0,0x00
10897,0x0005fcb5,0x67dcfcb5,0,0x00
10898,0x0005fcb6,0x67dcfcb6,1,0x01
10899,0x0005fcb7,0x67dcfcb7,0,0x00
10900,0x0005fcb8,0x67dcfcb8,3,0x03
10901,0x0005fcb9,0x67dcfcb9,2,0x02
10902,0x0005fcba,0x67dcfcba,2,0x02
10903,0x0005fcbb,0x67dcfcbb,1,0x01
10904,0x0005fcbc,0x67dcfcbc,5,0x05
10905,0x0005fcbd,0x67dcfcbd,3,0x03
10906,0x0005fcbe,0x67dcfcbe,3,0x03
10907,0x0005fcbf,0x67dcfcbf,2,0x02
10908,0x0005fcc0,0x67dcfcc0,0,0x00
10909,0x0005fcc1,0x67dcfcc1,-3,0xfd
10910,0x0005fcc2,0x67dcfcc2,-4,0xfc
10911,0x0005fcc3,0x67dcfcc3,-5,0xfb
10912,0x0005fcc4,0x67dcfcc4,-1,0xff
10913,0x0005fcc5,0x67dcfcc5,-1,0xff
10914,0x0005fcc6,0x67dcfcc6,-2,0xfe
10915,0x0005fcc7,0x67dcfcc7,1,0x01
10916,0x0005fcc8,0x67dcfcc8,0,0x00
10917,0x0005fcc9,0x67dcfcc9,-2,0xfe
10918,0x0005fcca,0x67dcfcca,-2,0xfe
10919,0x0005fccb,0x67dcfccb,1,0x01
10920,0x0005fccc,0x67dcfccc,1,0x01
10921,0x0005fccd,0x67dcfccd,1,0x01
10922,0x0005fcce,0x67dcfcce,1,0x01
10923,0x0005fccf,0x67dcfccf,4,0x04
10924,0x0005fcd0,0x67dcfcd0,-4,0xfc
10925,0x0005fcd1,0x67dcfcd1,-3,0xfd
10926,0x0005fcd2,0x67dcfcd2,-1,0xff
10927,0x0005fcd3,0x67dcfcd3,1,0x01
10928,0x0005fcd4,0x67dcfcd4,-6,0xfa
10929,0x0005fcd5,0x67dcfcd5,-4,0xfc
10930,0x0005fcd6,0x67dcfcd6,-1,0xff
10931,0x0005fcd7,0x67dcfcd7,2,0x02
10932,0x0005fcd8,0x67dcfcd8,-4,0xfc
10933,0x0005fcd9,0x67dcfcd9,-2,0xfe
10934,0x0005fcda,0x67dcfcda,1,0x01
10935,0x0005fcdb,0x67dcfcdb,3,0x03
10936,0x0005fcdc,0x67dcfcdc,-3,0xfd
10937,0x0005fcdd,0x67dcfcdd,-2,0xfe
10938,0x0005fcde,0x67dcfcde,-1,0xff
10939,0x0005fcdf,0x67dcfcdf,2,0x02
10940,0x0005fce0,0x67dcfce0,-3,0xfd
10941,0x0005fce1,0x67dcfce1,-2,0xfe
10942,0x0005fce2,0x67dcfce2,-2,0xfe
10943,0x0005fce3,0x67dcfce3,1,0x01
10944,0x0005fce4,0x67dcfce4,2,0x02
10945,0x0005fce5,0x67dcfce5,0,0x00
10946,0x0005fce6,0x67dcfce6,0,0x00
10947,0x0005fce7,0x67dcfce7,-1,0xff
10948,0x0005fce8,0x67dcfce8,3,0x03
10949,0x0005fce9,0x67dcfce9,2,0x02
10950,0x0005fcea,0x67dcfcea,2,0x02
10951,0x0005fceb,0x67dcfceb,0,0x00
10952,0x0005fcec,0x67dcfcec,3,0x03
10953,0x0005fced,0x67dcfced,3,0x03
10954,0x0005fcee,0x67dcfcee,2,0x02
10955,0x0005fcef,0x67dcfcef,0,0x00
10956,0x0005fcf0,0x67dcfcf0,2,0x02
10957,0x0005fcf1,0x67dcfcf1,1,0x01
10958,0x0005fcf2,0x67dcfcf2,1,0x01
10959,0x0005fcf3,0x67dcfcf3,-1,0xff
10960,0x0005fcf4,0x67dcfcf4,-2,0xfe
10961,0x0005fcf5,0x67dcfcf5,-2,0xfe
10962,0x0005fcf6,0x67dcfcf6,-2,0xfe
10963,0x0005fcf7,0x67dcfcf7,0,0x00
10964,0x0005fcf8,0x67dcfcf8,-1,0xff
10965,0x0005fcf9,0x67dcfcf9,-1,0xff
10966,0x0005fcfa,0x67dcfcfa,-1,0xff
10967,0x0005fcfb,0x67dcfcfb,1,0x01
10968,0x0005fcfc,0x67dcfcfc,-1,0xff
10969,0x0005fcfd,0x67dcfcfd,-1,0xff
10970,0x0005fcfe,0x67dcfcfe,-2,0xfe
10971,0x0005fcff,0x67dcfcff,1,0x01
10972,0x0005fd00,0x67dcfd00,0,0x00
10973,0x0005fd01,0x67dcfd01,-1,0xff
10974,0x0005fd02,0x67dcfd02,-2,0xfe
10975,0x0005fd03,0x67dcfd03,0,0x00
10976,0x0005fd04,0x67dcfd04,2,0x02
10977,0x0005fd05,0x67dcfd05,2,0x02
10978,0x0005fd06,0x67dcfd06,1,0x01
10979,0x0005fd07,0x67dcfd07,-1,0xff
10980,0x0005fd08,0x67dcfd08,2,0x02
10981,0x0005fd09,0x67dcfd09,3,0x03
10982,0x0005fd0a,0x67dcfd0a,2,0x02
10983,0x0005fd0b,0x67dcfd0b,0,0x00
10984,0x0005fd0c,0x67dcfd0c,2,0x02
10985,0x0005fd0d,0x67dcfd0d,2,0x02
10986,0x0005fd0e,0x67dcfd0e,2,0x02
10987,0x0005fd0f,0x67dcfd0f,-1,0xff
10988,0x0005fd10,0x67dcfd10,2,0x02
10989,0x0005fd11,0x67dcfd11,1,0x01
10990,0x0005fd12,0x67dcfd12,0,0x00
10991,0x0005fd13,0x67dcfd13,-1,0xff
10992,0x0005fd14,0x67dcfd14,6,0x06
10993,0x0005fd15,0x67dcfd15,4,0x04
10994,0x0005fd16,0x67dcfd16,2,0x02
10995,0x0005fd17,0x67dcfd17,1,0x01
10996,0x0005fd18,0x67dcfd18,4,0x04
10997,0x0005fd19,0x67dcfd19,2,0x02
10998,0x0005fd1a,0x67dcfd1a,-1,0xff
10999,0x0005fd1b,0x67dcfd1b,-2,0xfe
11000,0x0005fd1c,0x67dcfd1c,2,0x02
11001,0x0005fd1d,0x67dcfd1d,1,0x01
11002,0x0005fd1e,0x67dcfd1e,-1,0xff
11003,0x0005fd1f,0x67dcfd1f,-2,0xfe
11004,0x0005fd20,0x67dcfd20,2,0x02
11005,0x0005fd21,0x67dcfd21,2,0x02
11006,0x0005fd22,0x67dcfd22,0,0x00
11007,0x0005fd23,0x67dcfd23,-2,0xfe
11008,0x0005fd24,0x67dcfd24,0,0x00
11009,0x0005fd25,0x67dcfd25,0,0x00
11010,0x0005fd26,0x67dcfd26,0,0x00
11011,0x0005fd27,0x67dcfd27,1,0x01
11012,0x0005fd28,0x67dcfd28,-2,0xfe
11013,0x0005fd29,0x67dcfd29,-2,0xfe
11014,0x0005fd2a,0x67dcfd2a,-1,0xff
11015,0x0005fd2b,0x67dcfd2b,-1,0xff
11016,0x0005fd2c,0x67dcfd2c,-2,0xfe
11017,0x0005fd2d,0x67dcfd2d,-2,0xfe
11018,0x0005fd2e,0x67dcfd2e,-2,0xfe
11019,0x0005fd2f,0x67dcfd2f,-1,0xff
11020,0x0005fd30,0x67dcfd30,-2,0xfe
11021,0x0005fd31,0x67dcfd31,-2,0xfe
11022,0x0005fd32,0x67dcfd32,-1,0xff
11023,0x0005fd33,0x67dcfd33,0,0x00
11024,0x0005fd34,0x67dcfd34,0,0x00
11025,0x0005fd35,0x67dcfd35,0,0x00
11026,0x0005fd36,0x67dcfd36,-1,0xff
11027,0x0005fd37,0x67dcfd37,-2,0xfe
11028,0x0005fd38,0x67dcfd38,-3,0xfd
11029,0x0005fd39,0x67dcfd39,-3,0xfd
11030,0x0005fd3a,0x67dcfd3a,-2,0xfe
11031,0x0005fd3b,0x67dcfd3b,-1,0xff
11032,0x0005fd3c,0x67dcfd3c,-3,0xfd
11033,0x0005fd3d,0x67dcfd3d,-2,0xfe
11034,0x0005fd3e,0x67dcfd3e,2,0x02
11035,0x0005fd3f,0x67dcfd3f,3,0x03
11036,0x0005fd40,0x67dcfd40,-2,0xfe
11037,0x0005fd41,0x67dcfd41,0,0x00
11038,0x0005fd42,0x67dcfd42,4,0x04
11039,0x0005fd43,0x67dcfd43,5,0x05
11040,0x0005fd44,0x67dcfd44,-2,0xfe
11041,0x0005fd45,0x67dcfd45,-1,0xff
11042,0x0005fd46,0x67dcfd46,0,0x00
11043,0x0005fd47,0x67dcfd47,1,0x01
11044,0x0005fd48,0x67dcfd48,-1,0xff
11045,0x0005fd49,0x67dcfd49,-2,0xfe
11046,0x0005fd4a,0x67dcfd4a,-1,0xff
11047,0x0005fd4b,0x67dcfd4b,0,0x00
11048,0x0005fd4c,0x67dcfd4c,2,0x02
11049,0x0005fd4d,0x67dcfd4d,0,0x00
11050,0x0005fd4e,0x67dcfd4e,-1,0xff
11051,0x0005fd4f,0x67dcfd4f,-2,0xfe
11052,0x0005fd50,0x67dcfd50,5,0x05
11053,0x0005fd51,0x67dcfd51,2,0x02
11054,0x0005fd52,0x67dcfd52,0,0x00
11055,0x0005fd53,0x67dcfd53,-1,0xff
11056,0x0005fd54,0x67dcfd54,5,0x05
11057,0x0005fd55,0x67dcfd55,4,0x04
11058,0x0005fd56,0x67dcfd56,2,0x02
11059,0x0005fd57,0x67dcfd57,0,0x00
11060,0x0005fd58,0x67dcfd58,4,0x04
11061,0x0005fd59,0x67dcfd59,3,0x03
11062,0x0005fd5a,0x67dcfd5a,2,0x02
11063,0x0005fd5b,0x67dcfd5b,1,0x01
11064,0x0005fd5c,0x67dcfd5c,1,0x01
11065,0x0005fd5d,0x67dcfd5d,1,0x01
11066,0x0005fd5e,0x67dcfd5e,0,0x00
11067,0x0005fd5f,0x67dcfd5f,1,0x01
11068,0x0005fd60,0x67dcfd60,-2,0xfe
11069,0x0005fd61,0x67dcfd61,-1,0xff
11070,0x0005fd62,0x67dcfd62,-1,0xff
11071,0x0005fd63,0x67dcfd63,0,0x00
11072,0x0005fd64,0x67dcfd64,-1,0xff
11073,0x0005fd65,0x67dcfd65,-2,0xfe
11074,0x0005fd66,0x67dcfd66,-1,0xff
11075,0x0005fd67,0x67dcfd67,-1,0xff
11076,0x0005fd68,0x67dcfd68,0,0x00
11077,0x0005fd69,0x67dcfd69,-1,0xff
11078,0x0005fd6a,0x67dcfd6a,0,0x00
11079,0x0005fd6b,0x67dcfd6b,-1,0xff
11080,0x0005fd6c,0x67dcfd6c,1,0x01
11081,0x0005fd6d,0x67dcfd6d,0,0x00
11082,0x0005fd6e,0x67dcfd6e,1,0x01
11083,0x0005fd6f,0x67dcfd6f,-1,0xff
11084,0x0005fd70,0x67dcfd70,0,0x00
11085,0x0005fd71,0x67dcfd71,-2,0xfe
11086,0x0005fd72,0x67dcfd72,-2,0xfe
11087,0x0005fd73,0x67dcfd73,-3,0xfd
11088,0x0005fd74,0x67dcfd74,-1,0xff
11089,0x0005fd75,0x67dcfd75,0,0x00
11090,0x0005fd76,0x67dcfd76,0,0x00
11091,0x0005fd77,0x67dcfd77,0,0x00
11092,0x0005fd78,0x67dcfd78,0,0x00
11093,0x0005fd79,0x67dcfd79,1,0x01
11094,0x0005fd7a,0x67dcfd7a,1,0x01
11095,0x0005fd7b,0x67dcfd7b,-1,0xff
11096,0x0005fd7c,0x67dcfd7c,-1,0xff
11097,0x0005fd7d,0x67dcfd7d,-1,0xff
11098,0x0005fd7e,0x67dcfd7e,-1,0xff
11099,0x0005fd7f,0x67dcfd7f,-2,0xfe
11100,0x0005fd80,0x67dcfd80,-1,0xff
11101,0x0005fd81,0x67dcfd81,-2,0xfe
11102,0x0005fd82,0x67dcfd82,-2,0xfe
11103,0x0005fd83,0x67dcfd83,-1,0xff
11104,0x0005fd84,0x67dcfd84,-1,0xff
11105,0x0005fd85,0x67dcfd85,-3,0xfd
11106,0x0005fd86,0x67dcfd86,-3,0xfd
11107,0x0005fd87,0x67dcfd87,-5,0xfb
11108,0x0005fd88,0x67dcfd88,-1,0xff
11109,0x0005fd89,0x67dcfd89,-2,0xfe
11110,0x0005fd8a,0x67dcfd8a,-2,0xfe
11111,0x0005fd8b,0x67dcfd8b,-3,0xfd
11112,0x0005fd8c,0x67dcfd8c,-1,0xff
11113,0x0005fd8d,0x67dcfd8d,1,0x01
11114,0x0005fd8e,0x67dcfd8e,3,0x03
11115,0x0005fd8f,0x67dcfd8f,1,0x01
11116,0x0005fd90,0x67dcfd90,2,0x02
11117,0x0005fd91,0x67dcfd91,5,0x05
11118,0x0005fd92,0x67dcfd92,6,0x06
11119,0x0005fd93,0x67dcfd93,5,0x05
11120,0x0005fd94,0x67dcfd94,-3,0xfd
11121,0x0005fd95,0x67dcfd95,-3,0xfd
11122,0x0005fd96,0x67dcfd96,-2,0xfe
11123,0x0005fd97,0x67dcfd97,1,0x01
11124,0x0005fd98,0x67dcfd98,1,0x01
11125,0x0005fd99,0x67dcfd99,2,0x02
11126,0x0005fd9a,0x67dcfd9a,3,0x03
11127,0x0005fd9b,0x67dcfd9b,4,0x04
11128,0x0005fd9c,0x67dcfd9c,3,0x03
11129,0x0005fd9d,0x67dcfd9d,2,0x02
11130,0x0005fd9e,0x67dcfd9e,0,0x00
11131,0x0005fd9f,0x67dcfd9f,1,0x01
11132,0x0005fda0,0x67dcfda0,1,0x01
11133,0x0005fda1,0x67dcfda1,0,0x00
11134,0x0005fda2,0x67dcfda2,-1,0xff
11135,0x0005fda3,0x67dcfda3,0,0x00
11136,0x0005fda4,0x67dcfda4,1,0x01
11137,0x0005fda5,0x67dcfda5,-2,0xfe
11138,0x0005fda6,0x67dcfda6,-1,0xff
11139,0x0005fda7,0x67dcfda7,-1,0xff
11140,0x0005fda8,0x67dcfda8,1,0x01
11141,0x0005fda9,0x67dcfda9,-3,0xfd
11142,0x0005fdaa,0x67dcfdaa,-1,0xff
11143,0x0005fdab,0x67dcfdab,-3,0xfd
11144,0x0005fdac,0x67dcfdac,-1,0xff
11145,0x0005fdad,0x67dcfdad,-3,0xfd
11146,0x0005fdae,0x67dcfdae,-1,0xff
11147,0x0005fdaf,0x67dcfdaf,-3,0xfd
11148,0x0005fdb0,0x67dcfdb0,-1,0xff
11149,0x0005fdb1,0x67dcfdb1,-1,0xff
11150,0x0005fdb2,0x67dcfdb2,1,0x01
11151,0x0005fdb3,0x67dcfdb3,0,0x00
11152,0x0005fdb4,0x67dcfdb4,1,0x01
11153,0x0005fdb5,0x67dcfdb5,1,0x01
11154,0x0005fdb6,0x67dcfdb6,0,0x00
11155,0x0005fdb7,0x67dcfdb7,1,0x01
11156,0x0005fdb8,0x67dcfdb8,1,0x01
11157,0x0005fdb9,0x67dcfdb9,1,0x01
11158,0x0005fdba,0x67dcfdba,1,0x01
11159,0x0005fdbb,0x67dcfdbb,2,0x02
11160,0x0005fdbc,0x67dcfdbc,-3,0xfd
11161,0x0005fdbd,0x67dcfdbd,-1,0xff
11162,0x0005fdbe,0x67dcfdbe,-2,0xfe
11163,0x0005fdbf,0x67dcfdbf,-2,0xfe
11164,0x0005fdc0,0x67dcfdc0,-1,0xff
11165,0x0005fdc1,0x67dcfdc1,1,0x01
11166,0x0005fdc2,0x67dcfdc2,1,0x01
11167,0x0005fdc3,0x67dcfdc3,0,0x00
11168,0x0005fdc4,0x67dcfdc4,2,0x02
11169,0x0005fdc5,0x67dcfdc5,2,0x02
11170,0x0005fdc6,0x67dcfdc6,5,0x05
11171,0x0005fdc7,0x67dcfdc7,3,0x03
11172,0x0005fdc8,0x67dcfdc8,2,0x02
11173,0x0005fdc9,0x67dcfdc9,2,0x02
11174,0x0005fdca,0x67dcfdca,3,0x03
11175,0x0005fdcb,0x67dcfdcb,0,0x00
11176,0x0005fdcc,0x67dcfdcc,-3,0xfd
11177,0x0005fdcd,0x67dcfdcd,-3,0xfd
11178,0x0005fdce,0x67dcfdce,-1,0xff
11179,0x0005fdcf,0x67dcfdcf,-3,0xfd
11180,0x0005fdd0,0x67dcfdd0,-1,0xff
11181,0x0005fdd1,0x67dcfdd1,-1,0xff
11182,0x0005fdd2,0x67dcfdd2,0,0x00
11183,0x0005fdd3,0x67dcfdd3,-2,0xfe
11184,0x0005fdd4,0x67dcfdd4,2,0x02
11185,0x0005fdd5,0x67dcfdd5,0,0x00
11186,0x0005fdd6,0x67dcfdd6,-2,0xfe
11187,0x0005fdd7,0x67dcfdd7,-2,0xfe
11188,0x0005fdd8,0x67dcfdd8,1,0x01
11189,0x0005fdd9,0x67dcfdd9,0,0x00
11190,0x0005fdda,0x67dcfdda,-2,0xfe
11191,0x0005fddb,0x67dcfddb,-1,0xff
11192,0x0005fddc,0x67dcfddc,-1,0xff
11193,0x0005fddd,0x67dcfddd,-2,0xfe
11194,0x0005fdde,0x67dcfdde,-3,0xfd
11195,0x0005fddf,0x67dcfddf,-2,0xfe
11196,0x0005fde0,0x67dcfde0,-1,0xff
11197,0x0005fde1,0x67dcfde1,-2,0xfe
11198,0x0005fde2,0x67dcfde2,-1,0xff
11199,0x0005fde3,0x67dcfde3,-1,0xff
11200,0x0005fde4,0x67dcfde4,2,0x02
11201,0x0005fde5,0x67dcfde5,4,0x04
11202,0x0005fde6,0x67dcfde6,1,0x01
11203,0x0005fde7,0x67dcfde7,-2,0xfe
11204,0x0005fde8,0x67dcfde8,3,0x03
11205,0x0005fde9,0x67dcfde9,5,0x05
11206,0x0005fdea,0x67dcfdea,2,0x02
11207,0x0005fdeb,0x67dcfdeb,-1,0xff
11208,0x0005fdec,0x67dcfdec,1,0x01
11209,0x0005fded,0x67dcfded,3,0x03
11210,0x0005fdee,0x67dcfdee,1,0x01
11211,0x0005fdef,0x67dcfdef,-2,0xfe
11212,0x0005fdf0,0x67dcfdf0,0,0x00
11213,0x0005fdf1,0x67dcfdf1,2,0x02
11214,0x0005fdf2,0x67dcfdf2,1,0x01
11215,0x0005fdf3,0x67dcfdf3,-1,0xff
11216,0x0005fdf4,0x67dcfdf4,0,0x00
11217,0x0005fdf5,0x67dcfdf5,0,0x00
11218,0x0005fdf6,0x67dcfdf6,1,0x01
11219,0x0005fdf7,0x67dcfdf7,1,0x01
11220,0x0005fdf8,0x67dcfdf8,0,0x00
11221,0x0005fdf9,0x67dcfdf9,1,0x01
11222,0x0005fdfa,0x67dcfdfa,4,0x04
11223,0x0005fdfb,0x67dcfdfb,4,0x04
11224,0x0005fdfc,0x67dcfdfc,-2,0xfe
11225,0x0005fdfd,0x67dcfdfd,-1,0xff
11226,0x0005fdfe,0x67dcfdfe,2,0x02
11227,0x0005fdff,0x67dcfdff,1,0x01
11228,0x0005fe00,0x67dcfe00,-1,0xff
11229,0x0005fe01,0x67dcfe01,0,0x00
11230,0x0005fe02,0x67dcfe02,1,0x01
11231,0x0005fe03,0x67dcfe03,0,0x00
11232,0x0005fe04,0x67dcfe04,1,0x01
11233,0x0005fe05,0x67dcfe05,2,0x02
11234,0x0005fe06,0x67dcfe06,2,0x02
11235,0x0005fe07,0x67dcfe07,0,0x00
11236,0x0005fe08,0x67dcfe08,2,0x02
11237,0x0005fe09,0x67dcfe09,2,0x02
11238,0x0005fe0a,0x67dcfe0a,3,0x03
11239,0x0005fe0b,0x67dcfe0b,1,0x01
11240,0x0005fe0c,0x67dcfe0c,-2,0xfe
11241,0x0005fe0d,0x67dcfe0d,-3,0xfd
11242,0x0005fe0e,0x67dcfe0e,-2,0xfe
11243,0x0005fe0f,0x67dcfe0f,-3,0xfd
11244,0x0005fe10,0x67dcfe10,-3,0xfd
11245,0x0005fe11,0x67dcfe11,-4,0xfc
11246,0x0005fe12,0x67dcfe12,-4,0xfc
11247,0x0005fe13,0x67dcfe13,-5,0xfb
11248,0x0005fe14,0x67dcfe14,4,0x04
11249,0x0005fe15,0x67dcfe15,0,0x00
11250,0x0005fe16,0x67dcfe16,-3,0xfd
11251,0x0005fe17,0x67dcfe17,-4,0xfc
11252,0x0005fe18,0x67dcfe18,5,0x05
11253,0x0005fe19,0x67dcfe19,0,0x00
11254,0x0005fe1a,0x67dcfe1a,-1,0xff
11255,0x0005fe1b,0x67dcfe1b,0,0x00
11256,0x0005fe1c,0x67dcfe1c,4,0x04
11257,0x0005fe1d,0x67dcfe1d,0,0x00
11258,0x0005fe1e,0x67dcfe1e,0,0x00
11259,0x0005fe1f,0x67dcfe1f,1,0x01
11260,0x0005fe20,0x67dcfe20,0,0x00
11261,0x0005fe21,0x67dcfe21,-3,0xfd
11262,0x0005fe22,0x67dcfe22,-2,0xfe
11263,0x0005fe23,0x67dcfe23,-1,0xff
11264,0x0005fe24,0x67dcfe24,-4,0xfc
11265,0x0005fe25,0x67dcfe25,-4,0xfc
11266,0x0005fe26,0x67dcfe26,-2,0xfe
11267,0x0005fe27,0x67dcfe27,-1,0xff
11268,0x0005fe28,0x67dcfe28,-1,0xff
11269,0x0005fe29,0x67dcfe29,-3,0xfd
11270,0x0005fe2a,0x67dcfe2a,-2,0xfe
11271,0x0005fe2b,0x67dcfe2b,-1,0xff
11272,0x0005fe2c,0x67dcfe2c,1,0x01
11273,0x0005fe2d,0x67dcfe2d,0,0x00
11274,0x0005fe2e,0x67dcfe2e,0,0x00
11275,0x0005fe2f,0x67dcfe2f,0,0x00
11276,0x0005fe30,0x67dcfe30,0,0x00
11277,0x0005fe31,0x67dcfe31,0,0x00
11278,0x0005fe32,0x67dcfe32,1,0x01
11279,0x0005fe33,0x67dcfe33,0,0x00
11280,0x0005fe34,0x67dcfe34,0,0x00
11281,0x0005fe35,0x67dcfe35,-2,0xfe
11282,0x0005fe36,0x67dcfe36,0,0x00
11283,0x0005fe37,0x67dcfe37,0,0x00
11284,0x0005fe38,0x67dcfe38,2,0x02
11285,0x0005fe39,0x67dcfe39,0,0x00
11286,0x0005fe3a,0x67dcfe3a,0,0x00
11287,0x0005fe3b,0x67dcfe3b,0,0x00
11288,0x0005fe3c,0x67dcfe3c,2,0x02
11289,0x0005fe3d,0x67dcfe3d,0,0x00
11290,0x0005fe3e,0x67dcfe3e,-1,0xff
11291,0x0005fe3f,0x67dcfe3f,-1,0xff
11292,0x0005fe40,0x67dcfe40,1,0x01
11293,0x0005fe41,0x67dcfe41,-1,0xff
11294,0x0005fe42,0x67dcfe42,-2,0xfe
11295,0x0005fe43,0x67dcfe43,-2,0xfe
11296,0x0005fe44,0x67dcfe44,1,0x01
11297,0x0005fe45,0x67dcfe45,1,0x01
11298,0x0005fe46,0x67dcfe46,2,0x02
11299,0x0005fe47,0x67dcfe47,1,0x01
11300,0x0005fe48,0x67dcfe48,1,0x01
11301,0x0005fe49,0x67dcfe49,1,0x01
11302,0x0005fe4a,0x67dcfe4a,1,0x01
11303,0x0005fe4b,0x67dcfe4b,0,0x00
11304,0x0005fe4c,0x67dcfe4c,1,0x01
11305,0x0005fe4d,0x67dcfe4d,1,0x01
11306,0x0005fe4e,0x67dcfe4e,1,0x01
11307,0x0005fe4f,0x67dcfe4f,0,0x00
11308,0x0005fe50,0x67dcfe50,0,0x00
11309,0x0005fe51,0x67dcfe51,2,0x02
11310,0x0005fe52,0x67dcfe52,2,0x02
11311,0x0005fe53,0x67dcfe53,2,0x02
11312,0x0005fe54,0x67dcfe54,-3,0xfd
11313,0x0005fe55,0x67dcfe55,-5,0xfb
11314,0x0005fe56,0x67dcfe56,-2,0xfe
11315,0x0005fe57,0x67dcfe57,0,0x00
11316,0x0005fe58,0x67dcfe58,0,0x00
11317,0x0005fe59,0x67dcfe59,-2,0xfe
11318,0x0005fe5a,0x67dcfe5a,0,0x00
11319,0x0005fe5b,0x67dcfe5b,2,0x02
11320,0x0005fe5c,0x67dcfe5c,2,0x02
11321,0x0005fe5d,0x67dcfe5d,-1,0xff
11322,0x0005fe5e,0x67dcfe5e,-2,0xfe
11323,0x0005fe5f,0x67dcfe5f,0,0x00
11324,0x0005fe60,0x67dcfe60,5,0x05
11325,0x0005fe61,0x67dcfe61,2,0x02
11326,0x0005fe62,0x67dcfe62,-1,0xff
11327,0x0005fe63,0x67dcfe63,-1,0xff
11328,0x0005fe64,0x67dcfe64,-1,0xff
11329,0x0005fe65,0x67dcfe65,-3,0xfd
11330,0x0005fe66,0x67dcfe66,-3,0xfd
11331,0x0005fe67,0x67dcfe67,0,0x00
11332,0x0005fe68,0x67dcfe68,2,0x02
11333,0x0005fe69,0x67dcfe69,0,0x00
11334,0x0005fe6a,0x67dcfe6a,0,0x00
11335,0x0005fe6b,0x67dcfe6b,3,0x03
11336,0x0005fe6c,0x67dcfe6c,0,0x00
11337,0x0005fe6d,0x67dcfe6d,-1,0xff
11338,0x0005fe6e,0x67dcfe6e,-1,0xff
11339,0x0005fe6f,0x67dcfe6f,2,0x02
11340,0x0005fe70,0x67dcfe70,-1,0xff
11341,0x0005fe71,0x67dcfe71,-1,0xff
11342,0x0005fe72,0x67dcfe72,-1,0xff
11343,0x0005fe73,0x67dcfe73,2,0x02
11344,0x0005fe74,0x67dcfe74,5,0x05
11345,0x0005fe75,0x67dcfe75,2,0x02
11346,0x0005fe76,0x67dcfe76,0,0x00
11347,0x0005fe77,0x67dcfe77,-1,0xff
11348,0x0005fe78,0x67dcfe78,2,0x02
11349,0x0005fe79,0x67dcfe79,1,0x01
11350,0x0005fe7a,0x67dcfe7a,0,0x00
11351,0x0005fe7b,0x67dcfe7b,0,0x00
11352,0x0005fe7c,0x67dcfe7c,-1,0xff
11353,0x0005fe7d,0x67dcfe7d,-1,0xff
11354,0x0005fe7e,0x67dcfe7e,1,0x01
11355,0x0005fe7f,0x67dcfe7f,1,0x01
11356,0x0005fe80,0x67dcfe80,-3,0xfd
11357,0x0005fe81,0x67dcfe81,-2,0xfe
11358,0x0005fe82,0x67dcfe82,0,0x00
11359,0x0005fe83,0x67dcfe83,0,0x00
11360,0x0005fe84,0x67dcfe84,-1,0xff
11361,0x0005fe85,0x67dcfe85,0,0x00
11362,0x0005fe86,0x67dcfe86,-1,0xff
11363,0x0005fe87,0x67dcfe87,2,0x02
11364,0x0005fe88,0x67dcfe88,0,0x00
11365,0x0005fe89,0x67dcfe89,1,0x01
11366,0x0005fe8a,0x67dcfe8a,0,0x00
11367,0x0005fe8b,0x67dcfe8b,2,0x02
11368,0x0005fe8c,0x67dcfe8c,2,0x02
11369,0x0005fe8d,0x67dcfe8d,2,0x02
11370,0x0005fe8e,0x67dcfe8e,1,0x01
11371,0x0005fe8f,0x67dcfe8f,2,0x02
11372,0x0005fe90,0x67dcfe90,0,0x00
11373,0x0005fe91,0x67dcfe91,0,0x00
11374,0x0005fe92,0x67dcfe92,-2,0xfe
11375,0x0005fe93,0x67dcfe93,-1,0xff
11376,0x0005fe94,0x67dcfe94,0,0x00
11377,0x0005fe95,0x67dcfe95,3,0x03
11378,0x0005fe96,0x67dcfe96,2,0x02
11379,0x0005fe97,0x67dcfe97,0,0x00
11380,0x0005fe98,0x67dcfe98,0,0x00
11381,0x0005fe99,0x67dcfe99,3,0x03
11382,0x0005fe9a,0x67dcfe9a,3,0x03
11383,0x0005fe9b,0x67dcfe9b,1,0x01
11384,0x0005fe9c,0x67dcfe9c,-1,0xff
11385,0x0005fe9d,0x67dcfe9d,0,0x00
11386,0x0005fe9e,0x67dcfe9e,-1,0xff
11387,0x0005fe9f,0x67dcfe9f,-2,0xfe
11388,0x0005fea0,0x67dcfea0,-1,0xff
11389,0x0005fea1,0x67dcfea1,0,0x00
11390,0x0005fea2,0x67dcfea2,-1,0xff
11391,0x0005fea3,0x67dcfea3,-2,0xfe
11392,0x0005fea4,0x67dcfea4,-2,0xfe
11393,0x0005fea5,0x67dcfea5,-3,0xfd
11394,0x0005fea6,0x67dcfea6,-3,0xfd
11395,0x0005fea7,0x67dcfea7,-3,0xfd
11396,0x0005fea8,0x67dcfea8,0,0x00
11397,0x0005fea9,0x67dcfea9,0,0x00
11398,0x0005feaa,0x67dcfeaa,1,0x01
11399,0x0005feab,0x67dcfeab,2,0x02
11400,0x0005feac,0x67dcfeac,-1,0xff
11401,0x0005fead,0x67dcfead,-1,0xff
11402,0x0005feae,0x67dcfeae,1,0x01
11403,0x0005feaf,0x67dcfeaf,3,0x03
11404,0x0005feb0,0x67dcfeb0,-1,0xff
11405,0x0005feb1,0x67dcfeb1,-1,0xff
11406,0x0005feb2,0x67dcfeb2,0,0x00
11407,0x0005feb3,0x67dcfeb3,2,0x02
11408,0x0005feb4,0x67dcfeb4,-1,0xff
11409,0x0005feb5,0x67dcfeb5,0,0x00
11410,0x0005feb6,0x67dcfeb6,-1,0xff
11411,0x0005feb7,0x67dcfeb7,-2,0xfe
11412,0x0005feb8,0x67dcfeb8,-1,0xff
11413,0x0005feb9,0x67dcfeb9,0,0x00
11414,0x0005feba,0x67dcfeba,-1,0xff
11415,0x0005febb,0x67dcfebb,-2,0xfe
11416,0x0005febc,0x67dcfebc,0,0x00
11417,0x0005febd,0x67dcfebd,1,0x01
11418,0x0005febe,0x67dcfebe,0,0x00
11419,0x0005febf,0x67dcfebf,-3,0xfd
11420,0x0005fec0,0x67dcfec0,5,0x05
11421,0x0005fec1,0x67dcfec1,5,0x05
11422,0x0005fec2,0x67dcfec2,2,0x02
11423,0x0005fec3,0x67dcfec3,-1,0xff
11424,0x0005fec4,0x67dcfec4,0,0x00
11425,0x0005fec5,0x67dcfec5,0,0x00
11426,0x0005fec6,0x67dcfec6,-1,0xff
11427,0x0005fec7,0x67dcfec7,2,0x02
11428,0x0005fec8,0x67dcfec8,-1,0xff
11429,0x0005fec9,0x67dcfec9,-1,0xff
11430,0x0005feca,0x67dcfeca,-2,0xfe
11431,0x0005fecb,0x67dcfecb,1,0x01
11432,0x0005fecc,0x67dcfecc,-1,0xff
11433,0x0005fecd,0x67dcfecd,-1,0xff
11434,0x0005fece,0x67dcfece,-1,0xff
11435,0x0005fecf,0x67dcfecf,2,0x02
11436,0x0005fed0,0x67dcfed0,-1,0xff
11437,0x0005fed1,0x67dcfed1,-1,0xff
11438,0x0005fed2,0x67dcfed2,1,0x01
11439,0x0005fed3,0x67dcfed3,3,0x03
11440,0x0005fed4,0x67dcfed4,0,0x00
11441,0x0005fed5,0x67dcfed5,0,0x00
11442,0x0005fed6,0x67dcfed6,1,0x01
11443,0x0005fed7,0x67dcfed7,-1,0xff
11444,0x0005fed8,0x67dcfed8,1,0x01
11445,0x0005fed9,0x67dcfed9,1,0x01
11446,0x0005feda,0x67dcfeda,3,0x03
11447,0x0005fedb,0x67dcfedb,0,0x00
11448,0x0005fedc,0x67dcfedc,1,0x01
11449,0x0005fedd,0x67dcfedd,1,0x01
11450,0x0005fede,0x67dcfede,3,0x03
11451,0x0005fedf,0x67dcfedf,1,0x01
11452,0x0005fee0,0x67dcfee0,0,0x00
11453,0x0005fee1,0x67dcfee1,-1,0xff
11454,0x0005fee2,0x67dcfee2,2,0x02
11455,0x0005fee3,0x67dcfee3,1,0x01
11456,0x0005fee4,0x67dcfee4,-3,0xfd
11457,0x0005fee5,0x67dcfee5,-2,0xfe
11458,0x0005fee6,0x67dcfee6,0,0x00
11459,0x0005fee7,0x67dcfee7,2,0x02
11460,0x0005fee8,0x67dcfee8,-2,0xfe
11461,0x0005fee9,0x67dcfee9,-2,0xfe
11462,0x0005feea,0x67dcfeea,0,0x00
11463,0x0005feeb,0x67dcfeeb,1,0x01
11464,0x0005feec,0x67dcfeec,0,0x00
11465,0x0005feed,0x67dcfeed,0,0x00
11466,0x0005feee,0x67dcfeee,-1,0xff
11467,0x0005feef,0x67dcfeef,-1,0xff
11468,0x0005fef0,0x67dcfef0,1,0x01
11469,0x0005fef1,0x67dcfef1,0,0x00
11470,0x0005fef2,0x67dcfef2,-1,0xff
11471,0x0005fef3,0x67dcfef3,-3,0xfd
11472,0x0005fef4,0x67dcfef4,-1,0xff
11473,0x0005fef5,0x67dcfef5,-2,0xfe
11474,0x0005fef6,0x67dcfef6,1,0x01
11475,0x0005fef7,0x67dcfef7,1,0x01
11476,0x0005fef8,0x67dcfef8,-1,0xff
11477,0x0005fef9,0x67dcfef9,0,0x00
11478,0x0005fefa,0x67dcfefa,2,0x02
11479,0x0005fefb,0x67dcfefb,1,0x01
11480,0x0005fefc,0x67dcfefc,1,0x01
11481,0x0005fefd,0x67dcfefd,1,0x01
11482,0x0005fefe,0x67dcfefe,3,0x03
11483,0x0005feff,0x67dcfeff,2,0x02
11484,0x0005ff00,0x67dcff00,2,0x02
11485,0x0005ff01,0x67dcff01,2,0x02
11486,0x0005ff02,0x67dcff02,4,0x04
11487,0x0005ff03,0x67dcff03,2,0x02
11488,0x0005ff04,0x67dcff04,1,0x01
11489,0x0005ff05,0x67dcff05,0,0x00
11490,0x0005ff06,0x67dcff06,-2,0xfe
11491,0x0005ff07,0x67dcff07,-4,0xfc
11492,0x0005ff08,0x67dcff08,1,0x01
11493,0x0005ff09,0x67dcff09,0,0x00
11494,0x0005ff0a,0x67dcff0a,-1,0xff
11495,0x0005ff0b,0x67dcff0b,-3,0xfd
11496,0x0005ff0c,0x67dcff0c,1,0x01
11497,0x0005ff0d,0x67dcff0d,0,0x00
11498,0x0005ff0e,0x67dcff0e,-2,0xfe
11499,0x0005ff0f,0x67dcff0f,-3,0xfd
11500,0x0005ff10,0x67dcff10,1,0x01
11501,0x0005ff11,0x67dcff11,-1,0xff
11502,0x0005ff12,0x67dcff12,-2,0xfe
11503,0x0005ff13,0x67dcff13,-4,0xfc
11504,0x0005ff14,0x67dcff14,1,0x01
11505,0x0005ff15,0x67dcff15,2,0x02
11506,0x0005ff16,0x67dcff16,2,0x02
11507,0x0005ff17,0x67dcff17,2,0x02
11508,0x0005ff18,0x67dcff18,-1,0xff
11509,0x0005ff19,0x67dcff19,-1,0xff
11510,0x0005ff1a,0x67dcff1a,-2,0xfe
11511,0x0005ff1b,0x67dcff1b,-3,0xfd
11512,0x0005ff1c,0x67dcff1c,0,0x00
11513,0x0005ff1d,0x67dcff1d,1,0x01
11514,0x0005ff1e,0x67dcff1e,1,0x01
11515,0x0005ff1f,0x67dcff1f,0,0x00
11516,0x0005ff20,0x67dcff20,0,0x00
11517,0x0005ff21,0x67dcff21,1,0x01
11518,0x0005ff22,0x67dcff22,1,0x01
11519,0x0005ff23,0x67dcff23,1,0x01
11520,0x0005ff24,0x67dcff24,0,0x00
11521,0x0005ff25,0x67dcff25,-2,0xfe
11522,0x0005ff26,0x67dcff26,0,0x00
11523,0x0005ff27,0x67dcff27,2,0x02
11524,0x0005ff28,0x67dcff28,-4,0xfc
11525,0x0005ff29,0x67dcff29,-5,0xfb
11526,0x0005ff2a,0x67dcff2a,-3,0xfd
11527,0x0005ff2b,0x67dcff2b,1,0x01
11528,0x0005ff2c,0x67dcff2c,-1,0xff
11529,0x0005ff2d,0x67dcff2d,-1,0xff
11530,0x0005ff2e,0x67dcff2e,-1,0xff
11531,0x0005ff2f,0x67dcff2f,1,0x01
11532,0x0005ff30,0x67dcff30,0,0x00
11533,0x0005ff31,0x67dcff31,0,0x00
11534,0x0005ff32,0x67dcff32,0,0x00
11535,0x0005ff33,0x67dcff33,2,0x02
11536,0x0005ff34,0x67dcff34,0,0x00
11537,0x0005ff35,0x67dcff35,1,0x01
11538,0x0005ff36,0x67dcff36,1,0x01
11539,0x0005ff37,0x67dcff37,2,0x02
11540,0x0005ff38,0x67dcff38,-1,0xff
11541,0x0005ff39,0x67dcff39,-1,0xff
11542,0x0005ff3a,0x67dcff3a,0,0x00
11543,0x0005ff3b,0x67dcff3b,2,0x02
11544,0x0005ff3c,0x67dcff3c,-2,0xfe
11545,0x0005ff3d,0x67dcff3d,-4,0xfc
11546,0x0005ff3e,0x67dcff3e,-4,0xfc
11547,0x0005ff3f,0x67dcff3f,-1,0xff
11548,0x0005ff40,0x67dcff40,1,0x01
11549,0x0005ff41,0x67dcff41,0,0x00
11550,0x0005ff42,0x67dcff42,0,0x00
11551,0x0005ff43,0x67dcff43,1,0x01
11552,0x0005ff44,0x67dcff44,1,0x01
11553,0x0005ff45,0x67dcff45,1,0x01
11554,0x0005ff46,0x67dcff46,1,0x01
11555,0x0005ff47,0x67dcff47,2,0x02
11556,0x0005ff48,0x67dcff48,2,0x02
11557,0x0005ff49,0x67dcff49,2,0x02
11558,0x0005ff4a,0x67dcff4a,2,0x02
11559,0x0005ff4b,0x67dcff4b,3,0x03
11560,0x0005ff4c,0x67dcff4c,-2,0xfe
11561,0x0005ff4d,0x67dcff4d,-2,0xfe
11562,0x0005ff4e,0x67dcff4e,-2,0xfe
11563,0x0005ff4f,0x67dcff4f,0,0x00
11564,0x0005ff50,0x67dcff50,0,0x00
11565,0x0005ff51,0x67dcff51,0,0x00
11566,0x0005ff52,0x67dcff52,0,0x00
11567,0x0005ff53,0x67dcff53,1,0x01
11568,0x0005ff54,0x67dcff54,0,0x00
11569,0x0005ff55,0x67dcff55,-1,0xff
11570,0x0005ff56,0x67dcff56,-3,0xfd
11571,0x0005ff57,0x67dcff57,-2,0xfe
11572,0x0005ff58,0x67dcff58,0,0x00
11573,0x0005ff59,0x67dcff59,-1,0xff
11574,0x0005ff5a,0x67dcff5a,-2,0xfe
11575,0x0005ff5b,0x67dcff5b,-3,0xfd
11576,0x0005ff5c,0x67dcff5c,1,0x01
11577,0x0005ff5d,0x67dcff5d,0,0x00
11578,0x0005ff5e,0x67dcff5e,-2,0xfe
11579,0x0005ff5f,0x67dcff5f,-3,0xfd
11580,0x0005ff60,0x67dcff60,-1,0xff
11581,0x0005ff61,0x67dcff61,0,0x00
11582,0x0005ff62,0x67dcff62,-1,0xff
11583,0x0005ff63,0x67dcff63,-2,0xfe
11584,0x0005ff64,0x67dcff64,0,0x00
11585,0x0005ff65,0x67dcff65,2,0x02
11586,0x0005ff66,0x67dcff66,2,0x02
11587,0x0005ff67,0x67dcff67,1,0x01
11588,0x0005ff68,0x67dcff68,0,0x00
11589,0x0005ff69,0x67dcff69,1,0x01
11590,0x0005ff6a,0x67dcff6a,1,0x01
11591,0x0005ff6b,0x67dcff6b,2,0x02
11592,0x0005ff6c,0x67dcff6c,-1,0xff
11593,0x0005ff6d,0x67dcff6d,0,0x00
11594,0x0005ff6e,0x67dcff6e,0,0x00
11595,0x0005ff6f,0x67dcff6f,1,0x01
11596,0x0005ff70,0x67dcff70,0,0x00
11597,0x0005ff71,0x67dcff71,0,0x00
11598,0x0005ff72,0x67dcff72,-1,0xff
11599,0x0005ff73,0x67dcff73,0,0x00
11600,0x0005ff74,0x67dcff74,-1,0xff
11601,0x0005ff75,0x67dcff75,1,0x01
11602,0x0005ff76,0x67dcff76,1,0x01
11603,0x0005ff77,0x67dcff77,0,0x00
11604,0x0005ff78,0x67dcff78,0,0x00
11605,0x0005ff79,0x67dcff79,2,0x02
11606,0x0005ff7a,0x67dcff7a,3,0x03
11607,0x0005ff7b,0x67dcff7b,1,0x01
11608,0x0005ff7c,0x67dcff7c,-1,0xff
11609,0x0005ff7d,0x67dcff7d,1,0x01
11610,0x0005ff7e,0x67dcff7e,1,0x01
11611,0x0005ff7f,0x67dcff7f,-2,0xfe
11612,0x0005ff80,0x67dcff80,-1,0xff
11613,0x0005ff81,0x67dcff81,0,0x00
11614,0x0005ff82,0x67dcff82,0,0x00
11615,0x0005ff83,0x67dcff83,-4,0xfc
11616,0x0005ff84,0x67dcff84,2,0x02
11617,0x0005ff85,0x67dcff85,2,0x02
11618,0x0005ff86,0x67dcff86,0,0x00
11619,0x0005ff87,0x67dcff87,0,0x00
11620,0x0005ff88,0x67dcff88,3,0x03
11621,0x0005ff89,0x67dcff89,5,0x05
11622,0x0005ff8a,0x67dcff8a,3,0x03
11623,0x0005ff8b,0x67dcff8b,2,0x02
11624,0x0005ff8c,0x67dcff8c,0,0x00
11625,0x0005ff8d,0x67dcff8d,3,0x03
11626,0x0005ff8e,0x67dcff8e,1,0x01
11627,0x0005ff8f,0x67dcff8f,1,0x01
11628,0x0005ff90,0x67dcff90,-4,0xfc
11629,0x0005ff91,0x67dcff91,-1,0xff
11630,0x0005ff92,0x67dcff92,-1,0xff
11631,0x0005ff93,0x67dcff93,-1,0xff
11632,0x0005ff94,0x67dcff94,-1,0xff
11633,0x0005ff95,0x67dcff95,1,0x01
11634,0x0005ff96,0x67dcff96,1,0x01
11635,0x0005ff97,0x67dcff97,0,0x00
11636,0x0005ff98,0x67dcff98,-3,0xfd
11637,0x0005ff99,0x67dcff99,0,0x00
11638,0x0005ff9a,0x67dcff9a,1,0x01
11639,0x0005ff9b,0x67dcff9b,0,0x00
11640,0x0005ff9c,0x67dcff9c,-5,0xfb
11641,0x0005ff9d,0x67dcff9d,-3,0xfd
11642,0x0005ff9e,0x67dcff9e,-1,0xff
11643,0x0005ff9f,0x67dcff9f,-1,0xff
11644,0x0005ffa0,0x67dcffa0,-4,0xfc
11645,0x0005ffa1,0x67dcffa1,-3,0xfd
11646,0x0005ffa2,0x67dcffa2,-2,0xfe
11647,0x0005ffa3,0x67dcffa3,-3,0xfd
11648,0x0005ffa4,0x67dcffa4,1,0x01
11649,0x0005ffa5,0x67dcffa5,2,0x02
11650,0x0005ffa6,0x67dcffa6,1,0x01
11651,0x0005ffa7,0x67dcffa7,2,0x02
11652,0x0005ffa8,0x67dcffa8,1,0x01
11653,0x0005ffa9,0x67dcffa9,1,0x01
11654,0x0005ffaa,0x67dcffaa,0,0x00
11655,0x0005ffab,0x67dcffab,2,0x02
11656,0x0005ffac,0x67dcffac,0,0x00
11657,0x0005ffad,0x67dcffad,1,0x01
11658,0x0005ffae,0x67dcffae,0,0x00
11659,0x0005ffaf,0x67dcffaf,1,0x01
11660,0x0005ffb0,0x67dcffb0,-2,0xfe
11661,0x0005ffb1,0x67dcffb1,-1,0xff
11662,0x0005ffb2,0x67dcffb2,-1,0xff
11663,0x0005ffb3,0x67dcffb3,0,0x00
11664,0x0005ffb4,0x67dcffb4,0,0x00
11665,0x0005ffb5,0x67dcffb5,0,0x00
11666,0x0005ffb6,0x67dcffb6,-1,0xff
11667,0x0005ffb7,0x67dcffb7,-2,0xfe
11668,0x0005ffb8,0x67dcffb8,3,0x03
11669,0x0005ffb9,0x67dcffb9,4,0x04
11670,0x0005ffba,0x67dcffba,2,0x02
11671,0x0005ffbb,0x67dcffbb,0,0x00
11672,0x0005ffbc,0x67dcffbc,2,0x02
11673,0x0005ffbd,0x67dcffbd,1,0x01
11674,0x0005ffbe,0x67dcffbe,0,0x00
11675,0x0005ffbf,0x67dcffbf,0,0x00
11676,0x0005ffc0,0x67dcffc0,0,0x00
11677,0x0005ffc1,0x67dcffc1,1,0x01
11678,0x0005ffc2,0x67dcffc2,2,0x02
11679,0x0005ffc3,0x67dcffc3,3,0x03
11680,0x0005ffc4,0x67dcffc4,-2,0xfe
11681,0x0005ffc5,0x67dcffc5,-2,0xfe
11682,0x0005ffc6,0x67dcffc6,-2,0xfe
11683,0x0005ffc7,0x67dcffc7,0,0x00
11684,0x0005ffc8,0x67dcffc8,0,0x00
11685,0x0005ffc9,0x67dcffc9,0,0x00
11686,0x0005ffca,0x67dcffca,0,0x00
11687,0x0005ffcb,0x67dcffcb,1,0x01
11688,0x0005ffcc,0x67dcffcc,0,0x00
11689,0x0005ffcd,0x67dcffcd,0,0x00
11690,0x0005ffce,0x67dcffce,-1,0xff
11691,0x0005ffcf,0x67dcffcf,0,0x00
11692,0x0005ffd0,0x67dcffd0,4,0x04
11693,0x0005ffd1,0x67dcffd1,4,0x04
11694,0x0005ffd2,0x67dcffd2,3,0x03
11695,0x0005ffd3,0x67dcffd3,2,0x02
11696,0x0005ffd4,0x67dcffd4,-1,0xff
11697,0x0005ffd5,0x67dcffd5,4,0x04
11698,0x0005ffd6,0x67dcffd6,7,0x07
11699,0x0005ffd7,0x67dcffd7,4,0x04
11700,0x0005ffd8,0x67dcffd8,-1,0xff
11701,0x0005ffd9,0x67dcffd9,4,0x04
11702,0x0005ffda,0x67dcffda,6,0x06
11703,0x0005ffdb,0x67dcffdb,3,0x03
11704,0x0005ffdc,0x67dcffdc,0,0x00
11705,0x0005ffdd,0x67dcffdd,3,0x03
11706,0x0005ffde,0x67dcffde,4,0x04
11707,0x0005ffdf,0x67dcffdf,0,0x00
11708,0x0005ffe0,0x67dcffe0,0,0x00
11709,0x0005ffe1,0x67dcffe1,1,0x01
11710,0x0005ffe2,0x67dcffe2,1,0x01
11711,0x0005ffe3,0x67dcffe3,-2,0xfe
11712,0x0005ffe4,0x67dcffe4,0,0x00
11713,0x0005ffe5,0x67dcffe5,0,0x00
11714,0x0005ffe6,0x67dcffe6,0,0x00
11715,0x0005ffe7,0x67dcffe7,0,0x00
11716,0x0005ffe8,0x67dcffe8,0,0x00
11717,0x0005ffe9,0x67dcffe9,1,0x01
11718,0x0005ffea,0x67dcffea,1,0x01
11719,0x0005ffeb,0x67dcffeb,1,0x01
11720,0x0005ffec,0x67dcffec,-1,0xff
11721,0x0005ffed,0x67dcffed,0,0x00
11722,0x0005ffee,0x67dcffee,0,0x00
11723,0x0005ffef,0x67dcffef,1,0x01
11724,0x0005fff0,0x67dcfff0,-1,0xff
11725,0x0005fff1,0x67dcfff1,0,0x00
11726,0x0005fff2,0x67dcfff2,-1,0xff
11727,0x0005fff3,0x67dcfff3,-1,0xff
11728,0x0005fff4,0x67dcfff4,-1,0xff
11729,0x0005fff5,0x67dcfff5,0,0x00
11730,0x0005fff6,0x67dcfff6,-1,0xff
11731,0x0005fff7,0x67dcfff7,-1,0xff
11732,0x0005fff8,0x67dcfff8,-1,0xff
11733,0x0005fff9,0x67dcfff9,-1,0xff
11734,0x0005fffa,0x67dcfffa,-1,0xff
11735,0x0005fffb,0x67dcfffb,0,0x00
11736,0x0005fffc,0x67dcfffc,-1,0xff
11737,0x0005fffd,0x67dcfffd,-3,0xfd
11738,0x0005fffe,0x67dcfffe,-3,0xfd
11739,0x0005ffff,0x67dcffff,0,0x00
11740,0x00060000,0x67dd0000,-3,0xfd
11741,0x00060001,0x67dd0001,-4,0xfc
11742,0x00060002,0x67dd0002,-4,0xfc
11743,0x00060003,0x67dd0003,-2,0xfe
11744,0x00060004,0x67dd0004,-1,0xff
11745,0x00060005,0x67dd0005,0,0x00
11746,0x00060006,0x67dd0006,0,0x00
11747,0x00060007,0x67dd0007,0,0x00
11748,0x00060008,0x67dd0008,0,0x00
11749,0x00060009,0x67dd0009,0,0x00
11750,0x0006000a,0x67dd000a,0,0x00
11751,0x0006000b,0x67dd000b,0,0x00
11752,0x0006000c,0x67dd000c,1,0x01
11753,0x0006000d,0x67dd000d,-1,0xff
11754,0x0006000e,0x67dd000e,-2,0xfe
11755,0x0006000f,0x67dd000f,-1,0xff
11756,0x00060010,0x67dd0010,-1,0xff
11757,0x00060011,0x67dd0011,-2,0xfe
11758,0x00060012,0x67dd0012,-2,0xfe
11759,0x00060013,0x67dd0013,-1,0xff
11760,0x00060014,0x67dd0014,2,0x02
11761,0x00060015,0x67dd0015,2,0x02
11762,0x00060016,0x67dd0016,1,0x01
11763,0x00060017,0x67dd0017,0,0x00
11764,0x00060018,0x67dd0018,-2,0xfe
11765,0x00060019,0x67dd0019,-1,0xff
11766,0x0006001a,0x67dd001a,0,0x00
11767,0x0006001b,0x67dd001b,0,0x00
11768,0x0006001c,0x67dd001c,-2,0xfe
11769,0x0006001d,0x67dd001d,-1,0xff
11770,0x0006001e,0x67dd001e,0,0x00
11771,0x0006001f,0x67dd001f,1,0x01
11772,0x00060020,0x67dd0020,1,0x01
11773,0x00060021,0x67dd0021,2,0x02
11774,0x00060022,0x67dd0022,2,0x02
11775,0x00060023,0x67dd0023,2,0x02
11776,0x00060024,0x67dd0024,1,0x01
11777,0x00060025,0x67dd0025,1,0x01
11778,0x00060026,0x67dd0026,0,0x00
11779,0x00060027,0x67dd0027,-3,0xfd
11780,0x00060028,0x67dd0028,1,0x01
11781,0x00060029,0x67dd0029,1,0x01
11782,0x0006002a,0x67dd002a,0,0x00
11783,0x0006002b,0x67dd002b,-3,0xfd
11784,0x0006002c,0x67dd002c,2,0x02
11785,0x0006002d,0x67dd002d,1,0x01
11786,0x0006002e,0x67dd002e,1,0x01
11787,0x0006002f,0x67dd002f,-2,0xfe
11788,0x00060030,0x67dd0030,3,0x03
11789,0x00060031,0x67dd0031,3,0x03
11790,0x00060032,0x67dd0032,2,0x02
11791,0x00060033,0x67dd0033,-1,0xff
11792,0x00060034,0x67dd0034,1,0x01
11793,0x00060035,0x67dd0035,2,0x02
11794,0x00060036,0x67dd0036,1,0x01
11795,0x00060037,0x67dd0037,0,0x00
11796,0x00060038,0x67dd0038,0,0x00
11797,0x00060039,0x67dd0039,1,0x01
11798,0x0006003a,0x67dd003a,-2,0xfe
11799,0x0006003b,0x67dd003b,-4,0xfc
11800,0x0006003c,0x67dd003c,1,0x01
11801,0x0006003d,0x67dd003d,1,0x01
11802,0x0006003e,0x67dd003e,-1,0xff
11803,0x0006003f,0x67dd003f,-3,0xfd
11804,0x00060040,0x67dd0040,1,0x01
11805,0x00060041,0x67dd0041,2,0x02
11806,0x00060042,0x67dd0042,0,0x00
11807,0x00060043,0x67dd0043,-1,0xff
11808,0x00060044,0x67dd0044,1,0x01
11809,0x00060045,0x67dd0045,1,0x01
11810,0x00060046,0x67dd0046,2,0x02
11811,0x00060047,0x67dd0047,-1,0xff
11812,0x00060048,0x67dd0048,-2,0xfe
11813,0x00060049,0x67dd0049,0,0x00
11814,0x0006004a,0x67dd004a,1,0x01
11815,0x0006004b,0x67dd004b,-1,0xff
11816,0x0006004c,0x67dd004c,-2,0xfe
11817,0x0006004d,0x67dd004d,0,0x00
11818,0x0006004e,0x67dd004e,-1,0xff
11819,0x0006004f,0x67dd004f,-3,0xfd
11820,0x00060050,0x67dd0050,0,0x00
11821,0x00060051,0x67dd0051,1,0x01
11822,0x00060052,0x67dd0052,-1,0xff
11823,0x00060053,0x67dd0053,-4,0xfc
11824,0x00060054,0x67dd0054,-1,0xff
11825,0x00060055,0x67dd0055,-1,0xff
11826,0x00060056,0x67dd0056,-2,0xfe
11827,0x00060057,0x67dd0057,-2,0xfe
11828,0x00060058,0x67dd0058,1,0x01
11829,0x00060059,0x67dd0059,1,0x01
11830,0x0006005a,0x67dd005a,-1,0xff
11831,0x0006005b,0x67dd005b,-3,0xfd
11832,0x0006005c,0x67dd005c,2,0x02
11833,0x0006005d,0x67dd005d,2,0x02
11834,0x0006005e,0x67dd005e,2,0x02
11835,0x0006005f,0x67dd005f,2,0x02
11836,0x00060060,0x67dd0060,1,0x01
11837,0x00060061,0x67dd0061,1,0x01
11838,0x00060062,0x67dd0062,1,0x01
11839,0x00060063,0x67dd0063,3,0x03
11840,0x00060064,0x67dd0064,0,0x00
11841,0x00060065,0x67dd0065,3,0x03
11842,0x00060066,0x67dd0066,4,0x04
11843,0x00060067,0x67dd0067,3,0x03
11844,0x00060068,0x67dd0068,-2,0xfe
11845,0x00060069,0x67dd0069,0,0x00
11846,0x0006006a,0x67dd006a,0,0x00
11847,0x0006006b,0x67dd006b,0,0x00
11848,0x0006006c,0x67dd006c,2,0x02
11849,0x0006006d,0x67dd006d,1,0x01
11850,0x0006006e,0x67dd006e,-1,0xff
11851,0x0006006f,0x67dd006f,-1,0xff
11852,0x00060070,0x67dd0070,3,0x03
11853,0x00060071,0x67dd0071,0,0x00
11854,0x00060072,0x67dd0072,-2,0xfe
11855,0x00060073,0x67dd0073,-2,0xfe
11856,0x00060074,0x67dd0074,0,0x00
11857,0x00060075,0x67dd0075,-1,0xff
11858,0x00060076,0x67dd0076,-1,0xff
11859,0x00060077,0x67dd0077,-1,0xff
11860,0x00060078,0x67dd0078,-1,0xff
11861,0x00060079,0x67dd0079,-3,0xfd
11862,0x0006007a,0x67dd007a,-4,0xfc
11863,0x0006007b,0x67dd007b,-3,0xfd
11864,0x0006007c,0x67dd007c,-1,0xff
11865,0x0006007d,0x67dd007d,-1,0xff
11866,0x0006007e,0x67dd007e,0,0x00
11867,0x0006007f,0x67dd007f,1,0x01
11868,0x00060080,0x67dd0080,-2,0xfe
11869,0x00060081,0x67dd0081,-1,0xff
11870,0x00060082,0x67dd0082,-1,0xff
11871,0x00060083,0x67dd0083,0,0x00
11872,0x00060084,0x67dd0084,0,0x00
11873,0x00060085,0x67dd0085,-2,0xfe
11874,0x00060086,0x67dd0086,-1,0xff
11875,0x00060087,0x67dd0087,-1,0xff
11876,0x00060088,0x67dd0088,-2,0xfe
11877,0x00060089,0x67dd0089,-2,0xfe
11878,0x0006008a,0x67dd008a,0,0x00
11879,0x0006008b,0x67dd008b,2,0x02
11880,0x0006008c,0x67dd008c,2,0x02
11881,0x0006008d,0x67dd008d,2,0x02
11882,0x0006008e,0x67dd008e,3,0x03
11883,0x0006008f,0x67dd008f,5,0x05
11884,0x00060090,0x67dd0090,0,0x00
11885,0x00060091,0x67dd0091,0,0x00
11886,0x00060092,0x67dd0092,0,0x00
11887,0x00060093,0x67dd0093,1,0x01
11888,0x00060094,0x67dd0094,-2,0xfe
11889,0x00060095,0x67dd0095,-3,0xfd
11890,0x00060096,0x67dd0096,2,0x02
11891,0x00060097,0x67dd0097,0,0x00
11892,0x00060098,0x67dd0098,-1,0xff
11893,0x00060099,0x67dd0099,-4,0xfc
11894,0x0006009a,0x67dd009a,1,0x01
11895,0x0006009b,0x67dd009b,-2,0xfe
11896,0x0006009c,0x67dd009c,1,0x01
11897,0x0006009d,0x67dd009d,-4,0xfc
11898,0x0006009e,0x67dd009e,0,0x00
11899,0x0006009f,0x67dd009f,-2,0xfe
11900,0x000600a0,0x67dd00a0,2,0x02
11901,0x000600a1,0x67dd00a1,-3,0xfd
11902,0x000600a2,0x67dd00a2,1,0x01
11903,0x000600a3,0x67dd00a3,-1,0xff
11904,0x000600a4,0x67dd00a4,0,0x00
11905,0x000600a5,0x67dd00a5,1,0x01
11906,0x000600a6,0x67dd00a6,1,0x01
11907,0x000600a7,0x67dd00a7,-1,0xff
11908,0x000600a8,0x67dd00a8,-1,0xff
11909,0x000600a9,0x67dd00a9,2,0x02
11910,0x000600aa,0x67dd00aa,2,0x02
11911,0x000600ab,0x67dd00ab,0,0x00
11912,0x000600ac,0x67dd00ac,-2,0xfe
11913,0x000600ad,0x67dd00ad,1,0x01
11914,0x000600ae,0x67dd00ae,1,0x01
11915,0x000600af,0x67dd00af,-1,0xff
11916,0x000600b0,0x67dd00b0,-1,0xff
11917,0x000600b1,0x67dd00b1,1,0x01
11918,0x000600b2,0x67dd00b2,1,0x01
11919,0x000600b3,0x67dd00b3,-1,0xff
11920,0x000600b4,0x67dd00b4,3,0x03
11921,0x000600b5,0x67dd00b5,-2,0xfe
11922,0x000600b6,0x67dd00b6,3,0x03
11923,0x000600b7,0x67dd00b7,1,0x01
11924,0x000600b8,0x67dd00b8,1,0x01
11925,0x000600b9,0x67dd00b9,-3,0xfd
11926,0x000600ba,0x67dd00ba,2,0x02
11927,0x000600bb,0x67dd00bb,1,0x01
11928,0x000600bc,0x67dd00bc,-1,0xff
11929,0x000600bd,0x67dd00bd,-5,0xfb
11930,0x000600be,0x67dd00be,1,0x01
11931,0x000600bf,0x67dd00bf,0,0x00
11932,0x000600c0,0x67dd00c0,0,0x00
11933,0x000600c1,0x67dd00c1,-3,0xfd
11934,0x000600c2,0x67dd00c2,3,0x03
11935,0x000600c3,0x67dd00c3,3,0x03
11936,0x000600c4,0x67dd00c4,0,0x00
11937,0x000600c5,0x67dd00c5,1,0x01
11938,0x000600c6,0x67dd00c6,1,0x01
11939,0x000600c7,0x67dd00c7,-1,0xff
11940,0x000600c8,0x67dd00c8,0,0x00
11941,0x000600c9,0x67dd00c9,1,0x01
11942,0x000600ca,0x67dd00ca,0,0x00
11943,0x000600cb,0x67dd00cb,-1,0xff
11944,0x000600cc,0x67dd00cc,-1,0xff
11945,0x000600cd,0x67dd00cd,0,0x00
11946,0x000600ce,0x67dd00ce,1,0x01
11947,0x000600cf,0x67dd00cf,1,0x01
11948,0x000600d0,0x67dd00d0,1,0x01
11949,0x000600d1,0x67dd00d1,2,0x02
11950,0x000600d2,0x67dd00d2,3,0x03
11951,0x000600d3,0x67dd00d3,3,0x03
11952,0x000600d4,0x67dd00d4,0,0x00
11953,0x000600d5,0x67dd00d5,-1,0xff
11954,0x000600d6,0x67dd00d6,-2,0xfe
11955,0x000600d7,0x67dd00d7,1,0x01
11956,0x000600d8,0x67dd00d8,1,0x01
11957,0x000600d9,0x67dd00d9,-1,0xff
11958,0x000600da,0x67dd00da,-2,0xfe
11959,0x000600db,0x67dd00db,-1,0xff
11960,0x000600dc,0x67dd00dc,1,0x01
11961,0x000600dd,0x67dd00dd,1,0x01
11962,0x000600de,0x67dd00de,-1,0xff
11963,0x000600df,0x67dd00df,-2,0xfe
11964,0x000600e0,0x67dd00e0,1,0x01
11965,0x000600e1,0x67dd00e1,1,0x01
11966,0x000600e2,0x67dd00e2,-1,0xff
11967,0x000600e3,0x67dd00e3,-1,0xff
11968,0x000600e4,0x67dd00e4,5,0x05
11969,0x000600e5,0x67dd00e5,5,0x05
11970,0x000600e6,0x67dd00e6,2,0x02
11971,0x000600e7,0x67dd00e7,-1,0xff
11972,0x000600e8,0x67dd00e8,1,0x01
11973,0x000600e9,0x67dd00e9,1,0x01
11974,0x000600ea,0x67dd00ea,-2,0xfe
11975,0x000600eb,0x67dd00eb,-5,0xfb
11976,0x000600ec,0x67dd00ec,-1,0xff
11977,0x000600ed,0x67dd00ed,-1,0xff
11978,0x000600ee,0x67dd00ee,-1,0xff
11979,0x000600ef,0x67dd00ef,-3,0xfd
11980,0x000600f0,0x67dd00f0,-1,0xff
11981,0x000600f1,0x67dd00f1,2,0x02
11982,0x000600f2,0x67dd00f2,4,0x04
11983,0x000600f3,0x67dd00f3,3,0x03
11984,0x000600f4,0x67dd00f4,-1,0xff
11985,0x000600f5,0x67dd00f5,-1,0xff
11986,0x000600f6,0x67dd00f6,-1,0xff
11987,0x000600f7,0x67dd00f7,-1,0xff
11988,0x000600f8,0x67dd00f8,-1,0xff
11989,0x000600f9,0x67dd00f9,-1,0xff
11990,0x000600fa,0x67dd00fa,0,0x00
11991,0x000600fb,0x67dd00fb,1,0x01
11992,0x000600fc,0x67dd00fc,0,0x00
11993,0x000600fd,0x67dd00fd,0,0x00
11994,0x000600fe,0x67dd00fe,0,0x00
11995,0x000600ff,0x67dd00ff,2,0x02
11996,0x00060100,0x67dd0100,0,0x00
11997,0x00060101,0x67dd0101,-2,0xfe
11998,0x00060102,0x67dd0102,-3,0xfd
11999,0x00060103,0x67dd0103,0,0x00
12000,0x00060104,0x67dd0104,-1,0xff
12001,0x00060105,0x67dd0105,0,0x00
12002,0x00060106,0x67dd0106,4,0x04
12003,0x00060107,0x67dd0107,3,0x03
12004,0x00060108,0x67dd0108,-1,0xff
12005,0x00060109,0x67dd0109,-3,0xfd
12006,0x0006010a,0x67dd010a,-1,0xff
12007,0x0006010b,0x67dd010b,-1,0xff
12008,0x0006010c,0x67dd010c,2,0x02
12009,0x0006010d,0x67dd010d,0,0x00
12010,0x0006010e,0x67dd010e,0,0x00
12011,0x0006010f,0x67dd010f,-1,0xff
12012,0x00060110,0x67dd0110,1,0x01
12013,0x00060111,0x67dd0111,1,0x01
12014,0x00060112,0x67dd0112,3,0x03
12015,0x00060113,0x67dd0113,2,0x02
12016,0x00060114,0x67dd0114,2,0x02
12017,0x00060115,0x67dd0115,3,0x03
12018,0x00060116,0x67dd0116,2,0x02
12019,0x00060117,0x67dd0117,1,0x01
12020,0x00060118,0x67dd0118,2,0x02
12021,0x00060119,0x67dd0119,3,0x03
12022,0x0006011a,0x67dd011a,0,0x00
12023,0x0006011b,0x67dd011b,1,0x01
12024,0x0006011c,0x67dd011c,0,0x00
12025,0x0006011d,0x67dd011d,0,0x00
12026,0x0006011e,0x67dd011e,-3,0xfd
12027,0x0006011f,0x67dd011f,-1,0xff
12028,0x00060120,0x67dd0120,-2,0xfe
12029,0x00060121,0x67dd0121,-2,0xfe
12030,0x00060122,0x67dd0122,-3,0xfd
12031,0x00060123,0x67dd0123,1,0x01
12032,0x00060124,0x67dd0124,0,0x00
12033,0x00060125,0x67dd0125,0,0x00
12034,0x00060126,0x67dd0126,-2,0xfe
12035,0x00060127,0x67dd0127,-2,0xfe
12036,0x00060128,0x67dd0128,1,0x01
12037,0x00060129,0x67dd0129,3,0x03
12038,0x0006012a,0x67dd012a,3,0x03
12039,0x0006012b,0x67dd012b,2,0x02
12040,0x0006012c,0x67dd012c,-1,0xff
12041,0x0006012d,0x67dd012d,2,0x02
12042,0x0006012e,0x67dd012e,2,0x02
12043,0x0006012f,0x67dd012f,3,0x03
12044,0x00060130,0x67dd0130,1,0x01
12045,0x00060131,0x67dd0131,2,0x02
12046,0x00060132,0x67dd0132,1,0x01
12047,0x00060133,0x67dd0133,1,0x01
12048,0x00060134,0x67dd0134,-2,0xfe
12049,0x00060135,0x67dd0135,-1,0xff
12050,0x00060136,0x67dd0136,-2,0xfe
12051,0x00060137,0x67dd0137,2,0x02
12052,0x00060138,0x67dd0138,0,0x00
12053,0x00060139,0x67dd0139,1,0x01
12054,0x0006013a,0x67dd013a,0,0x00
12055,0x0006013b,0x67dd013b,2,0x02
12056,0x0006013c,0x67dd013c,0,0x00
12057,0x0006013d,0x67dd013d,1,0x01
12058,0x0006013e,0x67dd013e,0,0x00
12059,0x0006013f,0x67dd013f,2,0x02
12060,0x00060140,0x67dd0140,-3,0xfd
12061,0x00060141,0x67dd0141,-2,0xfe
12062,0x00060142,0x67dd0142,-2,0xfe
12063,0x00060143,0x67dd0143,0,0x00
12064,0x00060144,0x67dd0144,1,0x01
12065,0x00060145,0x67dd0145,1,0x01
12066,0x00060146,0x67dd0146,-1,0xff
12067,0x00060147,0x67dd0147,-2,0xfe
12068,0x00060148,0x67dd0148,0,0x00
12069,0x00060149,0x67dd0149,0,0x00
12070,0x0006014a,0x67dd014a,-2,0xfe
12071,0x0006014b,0x67dd014b,-2,0xfe
12072,0x0006014c,0x67dd014c,0,0x00
12073,0x0006014d,0x67dd014d,0,0x00
12074,0x0006014e,0x67dd014e,-2,0xfe
12075,0x0006014f,0x67dd014f,-2,0xfe
12076,0x00060150,0x67dd0150,-1,0xff
12077,0x00060151,0x67dd0151,-2,0xfe
12078,0x00060152,0x67dd0152,-2,0xfe
12079,0x00060153,0x67dd0153,-3,0xfd
12080,0x00060154,0x67dd0154,0,0x00
12081,0x00060155,0x67dd0155,1,0x01
12082,0x00060156,0x67dd0156,-1,0xff
12083,0x00060157,0x67dd0157,3,0x03
12084,0x00060158,0x67dd0158,0,0x00
12085,0x00060159,0x67dd0159,1,0x01
12086,0x0006015a,0x67dd015a,-1,0xff
12087,0x0006015b,0x67dd015b,3,0x03
12088,0x0006015c,0x67dd015c,1,0x01
12089,0x0006015d,0x67dd015d,1,0x01
12090,0x0006015e,0x67dd015e,-2,0xfe
12091,0x0006015f,0x67dd015f,3,0x03
12092,0x00060160,0x67dd0160,2,0x02
12093,0x00060161,0x67dd0161,2,0x02
12094,0x00060162,0x67dd0162,-2,0xfe
12095,0x00060163,0x67dd0163,3,0x03
12096,0x00060164,0x67dd0164,-1,0xff
12097,0x00060165,0x67dd0165,1,0x01
12098,0x00060166,0x67dd0166,3,0x03
12099,0x00060167,0x67dd0167,-1,0xff
12100,0x00060168,0x67dd0168,-1,0xff
12101,0x00060169,0x67dd0169,-1,0xff
12102,0x0006016a,0x67dd016a,2,0x02
12103,0x0006016b,0x67dd016b,-3,0xfd
12104,0x0006016c,0x67dd016c,-1,0xff
12105,0x0006016d,0x67dd016d,-3,0xfd
12106,0x0006016e,0x67dd016e,0,0x00
12107,0x0006016f,0x67dd016f,-3,0xfd
12108,0x00060170,0x67dd0170,0,0x00
12109,0x00060171,0x67dd0171,-2,0xfe
12110,0x00060172,0x67dd0172,1,0x01
12111,0x00060173,0x67dd0173,-2,0xfe
12112,0x00060174,0x67dd0174,1,0x01
12113,0x00060175,0x67dd0175,1,0x01
12114,0x00060176,0x67dd0176,-3,0xfd
12115,0x00060177,0x67dd0177,3,0x03
12116,0x00060178,0x67dd0178,1,0x01
12117,0x00060179,0x67dd0179,1,0x01
12118,0x0006017a,0x67dd017a,-3,0xfd
12119,0x0006017b,0x67dd017b,3,0x03
12120,0x0006017c,0x67dd017c,1,0x01
12121,0x0006017d,0x67dd017d,2,0x02
12122,0x0006017e,0x67dd017e,-1,0xff
12123,0x0006017f,0x67dd017f,4,0x04
12124,0x00060180,0x67dd0180,0,0x00
12125,0x00060181,0x67dd0181,1,0x01
12126,0x00060182,0x67dd0182,-1,0xff
12127,0x00060183,0x67dd0183,3,0x03
12128,0x00060184,0x67dd0184,-1,0xff
12129,0x00060185,0x67dd0185,-2,0xfe
12130,0x00060186,0x67dd0186,1,0x01
12131,0x00060187,0x67dd0187,-3,0xfd
12132,0x00060188,0x67dd0188,0,0x00
12133,0x00060189,0x67dd0189,-1,0xff
12134,0x0006018a,0x67dd018a,1,0x01
12135,0x0006018b,0x67dd018b,-2,0xfe
12136,0x0006018c,0x67dd018c,0,0x00
12137,0x0006018d,0x67dd018d,-1,0xff
12138,0x0006018e,0x67dd018e,1,0x01
12139,0x0006018f,0x67dd018f,-2,0xfe
12140,0x00060190,0x67dd0190,-1,0xff
12141,0x00060191,0x67dd0191,-3,0xfd
12142,0x00060192,0x67dd0192,0,0x00
12143,0x00060193,0x67dd0193,-3,0xfd
12144,0x00060194,0x67dd0194,-3,0xfd
12145,0x00060195,0x67dd0195,-3,0xfd
12146,0x00060196,0x67dd0196,-1,0xff
12147,0x00060197,0x67dd0197,1,0x01
12148,0x00060198,0x67dd0198,-2,0xfe
12149,0x00060199,0x67dd0199,-2,0xfe
12150,0x0006019a,0x67dd019a,0,0x00
12151,0x0006019b,0x67dd019b,2,0x02
12152,0x0006019c,0x67dd019c,-3,0xfd
12153,0x0006019d,0x67dd019d,-2,0xfe
12154,0x0006019e,0x67dd019e,1,0x01
12155,0x0006019f,0x67dd019f,2,0x02
12156,0x000601a0,0x67dd01a0,-3,0xfd
12157,0x000601a1,0x67dd01a1,-2,0xfe
12158,0x000601a2,0x67dd01a2,2,0x02
12159,0x000601a3,0x67dd01a3,4,0x04
12160,0x000601a4,0x67dd01a4,2,0x02
12161,0x000601a5,0x67dd01a5,1,0x01
12162,0x000601a6,0x67dd01a6,-1,0xff
12163,0x000601a7,0x67dd01a7,-2,0xfe
12164,0x000601a8,0x67dd01a8,1,0x01
12165,0x000601a9,0x67dd01a9,0,0x00
12166,0x000601aa,0x67dd01aa,-2,0xfe
12167,0x000601ab,0x67dd01ab,-2,0xfe
12168,0x000601ac,0x67dd01ac,1,0x01
12169,0x000601ad,0x67dd01ad,-1,0xff
12170,0x000601ae,0x67dd01ae,-2,0xfe
12171,0x000601af,0x67dd01af,-1,0xff
12172,0x000601b0,0x67dd01b0,0,0x00
12173,0x000601b1,0x67dd01b1,-2,0xfe
12174,0x000601b2,0x67dd01b2,-2,0xfe
12175,0x000601b3,0x67dd01b3,1,0x01
12176,0x000601b4,0x67dd01b4,-3,0xfd
12177,0x000601b5,0x67dd01b5,-1,0xff
12178,0x000601b6,0x67dd01b6,2,0x02
12179,0x000601b7,0x67dd01b7,4,0x04
12180,0x000601b8,0x67dd01b8,-1,0xff
12181,0x000601b9,0x67dd01b9,1,0x01
12182,0x000601ba,0x67dd01ba,4,0x04
12183,0x000601bb,0x67dd01bb,3,0x03
12184,0x000601bc,0x67dd01bc,0,0x00
12185,0x000601bd,0x67dd01bd,2,0x02
12186,0x000601be,0x67dd01be,4,0x04
12187,0x000601bf,0x67dd01bf,2,0x02
12188,0x000601c0,0x67dd01c0,0,0x00
12189,0x000601c1,0x67dd01c1,1,0x01
12190,0x000601c2,0x67dd01c2,2,0x02
12191,0x000601c3,0x67dd01c3,0,0x00
12192,0x000601c4,0x67dd01c4,0,0x00
12193,0x000601c5,0x67dd01c5,-2,0xfe
12194,0x000601c6,0x67dd01c6,-2,0xfe
12195,0x000601c7,0x67dd01c7,2,0x02
12196,0x000601c8,0x67dd01c8,-1,0xff
12197,0x000601c9,0x67dd01c9,-3,0xfd
12198,0x000601ca,0x67dd01ca,-2,0xfe
12199,0x000601cb,0x67dd01cb,2,0x02
12200,0x000601cc,0x67dd01cc,-1,0xff
12201,0x000601cd,0x67dd01cd,-2,0xfe
12202,0x000601ce,0x67dd01ce,-1,0xff
12203,0x000601cf,0x67dd01cf,2,0x02
12204,0x000601d0,0x67dd01d0,-1,0xff
12205,0x000601d1,0x67dd01d1,0,0x00
12206,0x000601d2,0x67dd01d2,1,0x01
12207,0x000601d3,0x67dd01d3,3,0x03
12208,0x000601d4,0x67dd01d4,3,0x03
12209,0x000601d5,0x67dd01d5,0,0x00
12210,0x000601d6,0x67dd01d6,-5,0xfb
12211,0x000601d7,0x67dd01d7,1,0x01
12212,0x000601d8,0x67dd01d8,1,0x01
12213,0x000601d9,0x67dd01d9,-2,0xfe
12214,0x000601da,0x67dd01da,-5,0xfb
12215,0x000601db,0x67dd01db,2,0x02
12216,0x000601dc,0x67dd01dc,-1,0xff
12217,0x000601dd,0x67dd01dd,0,0x00
12218,0x000601de,0x67dd01de,0,0x00
12219,0x000601df,0x67dd01df,3,0x03
12220,0x000601e0,0x67dd01e0,-2,0xfe
12221,0x000601e1,0x67dd01e1,3,0x03
12222,0x000601e2,0x67dd01e2,4,0x04
12223,0x000601e3,0x67dd01e3,-2,0xfe
12224,0x000601e4,0x67dd01e4,4,0x04
12225,0x000601e5,0x67dd01e5,0,0x00
12226,0x000601e6,0x67dd01e6,0,0x00
12227,0x000601e7,0x67dd01e7,1,0x01
12228,0x000601e8,0x67dd01e8,5,0x05
12229,0x000601e9,0x67dd01e9,-1,0xff
12230,0x000601ea,0x67dd01ea,-2,0xfe
12231,0x000601eb,0x67dd01eb,1,0x01
12232,0x000601ec,0x67dd01ec,3,0x03
12233,0x000601ed,0x67dd01ed,1,0x01
12234,0x000601ee,0x67dd01ee,0,0x00
12235,0x000601ef,0x67dd01ef,-1,0xff
12236,0x000601f0,0x67dd01f0,-3,0xfd
12237,0x000601f1,0x67dd01f1,-1,0xff
12238,0x000601f2,0x67dd01f2,0,0x00
12239,0x000601f3,0x67dd01f3,-2,0xfe
12240,0x000601f4,0x67dd01f4,-3,0xfd
12241,0x000601f5,0x67dd01f5,3,0x03
12242,0x000601f6,0x67dd01f6,5,0x05
12243,0x000601f7,0x67dd01f7,-3,0xfd
12244,0x000601f8,0x67dd01f8,-1,0xff
12245,0x000601f9,0x67dd01f9,3,0x03
12246,0x000601fa,0x67dd01fa,2,0x02
12247,0x000601fb,0x67dd01fb,-2,0xfe
12248,0x000601fc,0x67dd01fc,2,0x02
12249,0x000601fd,0x67dd01fd,0,0x00
12250,0x000601fe,0x67dd01fe,0,0x00
12251,0x000601ff,0x67dd01ff,-1,0xff
12252,0x00060200,0x67dd0200,0,0x00
12253,0x00060201,0x67dd0201,-3,0xfd
12254,0x00060202,0x67dd0202,-2,0xfe
12255,0x00060203,0x67dd0203,1,0x01
12256,0x00060204,0x67dd0204,-3,0xfd
12257,0x00060205,0x67dd0205,0,0x00
12258,0x00060206,0x67dd0206,0,0x00
12259,0x00060207,0x67dd0207,-2,0xfe
12260,0x00060208,0x67dd0208,-2,0xfe
12261,0x00060209,0x67dd0209,2,0x02
12262,0x0006020a,0x67dd020a,2,0x02
12263,0x0006020b,0x67dd020b,-1,0xff
12264,0x0006020c,0x67dd020c,0,0x00
12265,0x0006020d,0x67dd020d,0,0x00
12266,0x0006020e,0x67dd020e,0,0x00
12267,0x0006020f,0x67dd020f,0,0x00
12268,0x00060210,0x67dd0210,3,0x03
12269,0x00060211,0x67dd0211,0,0x00
12270,0x00060212,0x67dd0212,-2,0xfe
12271,0x00060213,0x67dd0213,-2,0xfe
12272,0x00060214,0x67dd0214,5,0x05
12273,0x00060215,0x67dd0215,6,0x06
12274,0x00060216,0x67dd0216,6,0x06
12275,0x00060217,0x67dd0217,6,0x06
12276,0x00060218,0x67dd0218,0,0x00
12277,0x00060219,0x67dd0219,0,0x00
12278,0x0006021a,0x67dd021a,0,0x00
12279,0x0006021b,0x67dd021b,0,0x00
12280,0x0006021c,0x67dd021c,-3,0xfd
12281,0x0006021d,0x67dd021d,-4,0xfc
12282,0x0006021e,0x67dd021e,-4,0xfc
12283,0x0006021f,0x67dd021f,-5,0xfb
12284,0x00060220,0x67dd0220,-4,0xfc
12285,0x00060221,0x67dd0221,-4,0xfc
12286,0x00060222,0x67dd0222,-4,0xfc
12287,0x00060223,0x67dd0223,-5,0xfb
12288,0x00060224,0x67dd0224,7,0x07
12289,0x00060225,0x67dd0225,7,0x07
12290,0x00060226,0x67dd0226,8,0x08
12291,0x00060227,0x67dd0227,8,0x08
12292,0x00060228,0x67dd0228,0,0x00
12293,0x00060229,0x67dd0229,1,0x01
12294,0x0006022a,0x67dd022a,2,0x02
12295,0x0006022b,0x67dd022b,3,0x03
12296,0x0006022c,0x67dd022c,-5,0xfb
12297,0x0006022d,0x67dd022d,-4,0xfc
12298,0x0006022e,0x67dd022e,-3,0xfd
12299,0x0006022f,0x67dd022f,-2,0xfe
12300,0x00060230,0x67dd0230,-4,0xfc
12301,0x00060231,0x67dd0231,-4,0xfc
12302,0x00060232,0x67dd0232,-3,0xfd
12303,0x00060233,0x67dd0233,-3,0xfd
12304,0x00060234,0x67dd0234,1,0x01
12305,0x00060235,0x67dd0235,2,0x02
12306,0x00060236,0x67dd0236,2,0x02
12307,0x00060237,0x67dd0237,2,0x02
12308,0x00060238,0x67dd0238,2,0x02
12309,0x00060239,0x67dd0239,3,0x03
12310,0x0006023a,0x67dd023a,3,0x03
12311,0x0006023b,0x67dd023b,4,0x04
12312,0x0006023c,0x67dd023c,-1,0xff
12313,0x0006023d,0x67dd023d,0,0x00
12314,0x0006023e,0x67dd023e,1,0x01
12315,0x0006023f,0x67dd023f,1,0x01
12316,0x00060240,0x67dd0240,-9,0xf7
12317,0x00060241,0x67dd0241,-10,0xf6
12318,0x00060242,0x67dd0242,-9,0xf7
12319,0x00060243,0x67dd0243,-9,0xf7
12320,0x00060244,0x67dd0244,2,0x02
12321,0x00060245,0x67dd0245,3,0x03
12322,0x00060246,0x67dd0246,3,0x03
12323,0x00060247,0x67dd0247,3,0x03
12324,0x00060248,0x67dd0248,4,0x04
12325,0x00060249,0x67dd0249,5,0x05
12326,0x0006024a,0x67dd024a,5,0x05
12327,0x0006024b,0x67dd024b,5,0x05
12328,0x0006024c,0x67dd024c,2,0x02
12329,0x0006024d,0x67dd024d,3,0x03
12330,0x0006024e,0x67dd024e,4,0x04
12331,0x0006024f,0x67dd024f,4,0x04
12332,0x00060250,0x67dd0250,-8,0xf8
12333,0x00060251,0x67dd0251,-7,0xf9
12334,0x00060252,0x67dd0252,-6,0xfa
12335,0x00060253,0x67dd0253,-5,0xfb
12336,0x00060254,0x67dd0254,-4,0xfc
12337,0x00060255,0x67dd0255,-4,0xfc
12338,0x00060256,0x67dd0256,-5,0xfb
12339,0x00060257,0x67dd0257,-6,0xfa
12340,0x00060258,0x67dd0258,0,0x00
12341,0x00060259,0x67dd0259,-1,0xff
12342,0x0006025a,0x67dd025a,-2,0xfe
12343,0x0006025b,0x67dd025b,-2,0xfe
12344,0x0006025c,0x67dd025c,4,0x04
12345,0x0006025d,0x67dd025d,4,0x04
12346,0x0006025e,0x67dd025e,3,0x03
12347,0x0006025f,0x67dd025f,3,0x03
12348,0x00060260,0x67dd0260,7,0x07
12349,0x00060261,0x67dd0261,7,0x07
12350,0x00060262,0x67dd0262,7,0x07
12351,0x00060263,0x67dd0263,6,0x06
12352,0x00060264,0x67dd0264,-6,0xfa
12353,0x00060265,0x67dd0265,-7,0xf9
12354,0x00060266,0x67dd0266,-7,0xf9
12355,0x00060267,0x67dd0267,-7,0xf9
12356,0x00060268,0x67dd0268,-3,0xfd
12357,0x00060269,0x67dd0269,-3,0xfd
12358,0x0006026a,0x67dd026a,-4,0xfc
12359,0x0006026b,0x67dd026b,-4,0xfc
12360,0x0006026c,0x67dd026c,2,0x02
12361,0x0006026d,0x67dd026d,1,0x01
12362,0x0006026e,0x67dd026e,1,0x01
12363,0x0006026f,0x67dd026f,0,0x00
12364,0x00060270,0x67dd0270,6,0x06
12365,0x00060271,0x67dd0271,5,0x05
12366,0x00060272,0x67dd0272,4,0x04
12367,0x00060273,0x67dd0273,4,0x04
12368,0x00060274,0x67dd0274,2,0x02
12369,0x00060275,0x67dd0275,4,0x04
12370,0x00060276,0x67dd0276,5,0x05
12371,0x00060277,0x67dd0277,6,0x06
12372,0x00060278,0x67dd0278,3,0x03
12373,0x00060279,0x67dd0279,4,0x04
12374,0x0006027a,0x67dd027a,5,0x05
12375,0x0006027b,0x67dd027b,5,0x05
12376,0x0006027c,0x67dd027c,2,0x02
12377,0x0006027d,0x67dd027d,3,0x03
12378,0x0006027e,0x67dd027e,4,0x04
12379,0x0006027f,0x67dd027f,4,0x04
12380,0x00060280,0x67dd0280,2,0x02
12381,0x00060281,0x67dd0281,2,0x02
12382,0x00060282,0x67dd0282,2,0x02
12383,0x00060283,0x67dd0283,1,0x01
12384,0x00060284,0x67dd0284,4,0x04
12385,0x00060285,0x67dd0285,1,0x01
12386,0x00060286,0x67dd0286,-3,0xfd
12387,0x00060287,0x67dd0287,-6,0xfa
12388,0x00060288,0x67dd0288,4,0x04
12389,0x00060289,0x67dd0289,0,0x00
12390,0x0006028a,0x67dd028a,-5,0xfb
12391,0x0006028b,0x67dd028b,-8,0xf8
12392,0x0006028c,0x67dd028c,2,0x02
12393,0x0006028d,0x67dd028d,-2,0xfe
12394,0x0006028e,0x67dd028e,-7,0xf9
12395,0x0006028f,0x67dd028f,-10,0xf6
12396,0x00060290,0x67dd0290,0,0x00
12397,0x00060291,0x67dd0291,-4,0xfc
12398,0x00060292,0x67dd0292,-9,0xf7
12399,0x00060293,0x67dd0293,-12,0xf4
12400,0x00060294,0x67dd0294,-9,0xf7
12401,0x00060295,0x67dd0295,-7,0xf9
12402,0x00060296,0x67dd0296,-3,0xfd
12403,0x00060297,0x67dd0297,1,0x01
12404,0x00060298,0x67dd0298,-10,0xf6
12405,0x00060299,0x67dd0299,-7,0xf9
12406,0x0006029a,0x67dd029a,-2,0xfe
12407,0x0006029b,0x67dd029b,3,0x03
12408,0x0006029c,0x67dd029c,-9,0xf7
12409,0x0006029d,0x67dd029d,-6,0xfa
12410,0x0006029e,0x67dd029e,-2,0xfe
12411,0x0006029f,0x67dd029f,3,0x03
12412,0x000602a0,0x67dd02a0,-8,0xf8
12413,0x000602a1,0x67dd02a1,-6,0xfa
12414,0x000602a2,0x67dd02a2,-1,0xff
12415,0x000602a3,0x67dd02a3,3,0x03
12416,0x000602a4,0x67dd02a4,4,0x04
12417,0x000602a5,0x67dd02a5,4,0x04
12418,0x000602a6,0x67dd02a6,3,0x03
12419,0x000602a7,0x67dd02a7,3,0x03
12420,0x000602a8,0x67dd02a8,5,0x05
12421,0x000602a9,0x67dd02a9,5,0x05
12422,0x000602aa,0x67dd02aa,3,0x03
12423,0x000602ab,0x67dd02ab,3,0x03
12424,0x000602ac,0x67dd02ac,6,0x06
12425,0x000602ad,0x67dd02ad,5,0x05
12426,0x000602ae,0x67dd02ae,4,0x04
12427,0x000602af,0x67dd02af,3,0x03
12428,0x000602b0,0x67dd02b0,4,0x04
12429,0x000602b1,0x67dd02b1,4,0x04
12430,0x000602b2,0x67dd02b2,3,0x03
12431,0x000602b3,0x67dd02b3,2,0x02
12432,0x000602b4,0x67dd02b4,-5,0xfb
12433,0x000602b5,0x67dd02b5,-5,0xfb
12434,0x000602b6,0x67dd02b6,-5,0xfb
12435,0x000602b7,0x67dd02b7,-5,0xfb
12436,0x000602b8,0x67dd02b8,-5,0xfb
12437,0x000602b9,0x67dd02b9,-5,0xfb
12438,0x000602ba,0x67dd02ba,-5,0xfb
12439,0x000602bb,0x67dd02bb,-4,0xfc
12440,0x000602bc,0x67dd02bc,-4,0xfc
12441,0x000602bd,0x67dd02bd,-5,0xfb
12442,0x000602be,0x67dd02be,-4,0xfc
12443,0x000602bf,0x67dd02bf,-3,0xfd
12444,0x000602c0,0x67dd02c0,-3,0xfd
12445,0x000602c1,0x67dd02c1,-4,0xfc
12446,0x000602c2,0x67dd02c2,-3,0xfd
12447,0x000602c3,0x67dd02c3,-2,0xfe
12448,0x000602c4,0x67dd02c4,-3,0xfd
12449,0x000602c5,0x67dd02c5,1,0x01
12450,0x000602c6,0x67dd02c6,4,0x04
12451,0x000602c7,0x67dd02c7,7,0x07
12452,0x000602c8,0x67dd02c8,-2,0xfe
12453,0x000602c9,0x67dd02c9,1,0x01
12454,0x000602ca,0x67dd02ca,6,0x06
12455,0x000602cb,0x67dd02cb,8,0x08
12456,0x000602cc,0x67dd02cc,-1,0xff
12457,0x000602cd,0x67dd02cd,3,0x03
12458,0x000602ce,0x67dd02ce,8,0x08
12459,0x000602cf,0x67dd02cf,10,0x0a
12460,0x000602d0,0x67dd02d0,1,0x01
12461,0x000602d1,0x67dd02d1,5,0x05
12462,0x000602d2,0x67dd02d2,9,0x09
12463,0x000602d3,0x67dd02d3,11,0x0b
12464,0x000602d4,0x67dd02d4,-2,0xfe
12465,0x000602d5,0x67dd02d5,-2,0xfe
12466,0x000602d6,0x67dd02d6,-2,0xfe
12467,0x000602d7,0x67dd02d7,-2,0xfe
12468,0x000602d8,0x67dd02d8,-4,0xfc
12469,0x000602d9,0x67dd02d9,-5,0xfb
12470,0x000602da,0x67dd02da,-5,0xfb
12471,0x000602db,0x67dd02db,-5,0xfb
12472,0x000602dc,0x67dd02dc,-3,0xfd
12473,0x000602dd,0x67dd02dd,-4,0xfc
12474,0x000602de,0x67dd02de,-4,0xfc
12475,0x000602df,0x67dd02df,-4,0xfc
12476,0x000602e0,0x67dd02e0,9,0x09
12477,0x000602e1,0x67dd02e1,10,0x0a
12478,0x000602e2,0x67dd02e2,10,0x0a
12479,0x000602e3,0x67dd02e3,11,0x0b
12480,0x000602e4,0x67dd02e4,-2,0xfe
12481,0x000602e5,0x67dd02e5,-2,0xfe
12482,0x000602e6,0x67dd02e6,-2,0xfe
12483,0x000602e7,0x67dd02e7,-2,0xfe
12484,0x000602e8,0x67dd02e8,-5,0xfb
12485,0x000602e9,0x67dd02e9,-5,0xfb
12486,0x000602ea,0x67dd02ea,-5,0xfb
12487,0x000602eb,0x67dd02eb,-4,0xfc
12488,0x000602ec,0x67dd02ec,-4,0xfc
12489,0x000602ed,0x67dd02ed,-4,0xfc
12490,0x000602ee,0x67dd02ee,-4,0xfc
12491,0x000602ef,0x67dd02ef,-3,0xfd
12492,0x000602f0,0x67dd02f0,11,0x0b
12493,0x000602f1,0x67dd02f1,11,0x0b
12494,0x000602f2,0x67dd02f2,10,0x0a
12495,0x000602f3,0x67dd02f3,10,0x0a
12496,0x000602f4,0x67dd02f4,7,0x07
12497,0x000602f5,0x67dd02f5,4,0x04
12498,0x000602f6,0x67dd02f6,1,0x01
12499,0x000602f7,0x67dd02f7,-2,0xfe
12500,0x000602f8,0x67dd02f8,9,0x09
12501,0x000602f9,0x67dd02f9,7,0x07
12502,0x000602fa,0x67dd02fa,3,0x03
12503,0x000602fb,0x67dd02fb,0,0x00
12504,0x000602fc,0x67dd02fc,11,0x0b
12505,0x000602fd,0x67dd02fd,8,0x08
12506,0x000602fe,0x67dd02fe,4,0x04
12507,0x000602ff,0x67dd02ff,2,0x02
12508,0x00060300,0x67dd0300,11,0x0b
12509,0x00060301,0x67dd0301,9,0x09
12510,0x00060302,0x67dd0302,5,0x05
12511,0x00060303,0x67dd0303,3,0x03
12512,0x00060304,0x67dd0304,-4,0xfc
12513,0x00060305,0x67dd0305,-6,0xfa
12514,0x00060306,0x67dd0306,-9,0xf7
12515,0x00060307,0x67dd0307,-10,0xf6
12516,0x00060308,0x67dd0308,-2,0xfe
12517,0x00060309,0x67dd0309,-4,0xfc
12518,0x0006030a,0x67dd030a,-8,0xf8
12519,0x0006030b,0x67dd030b,-9,0xf7
12520,0x0006030c,0x67dd030c,0,0x00
12521,0x0006030d,0x67dd030d,-3,0xfd
12522,0x0006030e,0x67dd030e,-6,0xfa
12523,0x0006030f,0x67dd030f,-8,0xf8
12524,0x00060310,0x67dd0310,1,0x01
12525,0x00060311,0x67dd0311,-2,0xfe
12526,0x00060312,0x67dd0312,-5,0xfb
12527,0x00060313,0x67dd0313,-7,0xf9
12528,0x00060314,0x67dd0314,-13,0xf3
12529,0x00060315,0x67dd0315,-13,0xf3
12530,0x00060316,0x67dd0316,-13,0xf3
12531,0x00060317,0x67dd0317,-12,0xf4
12532,0x00060318,0x67dd0318,0,0x00
12533,0x00060319,0x67dd0319,1,0x01
12534,0x0006031a,0x67dd031a,2,0x02
12535,0x0006031b,0x67dd031b,3,0x03
12536,0x0006031c,0x67dd031c,3,0x03
12537,0x0006031d,0x67dd031d,4,0x04
12538,0x0006031e,0x67dd031e,5,0x05
12539,0x0006031f,0x67dd031f,6,0x06
12540,0x00060320,0x67dd0320,3,0x03
12541,0x00060321,0x67dd0321,4,0x04
12542,0x00060322,0x67dd0322,4,0x04
12543,0x00060323,0x67dd0323,4,0x04
12544,0x00060324,0x67dd0324,-11,0xf5
12545,0x00060325,0x67dd0325,-10,0xf6
12546,0x00060326,0x67dd0326,-8,0xf8
12547,0x00060327,0x67dd0327,-8,0xf8
12548,0x00060328,0x67dd0328,4,0x04
12549,0x00060329,0x67dd0329,4,0x04
12550,0x0006032a,0x67dd032a,4,0x04
12551,0x0006032b,0x67dd032b,3,0x03
12552,0x0006032c,0x67dd032c,6,0x06
12553,0x0006032d,0x67dd032d,6,0x06
12554,0x0006032e,0x67dd032e,5,0x05
12555,0x0006032f,0x67dd032f,4,0x04
12556,0x00060330,0x67dd0330,3,0x03
12557,0x00060331,0x67dd0331,3,0x03
12558,0x00060332,0x67dd0332,3,0x03
12559,0x00060333,0x67dd0333,2,0x02
12560,0x00060334,0x67dd0334,10,0x0a
12561,0x00060335,0x67dd0335,10,0x0a
12562,0x00060336,0x67dd0336,11,0x0b
12563,0x00060337,0x67dd0337,10,0x0a
12564,0x00060338,0x67dd0338,6,0x06
12565,0x00060339,0x67dd0339,6,0x06
12566,0x0006033a,0x67dd033a,6,0x06
12567,0x0006033b,0x67dd033b,6,0x06
12568,0x0006033c,0x67dd033c,0,0x00
12569,0x0006033d,0x67dd033d,0,0x00
12570,0x0006033e,0x67dd033e,0,0x00
12571,0x0006033f,0x67dd033f,-1,0xff
12572,0x00060340,0x67dd0340,-10,0xf6
12573,0x00060341,0x67dd0341,-10,0xf6
12574,0x00060342,0x67dd0342,-11,0xf5
12575,0x00060343,0x67dd0343,-12,0xf4
12576,0x00060344,0x67dd0344,9,0x09
12577,0x00060345,0x67dd0345,9,0x09
12578,0x00060346,0x67dd0346,8,0x08
12579,0x00060347,0x67dd0347,7,0x07
12580,0x00060348,0x67dd0348,5,0x05
12581,0x00060349,0x67dd0349,4,0x04
12582,0x0006034a,0x67dd034a,3,0x03
12583,0x0006034b,0x67dd034b,2,0x02
12584,0x0006034c,0x67dd034c,-2,0xfe
12585,0x0006034d,0x67dd034d,-3,0xfd
12586,0x0006034e,0x67dd034e,-4,0xfc
12587,0x0006034f,0x67dd034f,-4,0xfc
12588,0x00060350,0x67dd0350,-13,0xf3
12589,0x00060351,0x67dd0351,-14,0xf2
12590,0x00060352,0x67dd0352,-14,0xf2
12591,0x00060353,0x67dd0353,-14,0xf2
12592,0x00060354,0x67dd0354,16,0x10
12593,0x00060355,0x67dd0355,16,0x10
12594,0x00060356,0x67dd0356,17,0x11
12595,0x00060357,0x67dd0357,16,0x10
12596,0x00060358,0x67dd0358,-1,0xff
12597,0x00060359,0x67dd0359,-2,0xfe
12598,0x0006035a,0x67dd035a,-3,0xfd
12599,0x0006035b,0x67dd035b,-4,0xfc
12600,0x0006035c,0x67dd035c,-4,0xfc
12601,0x0006035d,0x67dd035d,-5,0xfb
12602,0x0006035e,0x67dd035e,-6,0xfa
12603,0x0006035f,0x67dd035f,-6,0xfa
12604,0x00060360,0x67dd0360,-5,0xfb
12605,0x00060361,0x67dd0361,-6,0xfa
12606,0x00060362,0x67dd0362,-6,0xfa
12607,0x00060363,0x67dd0363,-6,0xfa
12608,0x00060364,0x67dd0364,15,0x0f
12609,0x00060365,0x67dd0365,13,0x0d
12610,0x00060366,0x67dd0366,12,0x0c
12611,0x00060367,0x67dd0367,11,0x0b
12612,0x00060368,0x67dd0368,-4,0xfc
12613,0x00060369,0x67dd0369,-4,0xfc
12614,0x0006036a,0x67dd036a,-4,0xfc
12615,0x0006036b,0x67dd036b,-3,0xfd
12616,0x0006036c,0x67dd036c,-6,0xfa
12617,0x0006036d,0x67dd036d,-6,0xfa
12618,0x0006036e,0x67dd036e,-6,0xfa
12619,0x0006036f,0x67dd036f,-6,0xfa
12620,0x00060370,0x67dd0370,-6,0xfa
12621,0x00060371,0x67dd0371,-6,0xfa
12622,0x00060372,0x67dd0372,-5,0xfb
12623,0x00060373,0x67dd0373,-5,0xfb
12624,0x00060374,0x67dd0374,-13,0xf3
12625,0x00060375,0x67dd0375,-13,0xf3
12626,0x00060376,0x67dd0376,-13,0xf3
12627,0x00060377,0x67dd0377,-12,0xf4
12628,0x00060378,0x67dd0378,-9,0xf7
12629,0x00060379,0x67dd0379,-8,0xf8
12630,0x0006037a,0x67dd037a,-7,0xf9
12631,0x0006037b,0x67dd037b,-6,0xfa
12632,0x0006037c,0x67dd037c,-2,0xfe
12633,0x0006037d,0x67dd037d,-1,0xff
12634,0x0006037e,0x67dd037e,1,0x01
12635,0x0006037f,0x67dd037f,3,0x03
12636,0x00060380,0x67dd0380,5,0x05
12637,0x00060381,0x67dd0381,7,0x07
12638,0x00060382,0x67dd0382,9,0x09
12639,0x00060383,0x67dd0383,11,0x0b
12640,0x00060384,0x67dd0384,-11,0xf5
12641,0x00060385,0x67dd0385,-10,0xf6
12642,0x00060386,0x67dd0386,-8,0xf8
12643,0x00060387,0x67dd0387,-6,0xfa
12644,0x00060388,0x67dd0388,-4,0xfc
12645,0x00060389,0x67dd0389,-2,0xfe
12646,0x0006038a,0x67dd038a,0,0x00
12647,0x0006038b,0x67dd038b,1,0x01
12648,0x0006038c,0x67dd038c,5,0x05
12649,0x0006038d,0x67dd038d,7,0x07
12650,0x0006038e,0x67dd038e,8,0x08
12651,0x0006038f,0x67dd038f,9,0x09
12652,0x00060390,0x67dd0390,13,0x0d
12653,0x00060391,0x67dd0391,14,0x0e
12654,0x00060392,0x67dd0392,15,0x0f
12655,0x00060393,0x67dd0393,15,0x0f
12656,0x00060394,0x67dd0394,16,0x10
12657,0x00060395,0x67dd0395,14,0x0e
12658,0x00060396,0x67dd0396,11,0x0b
12659,0x00060397,0x67dd0397,7,0x07
12660,0x00060398,0x67dd0398,14,0x0e
12661,0x00060399,0x67dd0399,12,0x0c
12662,0x0006039a,0x67dd039a,8,0x08
12663,0x0006039b,0x67dd039b,3,0x03
12664,0x0006039c,0x67dd039c,11,0x0b
12665,0x0006039d,0x67dd039d,9,0x09
12666,0x0006039e,0x67dd039e,4,0x04
12667,0x0006039f,0x67dd039f,0,0x00
12668,0x000603a0,0x67dd03a0,8,0x08
12669,0x000603a1,0x67dd03a1,5,0x05
12670,0x000603a2,0x67dd03a2,1,0x01
12671,0x000603a3,0x67dd03a3,-3,0xfd
12672,0x000603a4,0x67dd03a4,2,0x02
12673,0x000603a5,0x67dd03a5,-3,0xfd
12674,0x000603a6,0x67dd03a6,-7,0xf9
12675,0x000603a7,0x67dd03a7,-9,0xf7
12676,0x000603a8,0x67dd03a8,-1,0xff
12677,0x000603a9,0x67dd03a9,-6,0xfa
12678,0x000603aa,0x67dd03aa,-9,0xf7
12679,0x000603ab,0x67dd03ab,-11,0xf5
12680,0x000603ac,0x67dd03ac,-4,0xfc
12681,0x000603ad,0x67dd03ad,-8,0xf8
12682,0x000603ae,0x67dd03ae,-11,0xf5
12683,0x000603af,0x67dd03af,-13,0xf3
12684,0x000603b0,0x67dd03b0,-6,0xfa
12685,0x000603b1,0x67dd03b1,-10,0xf6
12686,0x000603b2,0x67dd03b2,-12,0xf4
12687,0x000603b3,0x67dd03b3,-14,0xf2
12688,0x000603b4,0x67dd03b4,-18,0xee
12689,0x000603b5,0x67dd03b5,-15,0xf1
12690,0x000603b6,0x67dd03b6,-9,0xf7
12691,0x000603b7,0x67dd03b7,-3,0xfd
12692,0x000603b8,0x67dd03b8,-17,0xef
12693,0x000603b9,0x67dd03b9,-13,0xf3
12694,0x000603ba,0x67dd03ba,-7,0xf9
12695,0x000603bb,0x67dd03bb,-1,0xff
12696,0x000603bc,0x67dd03bc,-15,0xf1
12697,0x000603bd,0x67dd03bd,-11,0xf5
12698,0x000603be,0x67dd03be,-5,0xfb
12699,0x000603bf,0x67dd03bf,1,0x01
12700,0x000603c0,0x67dd03c0,-13,0xf3
12701,0x000603c1,0x67dd03c1,-9,0xf7
12702,0x000603c2,0x67dd03c2,-3,0xfd
12703,0x000603c3,0x67dd03c3,2,0x02
12704,0x000603c4,0x67dd03c4,1,0x01
12705,0x000603c5,0x67dd03c5,6,0x06
12706,0x000603c6,0x67dd03c6,9,0x09
12707,0x000603c7,0x67dd03c7,11,0x0b
12708,0x000603c8,0x67dd03c8,3,0x03
12709,0x000603c9,0x67dd03c9,7,0x07
12710,0x000603ca,0x67dd03ca,11,0x0b
12711,0x000603cb,0x67dd03cb,12,0x0c
12712,0x000603cc,0x67dd03cc,5,0x05
12713,0x000603cd,0x67dd03cd,9,0x09
12714,0x000603ce,0x67dd03ce,12,0x0c
12715,0x000603cf,0x67dd03cf,13,0x0d
12716,0x000603d0,0x67dd03d0,5,0x05
12717,0x000603d1,0x67dd03d1,9,0x09
12718,0x000603d2,0x67dd03d2,11,0x0b
12719,0x000603d3,0x67dd03d3,13,0x0d
12720,0x000603d4,0x67dd03d4,22,0x16
12721,0x000603d5,0x67dd03d5,21,0x15
12722,0x000603d6,0x67dd03d6,19,0x13
12723,0x000603d7,0x67dd03d7,15,0x0f
12724,0x000603d8,0x67dd03d8,20,0x14
12725,0x000603d9,0x67dd03d9,18,0x12
12726,0x000603da,0x67dd03da,15,0x0f
12727,0x000603db,0x67dd03db,9,0x09
12728,0x000603dc,0x67dd03dc,16,0x10
12729,0x000603dd,0x67dd03dd,13,0x0d
12730,0x000603de,0x67dd03de,8,0x08
12731,0x000603df,0x67dd03df,1,0x01
12732,0x000603e0,0x67dd03e0,10,0x0a
12733,0x000603e1,0x67dd03e1,6,0x06
12734,0x000603e2,0x67dd03e2,-1,0xff
12735,0x000603e3,0x67dd03e3,-8,0xf8
12736,0x000603e4,0x67dd03e4,10,0x0a
12737,0x000603e5,0x67dd03e5,3,0x03
12738,0x000603e6,0x67dd03e6,-4,0xfc
12739,0x000603e7,0x67dd03e7,-9,0xf7
12740,0x000603e8,0x67dd03e8,2,0x02
12741,0x000603e9,0x67dd03e9,-5,0xfb
12742,0x000603ea,0x67dd03ea,-12,0xf4
12743,0x000603eb,0x67dd03eb,-17,0xef
12744,0x000603ec,0x67dd03ec,-7,0xf9
12745,0x000603ed,0x67dd03ed,-14,0xf2
12746,0x000603ee,0x67dd03ee,-20,0xec
12747,0x000603ef,0x67dd03ef,-24,0xe8
12748,0x000603f0,0x67dd03f0,-15,0xf1
12749,0x000603f1,0x67dd03f1,-21,0xeb
12750,0x000603f2,0x67dd03f2,-25,0xe7
12751,0x000603f3,0x67dd03f3,-27,0xe5
12752,0x000603f4,0x67dd03f4,-25,0xe7
12753,0x000603f5,0x67dd03f5,-23,0xe9
12754,0x000603f6,0x67dd03f6,-20,0xec
12755,0x000603f7,0x67dd03f7,-14,0xf2
12756,0x000603f8,0x67dd03f8,-23,0xe9
12757,0x000603f9,0x67dd03f9,-21,0xeb
12758,0x000603fa,0x67dd03fa,-16,0xf0
12759,0x000603fb,0x67dd03fb,-9,0xf7
12760,0x000603fc,0x67dd03fc,-20,0xec
12761,0x000603fd,0x67dd03fd,-16,0xf0
12762,0x000603fe,0x67dd03fe,-10,0xf6
12763,0x000603ff,0x67dd03ff,-1,0xff
12764,0x00060400,0x67dd0400,-15,0xf1
12765,0x00060401,0x67dd0401,-11,0xf5
12766,0x00060402,0x67dd0402,-3,0xfd
12767,0x00060403,0x67dd0403,6,0x06
12768,0x00060404,0x67dd0404,-7,0xf9
12769,0x00060405,0x67dd0405,1,0x01
12770,0x00060406,0x67dd0406,9,0x09
12771,0x00060407,0x67dd0407,14,0x0e
12772,0x00060408,0x67dd0408,0,0x00
12773,0x00060409,0x67dd0409,9,0x09
12774,0x0006040a,0x67dd040a,16,0x10
12775,0x0006040b,0x67dd040b,21,0x15
12776,0x0006040c,0x67dd040c,8,0x08
12777,0x0006040d,0x67dd040d,16,0x10
12778,0x0006040e,0x67dd040e,22,0x16
12779,0x0006040f,0x67dd040f,25,0x19
12780,0x00060410,0x67dd0410,14,0x0e
12781,0x00060411,0x67dd0411,20,0x14
12782,0x00060412,0x67dd0412,25,0x19
12783,0x00060413,0x67dd0413,27,0x1b
12784,0x00060414,0x67dd0414,-4,0xfc
12785,0x00060415,0x67dd0415,-2,0xfe
12786,0x00060416,0x67dd0416,0,0x00
12787,0x00060417,0x67dd0417,1,0x01
12788,0x00060418,0x67dd0418,-5,0xfb
12789,0x00060419,0x67dd0419,-2,0xfe
12790,0x0006041a,0x67dd041a,0,0x00
12791,0x0006041b,0x67dd041b,2,0x02
12792,0x0006041c,0x67dd041c,-6,0xfa
12793,0x0006041d,0x67dd041d,-4,0xfc
12794,0x0006041e,0x67dd041e,-1,0xff
12795,0x0006041f,0x67dd041f,1,0x01
12796,0x00060420,0x67dd0420,-7,0xf9
12797,0x00060421,0x67dd0421,-5,0xfb
12798,0x00060422,0x67dd0422,-2,0xfe
12799,0x00060423,0x67dd0423,0,0x00
12800,0x00060424,0x67dd0424,2,0x02
12801,0x00060425,0x67dd0425,2,0x02
12802,0x00060426,0x67dd0426,2,0x02
12803,0x00060427,0x67dd0427,2,0x02
12804,0x00060428,0x67dd0428,3,0x03
12805,0x00060429,0x67dd0429,3,0x03
12806,0x0006042a,0x67dd042a,3,0x03
12807,0x0006042b,0x67dd042b,3,0x03
12808,0x0006042c,0x67dd042c,2,0x02
12809,0x0006042d,0x67dd042d,3,0x03
12810,0x0006042e,0x67dd042e,3,0x03
12811,0x0006042f,0x67dd042f,3,0x03
12812,0x00060430,0x67dd0430,1,0x01
12813,0x00060431,0x67dd0431,1,0x01
12814,0x00060432,0x67dd0432,2,0x02
12815,0x00060433,0x67dd0433,2,0x02
12816,0x00060434,0x67dd0434,2,0x02
12817,0x00060435,0x67dd0435,1,0x01
12818,0x00060436,0x67dd0436,1,0x01
12819,0x00060437,0x67dd0437,1,0x01
12820,0x00060438,0x67dd0438,3,0x03
12821,0x00060439,0x67dd0439,3,0x03
12822,0x0006043a,0x67dd043a,2,0x02
12823,0x0006043b,0x67dd043b,1,0x01
12824,0x0006043c,0x67dd043c,4,0x04
12825,0x0006043d,0x67dd043d,3,0x03
12826,0x0006043e,0x67dd043e,2,0x02
12827,0x0006043f,0x67dd043f,1,0x01
12828,0x00060440,0x67dd0440,5,0x05
12829,0x00060441,0x67dd0441,4,0x04
12830,0x00060442,0x67dd0442,3,0x03
12831,0x00060443,0x67dd0443,1,0x01
12832,0x00060444,0x67dd0444,1,0x01
12833,0x00060445,0x67dd0445,0,0x00
12834,0x00060446,0x67dd0446,-2,0xfe
12835,0x00060447,0x67dd0447,-3,0xfd
12836,0x00060448,0x67dd0448,0,0x00
12837,0x00060449,0x67dd0449,-1,0xff
12838,0x0006044a,0x67dd044a,-3,0xfd
12839,0x0006044b,0x67dd044b,-4,0xfc
12840,0x0006044c,0x67dd044c,0,0x00
12841,0x0006044d,0x67dd044d,-2,0xfe
12842,0x0006044e,0x67dd044e,-4,0xfc
12843,0x0006044f,0x67dd044f,-6,0xfa
12844,0x00060450,0x67dd0450,-1,0xff
12845,0x00060451,0x67dd0451,-3,0xfd
12846,0x00060452,0x67dd0452,-5,0xfb
12847,0x00060453,0x67dd0453,-6,0xfa
12848,0x00060454,0x67dd0454,5,0x05
12849,0x00060455,0x67dd0455,6,0x06
12850,0x00060456,0x67dd0456,6,0x06
12851,0x00060457,0x67dd0457,4,0x04
12852,0x00060458,0x67dd0458,3,0x03
12853,0x00060459,0x67dd0459,4,0x04
12854,0x0006045a,0x67dd045a,4,0x04
12855,0x0006045b,0x67dd045b,4,0x04
12856,0x0006045c,0x67dd045c,-2,0xfe
12857,0x0006045d,0x67dd045d,-2,0xfe
12858,0x0006045e,0x67dd045e,-1,0xff
12859,0x0006045f,0x67dd045f,-1,0xff
12860,0x00060460,0x67dd0460,-5,0xfb
12861,0x00060461,0x67dd0461,-4,0xfc
12862,0x00060462,0x67dd0462,-3,0xfd
12863,0x00060463,0x67dd0463,-2,0xfe
12864,0x00060464,0x67dd0464,2,0x02
12865,0x00060465,0x67dd0465,0,0x00
12866,0x00060466,0x67dd0466,-2,0xfe
12867,0x00060467,0x67dd0467,-3,0xfd
12868,0x00060468,0x67dd0468,3,0x03
12869,0x00060469,0x67dd0469,1,0x01
12870,0x0006046a,0x67dd046a,0,0x00
12871,0x0006046b,0x67dd046b,-1,0xff
12872,0x0006046c,0x67dd046c,-1,0xff
12873,0x0006046d,0x67dd046d,-1,0xff
12874,0x0006046e,0x67dd046e,-2,0xfe
12875,0x0006046f,0x67dd046f,-2,0xfe
12876,0x00060470,0x67dd0470,-2,0xfe
12877,0x00060471,0x67dd0471,-2,0xfe
12878,0x00060472,0x67dd0472,-3,0xfd
12879,0x00060473,0x67dd0473,-3,0xfd
12880,0x00060474,0x67dd0474,-1,0xff
12881,0x00060475,0x67dd0475,-1,0xff
12882,0x00060476,0x67dd0476,-1,0xff
12883,0x00060477,0x67dd0477,-1,0xff
12884,0x00060478,0x67dd0478,-3,0xfd
12885,0x00060479,0x67dd0479,-4,0xfc
12886,0x0006047a,0x67dd047a,-4,0xfc
12887,0x0006047b,0x67dd047b,-4,0xfc
12888,0x0006047c,0x67dd047c,-1,0xff
12889,0x0006047d,0x67dd047d,-1,0xff
12890,0x0006047e,0x67dd047e,-1,0xff
12891,0x0006047f,0x67dd047f,-1,0xff
12892,0x00060480,0x67dd0480,5,0x05
12893,0x00060481,0x67dd0481,6,0x06
12894,0x00060482,0x67dd0482,6,0x06
12895,0x00060483,0x67dd0483,6,0x06
12896,0x00060484,0x67dd0484,-1,0xff
12897,0x00060485,0x67dd0485,-1,0xff
12898,0x00060486,0x67dd0486,-1,0xff
12899,0x00060487,0x67dd0487,-1,0xff
12900,0x00060488,0x67dd0488,-3,0xfd
12901,0x00060489,0x67dd0489,-3,0xfd
12902,0x0006048a,0x67dd048a,-3,0xfd
12903,0x0006048b,0x67dd048b,-3,0xfd
12904,0x0006048c,0x67dd048c,-1,0xff
12905,0x0006048d,0x67dd048d,-1,0xff
12906,0x0006048e,0x67dd048e,-1,0xff
12907,0x0006048f,0x67dd048f,-2,0xfe
12908,0x00060490,0x67dd0490,6,0x06
12909,0x00060491,0x67dd0491,5,0x05
12910,0x00060492,0x67dd0492,4,0x04
12911,0x00060493,0x67dd0493,3,0x03
12912,0x00060494,0x67dd0494,4,0x04
12913,0x00060495,0x67dd0495,4,0x04
12914,0x00060496,0x67dd0496,4,0x04
12915,0x00060497,0x67dd0497,4,0x04
12916,0x00060498,0x67dd0498,0,0x00
12917,0x00060499,0x67dd0499,-1,0xff
12918,0x0006049a,0x67dd049a,-1,0xff
12919,0x0006049b,0x67dd049b,-1,0xff
12920,0x0006049c,0x67dd049c,-2,0xfe
12921,0x0006049d,0x67dd049d,-3,0xfd
12922,0x0006049e,0x67dd049e,-3,0xfd
12923,0x0006049f,0x67dd049f,-3,0xfd
12924,0x000604a0,0x67dd04a0,-3,0xfd
12925,0x000604a1,0x67dd04a1,-3,0xfd
12926,0x000604a2,0x67dd04a2,-4,0xfc
12927,0x000604a3,0x67dd04a3,-4,0xfc
12928,0x000604a4,0x67dd04a4,4,0x04
12929,0x000604a5,0x67dd04a5,5,0x05
12930,0x000604a6,0x67dd04a6,6,0x06
12931,0x000604a7,0x67dd04a7,7,0x07
12932,0x000604a8,0x67dd04a8,-1,0xff
12933,0x000604a9,0x67dd04a9,0,0x00
12934,0x000604aa,0x67dd04aa,1,0x01
12935,0x000604ab,0x67dd04ab,2,0x02
12936,0x000604ac,0x67dd04ac,-3,0xfd
12937,0x000604ad,0x67dd04ad,-2,0xfe
12938,0x000604ae,0x67dd04ae,-1,0xff
12939,0x000604af,0x67dd04af,0,0x00
12940,0x000604b0,0x67dd04b0,-4,0xfc
12941,0x000604b1,0x67dd04b1,-3,0xfd
12942,0x000604b2,0x67dd04b2,-2,0xfe
12943,0x000604b3,0x67dd04b3,-1,0xff
12944,0x000604b4,0x67dd04b4,0,0x00
12945,0x000604b5,0x67dd04b5,-2,0xfe
12946,0x000604b6,0x67dd04b6,-4,0xfc
12947,0x000604b7,0x67dd04b7,-4,0xfc
12948,0x000604b8,0x67dd04b8,0,0x00
12949,0x000604b9,0x67dd04b9,-2,0xfe
12950,0x000604ba,0x67dd04ba,-3,0xfd
12951,0x000604bb,0x67dd04bb,-3,0xfd
12952,0x000604bc,0x67dd04bc,-1,0xff
12953,0x000604bd,0x67dd04bd,-2,0xfe
12954,0x000604be,0x67dd04be,-4,0xfc
12955,0x000604bf,0x67dd04bf,-3,0xfd
12956,0x000604c0,0x67dd04c0,-2,0xfe
12957,0x000604c1,0x67dd04c1,-3,0xfd
12958,0x000604c2,0x67dd04c2,-4,0xfc
12959,0x000604c3,0x67dd04c3,-3,0xfd
12960,0x000604c4,0x67dd04c4,-2,0xfe
12961,0x000604c5,0x67dd04c5,0,0x00
12962,0x000604c6,0x67dd04c6,2,0x02
12963,0x000604c7,0x67dd04c7,3,0x03
12964,0x000604c8,0x67dd04c8,-1,0xff
12965,0x000604c9,0x67dd04c9,2,0x02
12966,0x000604ca,0x67dd04ca,4,0x04
12967,0x000604cb,0x67dd04cb,5,0x05
12968,0x000604cc,0x67dd04cc,0,0x00
12969,0x000604cd,0x67dd04cd,3,0x03
12970,0x000604ce,0x67dd04ce,5,0x05
12971,0x000604cf,0x67dd04cf,6,0x06
12972,0x000604d0,0x67dd04d0,-1,0xff
12973,0x000604d1,0x67dd04d1,2,0x02
12974,0x000604d2,0x67dd04d2,4,0x04
12975,0x000604d3,0x67dd04d3,5,0x05
12976,0x000604d4,0x67dd04d4,9,0x09
12977,0x000604d5,0x67dd04d5,4,0x04
12978,0x000604d6,0x67dd04d6,0,0x00
12979,0x000604d7,0x67dd04d7,-3,0xfd
12980,0x000604d8,0x67dd04d8,8,0x08
12981,0x000604d9,0x67dd04d9,4,0x04
12982,0x000604da,0x67dd04da,-1,0xff
12983,0x000604db,0x67dd04db,-4,0xfc
12984,0x000604dc,0x67dd04dc,6,0x06
12985,0x000604dd,0x67dd04dd,2,0x02
12986,0x000604de,0x67dd04de,-3,0xfd
12987,0x000604df,0x67dd04df,-5,0xfb
12988,0x000604e0,0x67dd04e0,5,0x05
12989,0x000604e1,0x67dd04e1,1,0x01
12990,0x000604e2,0x67dd04e2,-3,0xfd
12991,0x000604e3,0x67dd04e3,-4,0xfc
12992,0x000604e4,0x67dd04e4,-3,0xfd
12993,0x000604e5,0x67dd04e5,-1,0xff
12994,0x000604e6,0x67dd04e6,0,0x00
12995,0x000604e7,0x67dd04e7,1,0x01
12996,0x000604e8,0x67dd04e8,-3,0xfd
12997,0x000604e9,0x67dd04e9,-1,0xff
12998,0x000604ea,0x67dd04ea,1,0x01
12999,0x000604eb,0x67dd04eb,2,0x02
13000,0x000604ec,0x67dd04ec,-4,0xfc
13001,0x000604ed,0x67dd04ed,-2,0xfe
13002,0x000604ee,0x67dd04ee,0,0x00
13003,0x000604ef,0x67dd04ef,1,0x01
13004,0x000604f0,0x67dd04f0,-4,0xfc
13005,0x000604f1,0x67dd04f1,-2,0xfe
13006,0x000604f2,0x67dd04f2,0,0x00
13007,0x000604f3,0x67dd04f3,1,0x01
13008,0x000604f4,0x67dd04f4,5,0x05
13009,0x000604f5,0x67dd04f5,3,0x03
13010,0x000604f6,0x67dd04f6,1,0x01
13011,0x000604f7,0x67dd04f7,-1,0xff
13012,0x000604f8,0x67dd04f8,3,0x03
13013,0x000604f9,0x67dd04f9,3,0x03
13014,0x000604fa,0x67dd04fa,2,0x02
13015,0x000604fb,0x67dd04fb,1,0x01
13016,0x000604fc,0x67dd04fc,1,0x01
13017,0x000604fd,0x67dd04fd,1,0x01
13018,0x000604fe,0x67dd04fe,1,0x01
13019,0x000604ff,0x67dd04ff,2,0x02
13020,0x00060500,0x67dd0500,-1,0xff
13021,0x00060501,0x67dd0501,0,0x00
13022,0x00060502,0x67dd0502,1,0x01
13023,0x00060503,0x67dd0503,2,0x02
13024,0x00060504,0x67dd0504,-4,0xfc
13025,0x00060505,0x67dd0505,-8,0xf8
13026,0x00060506,0x67dd0506,-10,0xf6
13027,0x00060507,0x67dd0507,-10,0xf6
13028,0x00060508,0x67dd0508,0,0x00
13029,0x00060509,0x67dd0509,-2,0xfe
13030,0x0006050a,0x67dd050a,-3,0xfd
13031,0x0006050b,0x67dd050b,-4,0xfc
13032,0x0006050c,0x67dd050c,3,0x03
13033,0x0006050d,0x67dd050d,2,0x02
13034,0x0006050e,0x67dd050e,1,0x01
13035,0x0006050f,0x67dd050f,0,0x00
13036,0x00060510,0x67dd0510,3,0x03
13037,0x00060511,0x67dd0511,4,0x04
13038,0x00060512,0x67dd0512,3,0x03
13039,0x00060513,0x67dd0513,2,0x02
13040,0x00060514,0x67dd0514,0,0x00
13041,0x00060515,0x67dd0515,1,0x01
13042,0x00060516,0x67dd0516,2,0x02
13043,0x00060517,0x67dd0517,2,0x02
13044,0x00060518,0x67dd0518,0,0x00
13045,0x00060519,0x67dd0519,1,0x01
13046,0x0006051a,0x67dd051a,1,0x01
13047,0x0006051b,0x67dd051b,1,0x01
13048,0x0006051c,0x67dd051c,-3,0xfd
13049,0x0006051d,0x67dd051d,-3,0xfd
13050,0x0006051e,0x67dd051e,-3,0xfd
13051,0x0006051f,0x67dd051f,-3,0xfd
13052,0x00060520,0x67dd0520,-4,0xfc
13053,0x00060521,0x67dd0521,-4,0xfc
13054,0x00060522,0x67dd0522,-3,0xfd
13055,0x00060523,0x67dd0523,0,0x00
13056,0x00060524,0x67dd0524,1,0x01
13057,0x00060525,0x67dd0525,-1,0xff
13058,0x00060526,0x67dd0526,-3,0xfd
13059,0x00060527,0x67dd0527,-3,0xfd
13060,0x00060528,0x67dd0528,-1,0xff
13061,0x00060529,0x67dd0529,-2,0xfe
13062,0x0006052a,0x67dd052a,-4,0xfc
13063,0x0006052b,0x67dd052b,-3,0xfd
13064,0x0006052c,0x67dd052c,-3,0xfd
13065,0x0006052d,0x67dd052d,-3,0xfd
13066,0x0006052e,0x67dd052e,-1,0xff
13067,0x0006052f,0x67dd052f,2,0x02
13068,0x00060530,0x67dd0530,3,0x03
13069,0x00060531,0x67dd0531,7,0x07
13070,0x00060532,0x67dd0532,12,0x0c
13071,0x00060533,0x67dd0533,14,0x0e
13072,0x00060534,0x67dd0534,-5,0xfb
13073,0x00060535,0x67dd0535,-5,0xfb
13074,0x00060536,0x67dd0536,-6,0xfa
13075,0x00060537,0x67dd0537,-6,0xfa
13076,0x00060538,0x67dd0538,2,0x02
13077,0x00060539,0x67dd0539,2,0x02
13078,0x0006053a,0x67dd053a,2,0x02
13079,0x0006053b,0x67dd053b,1,0x01
13080,0x0006053c,0x67dd053c,4,0x04
13081,0x0006053d,0x67dd053d,4,0x04
13082,0x0006053e,0x67dd053e,3,0x03
13083,0x0006053f,0x67dd053f,2,0x02
13084,0x00060540,0x67dd0540,6,0x06
13085,0x00060541,0x67dd0541,6,0x06
13086,0x00060542,0x67dd0542,5,0x05
13087,0x00060543,0x67dd0543,4,0x04
13088,0x00060544,0x67dd0544,-6,0xfa
13089,0x00060545,0x67dd0545,-6,0xfa
13090,0x00060546,0x67dd0546,-6,0xfa
13091,0x00060547,0x67dd0547,-5,0xfb
13092,0x00060548,0x67dd0548,0,0x00
13093,0x00060549,0x67dd0549,0,0x00
13094,0x0006054a,0x67dd054a,0,0x00
13095,0x0006054b,0x67dd054b,0,0x00
13096,0x0006054c,0x67dd054c,1,0x01
13097,0x0006054d,0x67dd054d,0,0x00
13098,0x0006054e,0x67dd054e,0,0x00
13099,0x0006054f,0x67dd054f,0,0x00
13100,0x00060550,0x67dd0550,2,0x02
13101,0x00060551,0x67dd0551,2,0x02
13102,0x00060552,0x67dd0552,1,0x01
13103,0x00060553,0x67dd0553,1,0x01
13104,0x00060554,0x67dd0554,-7,0xf9
13105,0x00060555,0x67dd0555,-7,0xf9
13106,0x00060556,0x67dd0556,-6,0xfa
13107,0x00060557,0x67dd0557,-3,0xfd
13108,0x00060558,0x67dd0558,-1,0xff
13109,0x00060559,0x67dd0559,-2,0xfe
13110,0x0006055a,0x67dd055a,-3,0xfd
13111,0x0006055b,0x67dd055b,-3,0xfd
13112,0x0006055c,0x67dd055c,3,0x03
13113,0x0006055d,0x67dd055d,3,0x03
13114,0x0006055e,0x67dd055e,1,0x01
13115,0x0006055f,0x67dd055f,-1,0xff
13116,0x00060560,0x67dd0560,6,0x06
13117,0x00060561,0x67dd0561,6,0x06
13118,0x00060562,0x67dd0562,4,0x04
13119,0x00060563,0x67dd0563,2,0x02
13120,0x00060564,0x67dd0564,0,0x00
13121,0x00060565,0x67dd0565,4,0x04
13122,0x00060566,0x67dd0566,7,0x07
13123,0x00060567,0x67dd0567,8,0x08
13124,0x00060568,0x67dd0568,-2,0xfe
13125,0x00060569,0x67dd0569,-1,0xff
13126,0x0006056a,0x67dd056a,1,0x01
13127,0x0006056b,0x67dd056b,2,0x02
13128,0x0006056c,0x67dd056c,-2,0xfe
13129,0x0006056d,0x67dd056d,-2,0xfe
13130,0x0006056e,0x67dd056e,-2,0xfe
13131,0x0006056f,0x67dd056f,-1,0xff
13132,0x00060570,0x67dd0570,0,0x00
13133,0x00060571,0x67dd0571,-2,0xfe
13134,0x00060572,0x67dd0572,-2,0xfe
13135,0x00060573,0x67dd0573,-2,0xfe
13136,0x00060574,0x67dd0574,-6,0xfa
13137,0x00060575,0x67dd0575,-5,0xfb
13138,0x00060576,0x67dd0576,-2,0xfe
13139,0x00060577,0x67dd0577,2,0x02
13140,0x00060578,0x67dd0578,-4,0xfc
13141,0x00060579,0x67dd0579,-4,0xfc
13142,0x0006057a,0x67dd057a,-2,0xfe
13143,0x0006057b,0x67dd057b,0,0x00
13144,0x0006057c,0x67dd057c,-3,0xfd
13145,0x0006057d,0x67dd057d,-2,0xfe
13146,0x0006057e,0x67dd057e,-2,0xfe
13147,0x0006057f,0x67dd057f,-2,0xfe
13148,0x00060580,0x67dd0580,-2,0xfe
13149,0x00060581,0x67dd0581,-2,0xfe
13150,0x00060582,0x67dd0582,-2,0xfe
13151,0x00060583,0x67dd0583,-3,0xfd
13152,0x00060584,0x67dd0584,5,0x05
13153,0x00060585,0x67dd0585,9,0x09
13154,0x00060586,0x67dd0586,11,0x0b
13155,0x00060587,0x67dd0587,12,0x0c
13156,0x00060588,0x67dd0588,2,0x02
13157,0x00060589,0x67dd0589,4,0x04
13158,0x0006058a,0x67dd058a,5,0x05
13159,0x0006058b,0x67dd058b,6,0x06
13160,0x0006058c,0x67dd058c,-2,0xfe
13161,0x0006058d,0x67dd058d,-1,0xff
13162,0x0006058e,0x67dd058e,0,0x00
13163,0x0006058f,0x67dd058f,1,0x01
13164,0x00060590,0x67dd0590,-3,0xfd
13165,0x00060591,0x67dd0591,-3,0xfd
13166,0x00060592,0x67dd0592,-3,0xfd
13167,0x00060593,0x67dd0593,-2,0xfe
13168,0x00060594,0x67dd0594,-7,0xf9
13169,0x00060595,0x67dd0595,-3,0xfd
13170,0x00060596,0x67dd0596,1,0x01
13171,0x00060597,0x67dd0597,3,0x03
13172,0x00060598,0x67dd0598,-6,0xfa
13173,0x00060599,0x67dd0599,-2,0xfe
13174,0x0006059a,0x67dd059a,3,0x03
13175,0x0006059b,0x67dd059b,5,0x05
13176,0x0006059c,0x67dd059c,-5,0xfb
13177,0x0006059d,0x67dd059d,-1,0xff
13178,0x0006059e,0x67dd059e,4,0x04
13179,0x0006059f,0x67dd059f,6,0x06
13180,0x000605a0,0x67dd05a0,-4,0xfc
13181,0x000605a1,0x67dd05a1,0,0x00
13182,0x000605a2,0x67dd05a2,5,0x05
13183,0x000605a3,0x67dd05a3,7,0x07
13184,0x000605a4,0x67dd05a4,3,0x03
13185,0x000605a5,0x67dd05a5,0,0x00
13186,0x000605a6,0x67dd05a6,-3,0xfd
13187,0x000605a7,0x67dd05a7,-5,0xfb
13188,0x000605a8,0x67dd05a8,4,0x04
13189,0x000605a9,0x67dd05a9,1,0x01
13190,0x000605aa,0x67dd05aa,-3,0xfd
13191,0x000605ab,0x67dd05ab,-5,0xfb
13192,0x000605ac,0x67dd05ac,5,0x05
13193,0x000605ad,0x67dd05ad,2,0x02
13194,0x000605ae,0x67dd05ae,-3,0xfd
13195,0x000605af,0x67dd05af,-4,0xfc
13196,0x000605b0,0x67dd05b0,6,0x06
13197,0x000605b1,0x67dd05b1,3,0x03
13198,0x000605b2,0x67dd05b2,-1,0xff
13199,0x000605b3,0x67dd05b3,-3,0xfd
13200,0x000605b4,0x67dd05b4,0,0x00
13201,0x000605b5,0x67dd05b5,0,0x00
13202,0x000605b6,0x67dd05b6,0,0x00
13203,0x000605b7,0x67dd05b7,0,0x00
13204,0x000605b8,0x67dd05b8,-2,0xfe
13205,0x000605b9,0x67dd05b9,-2,0xfe
13206,0x000605ba,0x67dd05ba,-3,0xfd
13207,0x000605bb,0x67dd05bb,-3,0xfd
13208,0x000605bc,0x67dd05bc,6,0x06
13209,0x000605bd,0x67dd05bd,7,0x07
13210,0x000605be,0x67dd05be,8,0x08
13211,0x000605bf,0x67dd05bf,9,0x09
13212,0x000605c0,0x67dd05c0,-4,0xfc
13213,0x000605c1,0x67dd05c1,-4,0xfc
13214,0x000605c2,0x67dd05c2,-5,0xfb
13215,0x000605c3,0x67dd05c3,-5,0xfb
13216,0x000605c4,0x67dd05c4,0,0x00
13217,0x000605c5,0x67dd05c5,0,0x00
13218,0x000605c6,0x67dd05c6,0,0x00
13219,0x000605c7,0x67dd05c7,0,0x00
13220,0x000605c8,0x67dd05c8,-3,0xfd
13221,0x000605c9,0x67dd05c9,-3,0xfd
13222,0x000605ca,0x67dd05ca,-2,0xfe
13223,0x000605cb,0x67dd05cb,-1,0xff
13224,0x000605cc,0x67dd05cc,9,0x09
13225,0x000605cd,0x67dd05cd,8,0x08
13226,0x000605ce,0x67dd05ce,7,0x07
13227,0x000605cf,0x67dd05cf,6,0x06
13228,0x000605d0,0x67dd05d0,-6,0xfa
13229,0x000605d1,0x67dd05d1,-6,0xfa
13230,0x000605d2,0x67dd05d2,-5,0xfb
13231,0x000605d3,0x67dd05d3,-4,0xfc
13232,0x000605d4,0x67dd05d4,-9,0xf7
13233,0x000605d5,0x67dd05d5,-8,0xf8
13234,0x000605d6,0x67dd05d6,-6,0xfa
13235,0x000605d7,0x67dd05d7,-4,0xfc
13236,0x000605d8,0x67dd05d8,-5,0xfb
13237,0x000605d9,0x67dd05d9,-4,0xfc
13238,0x000605da,0x67dd05da,-1,0xff
13239,0x000605db,0x67dd05db,3,0x03
13240,0x000605dc,0x67dd05dc,1,0x01
13241,0x000605dd,0x67dd05dd,3,0x03
13242,0x000605de,0x67dd05de,6,0x06
13243,0x000605df,0x67dd05df,6,0x06
13244,0x000605e0,0x67dd05e0,6,0x06
13245,0x000605e1,0x67dd05e1,7,0x07
13246,0x000605e2,0x67dd05e2,5,0x05
13247,0x000605e3,0x67dd05e3,1,0x01
13248,0x000605e4,0x67dd05e4,0,0x00
13249,0x000605e5,0x67dd05e5,3,0x03
13250,0x000605e6,0x67dd05e6,6,0x06
13251,0x000605e7,0x67dd05e7,6,0x06
13252,0x000605e8,0x67dd05e8,5,0x05
13253,0x000605e9,0x67dd05e9,6,0x06
13254,0x000605ea,0x67dd05ea,5,0x05
13255,0x000605eb,0x67dd05eb,3,0x03
13256,0x000605ec,0x67dd05ec,4,0x04
13257,0x000605ed,0x67dd05ed,1,0x01
13258,0x000605ee,0x67dd05ee,-2,0xfe
13259,0x000605ef,0x67dd05ef,-5,0xfb
13260,0x000605f0,0x67dd05f0,-3,0xfd
13261,0x000605f1,0x67dd05f1,-7,0xf9
13262,0x000605f2,0x67dd05f2,-10,0xf6
13263,0x000605f3,0x67dd05f3,-11,0xf5
13264,0x000605f4,0x67dd05f4,10,0x0a
13265,0x000605f5,0x67dd05f5,9,0x09
13266,0x000605f6,0x67dd05f6,5,0x05
13267,0x000605f7,0x67dd05f7,1,0x01
13268,0x000605f8,0x67dd05f8,5,0x05
13269,0x000605f9,0x67dd05f9,3,0x03
13270,0x000605fa,0x67dd05fa,-1,0xff
13271,0x000605fb,0x67dd05fb,-5,0xfb
13272,0x000605fc,0x67dd05fc,-2,0xfe
13273,0x000605fd,0x67dd05fd,-4,0xfc
13274,0x000605fe,0x67dd05fe,-6,0xfa
13275,0x000605ff,0x67dd05ff,-6,0xfa
13276,0x00060600,0x67dd0600,-6,0xfa
13277,0x00060601,0x67dd0601,-7,0xf9
13278,0x00060602,0x67dd0602,-7,0xf9
13279,0x00060603,0x67dd0603,-4,0xfc
13280,0x00060604,0x67dd0604,-3,0xfd
13281,0x00060605,0x67dd0605,-6,0xfa
13282,0x00060606,0x67dd0606,-6,0xfa
13283,0x00060607,0x67dd0607,-4,0xfc
13284,0x00060608,0x67dd0608,-6,0xfa
13285,0x00060609,0x67dd0609,-5,0xfb
13286,0x0006060a,0x67dd060a,-2,0xfe
13287,0x0006060b,0x67dd060b,2,0x02
13288,0x0006060c,0x67dd060c,-4,0xfc
13289,0x0006060d,0x67dd060d,1,0x01
13290,0x0006060e,0x67dd060e,6,0x06
13291,0x0006060f,0x67dd060f,10,0x0a
13292,0x00060610,0x67dd0610,1,0x01
13293,0x00060611,0x67dd0611,7,0x07
13294,0x00060612,0x67dd0612,11,0x0b
13295,0x00060613,0x67dd0613,12,0x0c
13296,0x00060614,0x67dd0614,6,0x06
13297,0x00060615,0x67dd0615,5,0x05
13298,0x00060616,0x67dd0616,3,0x03
13299,0x00060617,0x67dd0617,2,0x02
13300,0x00060618,0x67dd0618,2,0x02
13301,0x00060619,0x67dd0619,1,0x01
13302,0x0006061a,0x67dd061a,-1,0xff
13303,0x0006061b,0x67dd061b,-2,0xfe
13304,0x0006061c,0x67dd061c,0,0x00
13305,0x0006061d,0x67dd061d,-1,0xff
13306,0x0006061e,0x67dd061e,-2,0xfe
13307,0x0006061f,0x67dd061f,-4,0xfc
13308,0x00060620,0x67dd0620,0,0x00
13309,0x00060621,0x67dd0621,0,0x00
13310,0x00060622,0x67dd0622,-1,0xff
13311,0x00060623,0x67dd0623,-2,0xfe
13312,0x00060624,0x67dd0624,0,0x00
13313,0x00060625,0x67dd0625,0,0x00
13314,0x00060626,0x67dd0626,0,0x00
13315,0x00060627,0x67dd0627,0,0x00
13316,0x00060628,0x67dd0628,-3,0xfd
13317,0x00060629,0x67dd0629,-2,0xfe
13318,0x0006062a,0x67dd062a,-1,0xff
13319,0x0006062b,0x67dd062b,-1,0xff
13320,0x0006062c,0x67dd062c,-4,0xfc
13321,0x0006062d,0x67dd062d,-2,0xfe
13322,0x0006062e,0x67dd062e,-1,0xff
13323,0x0006062f,0x67dd062f,1,0x01
13324,0x00060630,0x67dd0630,-1,0xff
13325,0x00060631,0x67dd0631,0,0x00
13326,0x00060632,0x67dd0632,2,0x02
13327,0x00060633,0x67dd0633,3,0x03
13328,0x00060634,0x67dd0634,0,0x00
13329,0x00060635,0x67dd0635,-1,0xff
13330,0x00060636,0x67dd0636,-2,0xfe
13331,0x00060637,0x67dd0637,-2,0xfe
13332,0x00060638,0x67dd0638,5,0x05
13333,0x00060639,0x67dd0639,4,0x04
13334,0x0006063a,0x67dd063a,2,0x02
13335,0x0006063b,0x67dd063b,1,0x01
13336,0x0006063c,0x67dd063c,6,0x06
13337,0x0006063d,0x67dd063d,5,0x05
13338,0x0006063e,0x67dd063e,3,0x03
13339,0x0006063f,0x67dd063f,1,0x01
13340,0x00060640,0x67dd0640,2,0x02
13341,0x00060641,0x67dd0641,0,0x00
13342,0x00060642,0x67dd0642,-2,0xfe
13343,0x00060643,0x67dd0643,-4,0xfc
13344,0x00060644,0x67dd0644,-2,0xfe
13345,0x00060645,0x67dd0645,-2,0xfe
13346,0x00060646,0x67dd0646,-1,0xff
13347,0x00060647,0x67dd0647,-1,0xff
13348,0x00060648,0x67dd0648,0,0x00
13349,0x00060649,0x67dd0649,0,0x00
13350,0x0006064a,0x67dd064a,0,0x00
13351,0x0006064b,0x67dd064b,0,0x00
13352,0x0006064c,0x67dd064c,0,0x00
13353,0x0006064d,0x67dd064d,0,0x00
13354,0x0006064e,0x67dd064e,0,0x00
13355,0x0006064f,0x67dd064f,0,0x00
13356,0x00060650,0x67dd0650,-4,0xfc
13357,0x00060651,0x67dd0651,-3,0xfd
13358,0x00060652,0x67dd0652,-2,0xfe
13359,0x00060653,0x67dd0653,-2,0xfe
13360,0x00060654,0x67dd0654,-7,0xf9
13361,0x00060655,0x67dd0655,-4,0xfc
13362,0x00060656,0x67dd0656,0,0x00
13363,0x00060657,0x67dd0657,2,0x02
13364,0x00060658,0x67dd0658,-7,0xf9
13365,0x00060659,0x67dd0659,-3,0xfd
13366,0x0006065a,0x67dd065a,0,0x00
13367,0x0006065b,0x67dd065b,0,0x00
13368,0x0006065c,0x67dd065c,-4,0xfc
13369,0x0006065d,0x67dd065d,-1,0xff
13370,0x0006065e,0x67dd065e,1,0x01
13371,0x0006065f,0x67dd065f,1,0x01
13372,0x00060660,0x67dd0660,-1,0xff
13373,0x00060661,0x67dd0661,1,0x01
13374,0x00060662,0x67dd0662,2,0x02
13375,0x00060663,0x67dd0663,2,0x02
13376,0x00060664,0x67dd0664,2,0x02
13377,0x00060665,0x67dd0665,2,0x02
13378,0x00060666,0x67dd0666,2,0x02
13379,0x00060667,0x67dd0667,1,0x01
13380,0x00060668,0x67dd0668,0,0x00
13381,0x00060669,0x67dd0669,0,0x00
13382,0x0006066a,0x67dd066a,0,0x00
13383,0x0006066b,0x67dd066b,0,0x00
13384,0x0006066c,0x67dd066c,0,0x00
13385,0x0006066d,0x67dd066d,0,0x00
13386,0x0006066e,0x67dd066e,0,0x00
13387,0x0006066f,0x67dd066f,1,0x01
13388,0x00060670,0x67dd0670,2,0x02
13389,0x00060671,0x67dd0671,2,0x02
13390,0x00060672,0x67dd0672,3,0x03
13391,0x00060673,0x67dd0673,3,0x03
13392,0x00060674,0x67dd0674,-2,0xfe
13393,0x00060675,0x67dd0675,0,0x00
13394,0x00060676,0x67dd0676,2,0x02
13395,0x00060677,0x67dd0677,2,0x02
13396,0x00060678,0x67dd0678,-1,0xff
13397,0x00060679,0x67dd0679,1,0x01
13398,0x0006067a,0x67dd067a,2,0x02
13399,0x0006067b,0x67dd067b,2,0x02
13400,0x0006067c,0x67dd067c,0,0x00
13401,0x0006067d,0x67dd067d,2,0x02
13402,0x0006067e,0x67dd067e,4,0x04
13403,0x0006067f,0x67dd067f,2,0x02
13404,0x00060680,0x67dd0680,1,0x01
13405,0x00060681,0x67dd0681,2,0x02
13406,0x00060682,0x67dd0682,3,0x03
13407,0x00060683,0x67dd0683,1,0x01
13408,0x00060684,0x67dd0684,1,0x01
13409,0x00060685,0x67dd0685,1,0x01
13410,0x00060686,0x67dd0686,1,0x01
13411,0x00060687,0x67dd0687,1,0x01
13412,0x00060688,0x67dd0688,1,0x01
13413,0x00060689,0x67dd0689,0,0x00
13414,0x0006068a,0x67dd068a,0,0x00
13415,0x0006068b,0x67dd068b,-1,0xff
13416,0x0006068c,0x67dd068c,0,0x00
13417,0x0006068d,0x67dd068d,-1,0xff
13418,0x0006068e,0x67dd068e,-2,0xfe
13419,0x0006068f,0x67dd068f,-3,0xfd
13420,0x00060690,0x67dd0690,-2,0xfe
13421,0x00060691,0x67dd0691,-4,0xfc
13422,0x00060692,0x67dd0692,-6,0xfa
13423,0x00060693,0x67dd0693,-6,0xfa
13424,0x00060694,0x67dd0694,1,0x01
13425,0x00060695,0x67dd0695,2,0x02
13426,0x00060696,0x67dd0696,2,0x02
13427,0x00060697,0x67dd0697,4,0x04
13428,0x00060698,0x67dd0698,0,0x00
13429,0x00060699,0x67dd0699,-1,0xff
13430,0x0006069a,0x67dd069a,-1,0xff
13431,0x0006069b,0x67dd069b,-1,0xff
13432,0x0006069c,0x67dd069c,0,0x00
13433,0x0006069d,0x67dd069d,0,0x00
13434,0x0006069e,0x67dd069e,-1,0xff
13435,0x0006069f,0x67dd069f,-2,0xfe
13436,0x000606a0,0x67dd06a0,2,0x02
13437,0x000606a1,0x67dd06a1,1,0x01
13438,0x000606a2,0x67dd06a2,0,0x00
13439,0x000606a3,0x67dd06a3,0,0x00
13440,0x000606a4,0x67dd06a4,5,0x05
13441,0x000606a5,0x67dd06a5,6,0x06
13442,0x000606a6,0x67dd06a6,4,0x04
13443,0x000606a7,0x67dd06a7,1,0x01
13444,0x000606a8,0x67dd06a8,0,0x00
13445,0x000606a9,0x67dd06a9,0,0x00
13446,0x000606aa,0x67dd06aa,-2,0xfe
13447,0x000606ab,0x67dd06ab,-4,0xfc
13448,0x000606ac,0x67dd06ac,-2,0xfe
13449,0x000606ad,0x67dd06ad,-2,0xfe
13450,0x000606ae,0x67dd06ae,-4,0xfc
13451,0x000606af,0x67dd06af,-6,0xfa
13452,0x000606b0,0x67dd06b0,1,0x01
13453,0x000606b1,0x67dd06b1,1,0x01
13454,0x000606b2,0x67dd06b2,-1,0xff
13455,0x000606b3,0x67dd06b3,-3,0xfd
13456,0x000606b4,0x67dd06b4,1,0x01
13457,0x000606b5,0x67dd06b5,1,0x01
13458,0x000606b6,0x67dd06b6,1,0x01
13459,0x000606b7,0x67dd06b7,1,0x01
13460,0x000606b8,0x67dd06b8,0,0x00
13461,0x000606b9,0x67dd06b9,0,0x00
13462,0x000606ba,0x67dd06ba,1,0x01
13463,0x000606bb,0x67dd06bb,0,0x00
13464,0x000606bc,0x67dd06bc,-1,0xff
13465,0x000606bd,0x67dd06bd,-1,0xff
13466,0x000606be,0x67dd06be,-1,0xff
13467,0x000606bf,0x67dd06bf,-1,0xff
13468,0x000606c0,0x67dd06c0,-4,0xfc
13469,0x000606c1,0x67dd06c1,-4,0xfc
13470,0x000606c2,0x67dd06c2,-5,0xfb
13471,0x000606c3,0x67dd06c3,-5,0xfb
13472,0x000606c4,0x67dd06c4,1,0x01
13473,0x000606c5,0x67dd06c5,2,0x02
13474,0x000606c6,0x67dd06c6,3,0x03
13475,0x000606c7,0x67dd06c7,3,0x03
13476,0x000606c8,0x67dd06c8,1,0x01
13477,0x000606c9,0x67dd06c9,2,0x02
13478,0x000606ca,0x67dd06ca,4,0x04
13479,0x000606cb,0x67dd06cb,4,0x04
13480,0x000606cc,0x67dd06cc,0,0x00
13481,0x000606cd,0x67dd06cd,1,0x01
13482,0x000606ce,0x67dd06ce,2,0x02
13483,0x000606cf,0x67dd06cf,3,0x03
13484,0x000606d0,0x67dd06d0,-5,0xfb
13485,0x000606d1,0x67dd06d1,-3,0xfd
13486,0x000606d2,0x67dd06d2,-1,0xff
13487,0x000606d3,0x67dd06d3,0,0x00
13488,0x000606d4,0x67dd06d4,-6,0xfa
13489,0x000606d5,0x67dd06d5,-5,0xfb
13490,0x000606d6,0x67dd06d6,-5,0xfb
13491,0x000606d7,0x67dd06d7,-4,0xfc
13492,0x000606d8,0x67dd06d8,-1,0xff
13493,0x000606d9,0x67dd06d9,0,0x00
13494,0x000606da,0x67dd06da,0,0x00
13495,0x000606db,0x67dd06db,1,0x01
13496,0x000606dc,0x67dd06dc,0,0x00
13497,0x000606dd,0x67dd06dd,1,0x01
13498,0x000606de,0x67dd06de,1,0x01
13499,0x000606df,0x67dd06df,1,0x01
13500,0x000606e0,0x67dd06e0,0,0x00
13501,0x000606e1,0x67dd06e1,0,0x00
13502,0x000606e2,0x67dd06e2,-1,0xff
13503,0x000606e3,0x67dd06e3,-1,0xff
13504,0x000606e4,0x67dd06e4,-3,0xfd
13505,0x000606e5,0x67dd06e5,-2,0xfe
13506,0x000606e6,0x67dd06e6,-1,0xff
13507,0x000606e7,0x67dd06e7,-1,0xff
13508,0x000606e8,0x67dd06e8,1,0x01
13509,0x000606e9,0x67dd06e9,2,0x02
13510,0x000606ea,0x67dd06ea,3,0x03
13511,0x000606eb,0x67dd06eb,3,0x03
13512,0x000606ec,0x67dd06ec,2,0x02
13513,0x000606ed,0x67dd06ed,2,0x02
13514,0x000606ee,0x67dd06ee,3,0x03
13515,0x000606ef,0x67dd06ef,4,0x04
13516,0x000606f0,0x67dd06f0,0,0x00
13517,0x000606f1,0x67dd06f1,1,0x01
13518,0x000606f2,0x67dd06f2,2,0x02
13519,0x000606f3,0x67dd06f3,3,0x03
13520,0x000606f4,0x67dd06f4,0,0x00
13521,0x000606f5,0x67dd06f5,1,0x01
13522,0x000606f6,0x67dd06f6,1,0x01
13523,0x000606f7,0x67dd06f7,1,0x01
13524,0x000606f8,0x67dd06f8,1,0x01
13525,0x000606f9,0x67dd06f9,3,0x03
13526,0x000606fa,0x67dd06fa,3,0x03
13527,0x000606fb,0x67dd06fb,2,0x02
13528,0x000606fc,0x67dd06fc,-2,0xfe
13529,0x000606fd,0x67dd06fd,0,0x00
13530,0x000606fe,0x67dd06fe,2,0x02
13531,0x000606ff,0x67dd06ff,2,0x02
13532,0x00060700,0x67dd0700,-9,0xf7
13533,0x00060701,0x67dd0701,-8,0xf8
13534,0x00060702,0x67dd0702,-4,0xfc
13535,0x00060703,0x67dd0703,-2,0xfe
13536,0x00060704,0x67dd0704,0,0x00
13537,0x00060705,0x67dd0705,0,0x00
13538,0x00060706,0x67dd0706,-1,0xff
13539,0x00060707,0x67dd0707,-1,0xff
13540,0x00060708,0x67dd0708,1,0x01
13541,0x00060709,0x67dd0709,-1,0xff
13542,0x0006070a,0x67dd070a,-2,0xfe
13543,0x0006070b,0x67dd070b,-2,0xfe
13544,0x0006070c,0x67dd070c,2,0x02
13545,0x0006070d,0x67dd070d,2,0x02
13546,0x0006070e,0x67dd070e,1,0x01
13547,0x0006070f,0x67dd070f,1,0x01
13548,0x00060710,0x67dd0710,1,0x01
13549,0x00060711,0x67dd0711,3,0x03
13550,0x00060712,0x67dd0712,3,0x03
13551,0x00060713,0x67dd0713,3,0x03
13552,0x00060714,0x67dd0714,-1,0xff
13553,0x00060715,0x67dd0715,-1,0xff
13554,0x00060716,0x67dd0716,-1,0xff
13555,0x00060717,0x67dd0717,-2,0xfe
13556,0x00060718,0x67dd0718,0,0x00
13557,0x00060719,0x67dd0719,0,0x00
13558,0x0006071a,0x67dd071a,0,0x00
13559,0x0006071b,0x67dd071b,-1,0xff
13560,0x0006071c,0x67dd071c,2,0x02
13561,0x0006071d,0x67dd071d,2,0x02
13562,0x0006071e,0x67dd071e,2,0x02
13563,0x0006071f,0x67dd071f,0,0x00
13564,0x00060720,0x67dd0720,5,0x05
13565,0x00060721,0x67dd0721,5,0x05
13566,0x00060722,0x67dd0722,4,0x04
13567,0x00060723,0x67dd0723,3,0x03
13568,0x00060724,0x67dd0724,-3,0xfd
13569,0x00060725,0x67dd0725,-3,0xfd
13570,0x00060726,0x67dd0726,-3,0xfd
13571,0x00060727,0x67dd0727,-4,0xfc
13572,0x00060728,0x67dd0728,-2,0xfe
13573,0x00060729,0x67dd0729,-2,0xfe
13574,0x0006072a,0x67dd072a,-3,0xfd
13575,0x0006072b,0x67dd072b,-3,0xfd
13576,0x0006072c,0x67dd072c,-1,0xff
13577,0x0006072d,0x67dd072d,-1,0xff
13578,0x0006072e,0x67dd072e,-1,0xff
13579,0x0006072f,0x67dd072f,-1,0xff
13580,0x00060730,0x67dd0730,2,0x02
13581,0x00060731,0x67dd0731,2,0x02
13582,0x00060732,0x67dd0732,2,0x02
13583,0x00060733,0x67dd0733,2,0x02
13584,0x00060734,0x67dd0734,6,0x06
13585,0x00060735,0x67dd0735,3,0x03
13586,0x00060736,0x67dd0736,-1,0xff
13587,0x00060737,0x67dd0737,-4,0xfc
13588,0x00060738,0x67dd0738,2,0x02
13589,0x00060739,0x67dd0739,-1,0xff
13590,0x0006073a,0x67dd073a,-3,0xfd
13591,0x0006073b,0x67dd073b,-4,0xfc
13592,0x0006073c,0x67dd073c,-1,0xff
13593,0x0006073d,0x67dd073d,-2,0xfe
13594,0x0006073e,0x67dd073e,-2,0xfe
13595,0x0006073f,0x67dd073f,1,0x01
13596,0x00060740,0x67dd0740,-2,0xfe
13597,0x00060741,0x67dd0741,-1,0xff
13598,0x00060742,0x67dd0742,1,0x01
13599,0x00060743,0x67dd0743,4,0x04
13600,0x00060744,0x67dd0744,-3,0xfd
13601,0x00060745,0x67dd0745,-1,0xff
13602,0x00060746,0x67dd0746,1,0x01
13603,0x00060747,0x67dd0747,1,0x01
13604,0x00060748,0x67dd0748,-1,0xff
13605,0x00060749,0x67dd0749,2,0x02
13606,0x0006074a,0x67dd074a,2,0x02
13607,0x0006074b,0x67dd074b,0,0x00
13608,0x0006074c,0x67dd074c,4,0x04
13609,0x0006074d,0x67dd074d,4,0x04
13610,0x0006074e,0x67dd074e,1,0x01
13611,0x0006074f,0x67dd074f,-3,0xfd
13612,0x00060750,0x67dd0750,6,0x06
13613,0x00060751,0x67dd0751,3,0x03
13614,0x00060752,0x67dd0752,-3,0xfd
13615,0x00060753,0x67dd0753,-8,0xf8
13616,0x00060754,0x67dd0754,3,0x03
13617,0x00060755,0x67dd0755,3,0x03
13618,0x00060756,0x67dd0756,2,0x02
13619,0x00060757,0x67dd0757,1,0x01
13620,0x00060758,0x67dd0758,-4,0xfc
13621,0x00060759,0x67dd0759,-4,0xfc
13622,0x0006075a,0x67dd075a,-2,0xfe
13623,0x0006075b,0x67dd075b,-1,0xff
13624,0x0006075c,0x67dd075c,-4,0xfc
13625,0x0006075d,0x67dd075d,-5,0xfb
13626,0x0006075e,0x67dd075e,-5,0xfb
13627,0x0006075f,0x67dd075f,-4,0xfc
13628,0x00060760,0x67dd0760,7,0x07
13629,0x00060761,0x67dd0761,7,0x07
13630,0x00060762,0x67dd0762,4,0x04
13631,0x00060763,0x67dd0763,1,0x01
13632,0x00060764,0x67dd0764,-1,0xff
13633,0x00060765,0x67dd0765,-2,0xfe
13634,0x00060766,0x67dd0766,-2,0xfe
13635,0x00060767,0x67dd0767,-2,0xfe
13636,0x00060768,0x67dd0768,1,0x01
13637,0x00060769,0x67dd0769,3,0x03
13638,0x0006076a,0x67dd076a,4,0x04
13639,0x0006076b,0x67dd076b,4,0x04
13640,0x0006076c,0x67dd076c,-2,0xfe
13641,0x0006076d,0x67dd076d,0,0x00
13642,0x0006076e,0x67dd076e,2,0x02
13643,0x0006076f,0x67dd076f,2,0x02
13644,0x00060770,0x67dd0770,-1,0xff
13645,0x00060771,0x67dd0771,-2,0xfe
13646,0x00060772,0x67dd0772,-3,0xfd
13647,0x00060773,0x67dd0773,-2,0xfe
13648,0x00060774,0x67dd0774,-1,0xff
13649,0x00060775,0x67dd0775,1,0x01
13650,0x00060776,0x67dd0776,3,0x03
13651,0x00060777,0x67dd0777,0,0x00
13652,0x00060778,0x67dd0778,-2,0xfe
13653,0x00060779,0x67dd0779,1,0x01
13654,0x0006077a,0x67dd077a,4,0x04
13655,0x0006077b,0x67dd077b,1,0x01
13656,0x0006077c,0x67dd077c,-3,0xfd
13657,0x0006077d,0x67dd077d,1,0x01
13658,0x0006077e,0x67dd077e,4,0x04
13659,0x0006077f,0x67dd077f,2,0x02
13660,0x00060780,0x67dd0780,-2,0xfe
13661,0x00060781,0x67dd0781,0,0x00
13662,0x00060782,0x67dd0782,3,0x03
13663,0x00060783,0x67dd0783,2,0x02
13664,0x00060784,0x67dd0784,-4,0xfc
13665,0x00060785,0x67dd0785,-6,0xfa
13666,0x00060786,0x67dd0786,0,0x00
13667,0x00060787,0x67dd0787,6,0x06
13668,0x00060788,0x67dd0788,-4,0xfc
13669,0x00060789,0x67dd0789,-6,0xfa
13670,0x0006078a,0x67dd078a,-1,0xff
13671,0x0006078b,0x67dd078b,7,0x07
13672,0x0006078c,0x67dd078c,-3,0xfd
13673,0x0006078d,0x67dd078d,-6,0xfa
13674,0x0006078e,0x67dd078e,-1,0xff
13675,0x0006078f,0x67dd078f,6,0x06
13676,0x00060790,0x67dd0790,-2,0xfe
13677,0x00060791,0x67dd0791,-5,0xfb
13678,0x00060792,0x67dd0792,-1,0xff
13679,0x00060793,0x67dd0793,4,0x04
13680,0x00060794,0x67dd0794,1,0x01
13681,0x00060795,0x67dd0795,-1,0xff
13682,0x00060796,0x67dd0796,-2,0xfe
13683,0x00060797,0x67dd0797,1,0x01
13684,0x00060798,0x67dd0798,1,0x01
13685,0x00060799,0x67dd0799,-1,0xff
13686,0x0006079a,0x67dd079a,-4,0xfc
13687,0x0006079b,0x67dd079b,-1,0xff
13688,0x0006079c,0x67dd079c,3,0x03
13689,0x0006079d,0x67dd079d,0,0x00
13690,0x0006079e,0x67dd079e,-4,0xfc
13691,0x0006079f,0x67dd079f,-3,0xfd
13692,0x000607a0,0x67dd07a0,3,0x03
13693,0x000607a1,0x67dd07a1,0,0x00
13694,0x000607a2,0x67dd07a2,-5,0xfb
13695,0x000607a3,0x67dd07a3,-4,0xfc
13696,0x000607a4,0x67dd07a4,4,0x04
13697,0x000607a5,0x67dd07a5,4,0x04
13698,0x000607a6,0x67dd07a6,-1,0xff
13699,0x000607a7,0x67dd07a7,-7,0xf9
13700,0x000607a8,0x67dd07a8,5,0x05
13701,0x000607a9,0x67dd07a9,6,0x06
13702,0x000607aa,0x67dd07aa,0,0x00
13703,0x000607ab,0x67dd07ab,-6,0xfa
13704,0x000607ac,0x67dd07ac,3,0x03
13705,0x000607ad,0x67dd07ad,6,0x06
13706,0x000607ae,0x67dd07ae,2,0x02
13707,0x000607af,0x67dd07af,-4,0xfc
13708,0x000607b0,0x67dd07b0,1,0x01
13709,0x000607b1,0x67dd07b1,4,0x04
13710,0x000607b2,0x67dd07b2,1,0x01
13711,0x000607b3,0x67dd07b3,-3,0xfd
13712,0x000607b4,0x67dd07b4,2,0x02
13713,0x000607b5,0x67dd07b5,2,0x02
13714,0x000607b6,0x67dd07b6,3,0x03
13715,0x000607b7,0x67dd07b7,3,0x03
13716,0x000607b8,0x67dd07b8,-4,0xfc
13717,0x000607b9,0x67dd07b9,-5,0xfb
13718,0x000607ba,0x67dd07ba,-6,0xfa
13719,0x000607bb,0x67dd07bb,-7,0xf9
13720,0x000607bc,0x67dd07bc,1,0x01
13721,0x000607bd,0x67dd07bd,2,0x02
13722,0x000607be,0x67dd07be,3,0x03
13723,0x000607bf,0x67dd07bf,3,0x03
13724,0x000607c0,0x67dd07c0,0,0x00
13725,0x000607c1,0x67dd07c1,0,0x00
13726,0x000607c2,0x67dd07c2,1,0x01
13727,0x000607c3,0x67dd07c3,1,0x01
13728,0x000607c4,0x67dd07c4,3,0x03
13729,0x000607c5,0x67dd07c5,3,0x03
13730,0x000607c6,0x67dd07c6,2,0x02
13731,0x000607c7,0x67dd07c7,2,0x02
13732,0x000607c8,0x67dd07c8,-7,0xf9
13733,0x000607c9,0x67dd07c9,-7,0xf9
13734,0x000607ca,0x67dd07ca,-7,0xf9
13735,0x000607cb,0x67dd07cb,-6,0xfa
13736,0x000607cc,0x67dd07cc,3,0x03
13737,0x000607cd,0x67dd07cd,3,0x03
13738,0x000607ce,0x67dd07ce,2,0x02
13739,0x000607cf,0x67dd07cf,2,0x02
13740,0x000607d0,0x67dd07d0,1,0x01
13741,0x000607d1,0x67dd07d1,2,0x02
13742,0x000607d2,0x67dd07d2,2,0x02
13743,0x000607d3,0x67dd07d3,1,0x01
13744,0x000607d4,0x67dd07d4,3,0x03
13745,0x000607d5,0x67dd07d5,-3,0xfd
13746,0x000607d6,0x67dd07d6,-3,0xfd
13747,0x000607d7,0x67dd07d7,3,0x03
13748,0x000607d8,0x67dd07d8,3,0x03
13749,0x000607d9,0x67dd07d9,-4,0xfc
13750,0x000607da,0x67dd07da,-4,0xfc
13751,0x000607db,0x67dd07db,4,0x04
13752,0x000607dc,0x67dd07dc,4,0x04
13753,0x000607dd,0x67dd07dd,-4,0xfc
13754,0x000607de,0x67dd07de,-4,0xfc
13755,0x000607df,0x67dd07df,4,0x04
13756,0x000607e0,0x67dd07e0,3,0x03
13757,0x000607e1,0x67dd07e1,-3,0xfd
13758,0x000607e2,0x67dd07e2,-4,0xfc
13759,0x000607e3,0x67dd07e3,3,0x03
13760,0x000607e4,0x67dd07e4,4,0x04
13761,0x000607e5,0x67dd07e5,-2,0xfe
13762,0x000607e6,0x67dd07e6,-2,0xfe
13763,0x000607e7,0x67dd07e7,2,0x02
13764,0x000607e8,0x67dd07e8,4,0x04
13765,0x000607e9,0x67dd07e9,-4,0xfc
13766,0x000607ea,0x67dd07ea,-4,0xfc
13767,0x000607eb,0x67dd07eb,2,0x02
13768,0x000607ec,0x67dd07ec,4,0x04
13769,0x000607ed,0x67dd07ed,-4,0xfc
13770,0x000607ee,0x67dd07ee,-3,0xfd
13771,0x000607ef,0x67dd07ef,3,0x03
13772,0x000607f0,0x67dd07f0,3,0x03
13773,0x000607f1,0x67dd07f1,-3,0xfd
13774,0x000607f2,0x67dd07f2,-3,0xfd
13775,0x000607f3,0x67dd07f3,3,0x03
13776,0x000607f4,0x67dd07f4,-2,0xfe
13777,0x000607f5,0x67dd07f5,-2,0xfe
13778,0x000607f6,0x67dd07f6,-2,0xfe
13779,0x000607f7,0x67dd07f7,-2,0xfe
13780,0x000607f8,0x67dd07f8,6,0x06
13781,0x000607f9,0x67dd07f9,7,0x07
13782,0x000607fa,0x67dd07fa,8,0x08
13783,0x000607fb,0x67dd07fb,8,0x08
13784,0x000607fc,0x67dd07fc,-5,0xfb
13785,0x000607fd,0x67dd07fd,-6,0xfa
13786,0x000607fe,0x67dd07fe,-7,0xf9
13787,0x000607ff,0x67dd07ff,-7,0xf9
13788,0x00060800,0x67dd0800,1,0x01
13789,0x00060801,0x67dd0801,1,0x01
13790,0x00060802,0x67dd0802,2,0x02
13791,0x00060803,0x67dd0803,2,0x02
13792,0x00060804,0x67dd0804,-2,0xfe
13793,0x00060805,0x67dd0805,-2,0xfe
13794,0x00060806,0x67dd0806,-1,0xff
13795,0x00060807,0x67dd0807,-1,0xff
13796,0x00060808,0x67dd0808,8,0x08
13797,0x00060809,0x67dd0809,7,0x07
13798,0x0006080a,0x67dd080a,6,0x06
13799,0x0006080b,0x67dd080b,5,0x05
13800,0x0006080c,0x67dd080c,-8,0xf8
13801,0x0006080d,0x67dd080d,-7,0xf9
13802,0x0006080e,0x67dd080e,-6,0xfa
13803,0x0006080f,0x67dd080f,-5,0xfb
13804,0x00060810,0x67dd0810,2,0x02
13805,0x00060811,0x67dd0811,2,0x02
13806,0x00060812,0x67dd0812,1,0x01
13807,0x00060813,0x67dd0813,1,0x01
13808,0x00060814,0x67dd0814,0,0x00
13809,0x00060815,0x67dd0815,0,0x00
13810,0x00060816,0x67dd0816,0,0x00
13811,0x00060817,0x67dd0817,0,0x00
13812,0x00060818,0x67dd0818,-1,0xff
13813,0x00060819,0x67dd0819,0,0x00
13814,0x0006081a,0x67dd081a,0,0x00
13815,0x0006081b,0x67dd081b,0,0x00
13816,0x0006081c,0x67dd081c,-2,0xfe
13817,0x0006081d,0x67dd081d,-3,0xfd
13818,0x0006081e,0x67dd081e,-2,0xfe
13819,0x0006081f,0x67dd081f,-2,0xfe
13820,0x00060820,0x67dd0820,2,0x02
13821,0x00060821,0x67dd0821,3,0x03
13822,0x00060822,0x67dd0822,5,0x05
13823,0x00060823,0x67dd0823,6,0x06
13824,0x00060824,0x67dd0824,0,0x00
13825,0x00060825,0x67dd0825,-1,0xff
13826,0x00060826,0x67dd0826,0,0x00
13827,0x00060827,0x67dd0827,0,0x00
13828,0x00060828,0x67dd0828,0,0x00
13829,0x00060829,0x67dd0829,-1,0xff
13830,0x0006082a,0x67dd082a,0,0x00
13831,0x0006082b,0x67dd082b,0,0x00
13832,0x0006082c,0x67dd082c,-2,0xfe
13833,0x0006082d,0x67dd082d,-3,0xfd
13834,0x0006082e,0x67dd082e,-3,0xfd
13835,0x0006082f,0x67dd082f,-3,0xfd
13836,0x00060830,0x67dd0830,4,0x04
13837,0x00060831,0x67dd0831,2,0x02
13838,0x00060832,0x67dd0832,1,0x01
13839,0x00060833,0x67dd0833,0,0x00
13840,0x00060834,0x67dd0834,8,0x08
13841,0x00060835,0x67dd0835,6,0x06
13842,0x00060836,0x67dd0836,2,0x02
13843,0x00060837,0x67dd0837,0,0x00
13844,0x00060838,0x67dd0838,4,0x04
13845,0x00060839,0x67dd0839,1,0x01
13846,0x0006083a,0x67dd083a,0,0x00
13847,0x0006083b,0x67dd083b,0,0x00
13848,0x0006083c,0x67dd083c,1,0x01
13849,0x0006083d,0x67dd083d,-1,0xff
13850,0x0006083e,0x67dd083e,0,0x00
13851,0x0006083f,0x67dd083f,0,0x00
13852,0x00060840,0x67dd0840,-2,0xfe
13853,0x00060841,0x67dd0841,-2,0xfe
13854,0x00060842,0x67dd0842,-1,0xff
13855,0x00060843,0x67dd0843,0,0x00
13856,0x00060844,0x67dd0844,0,0x00
13857,0x00060845,0x67dd0845,0,0x00
13858,0x00060846,0x67dd0846,0,0x00
13859,0x00060847,0x67dd0847,0,0x00
13860,0x00060848,0x67dd0848,0,0x00
13861,0x00060849,0x67dd0849,-1,0xff
13862,0x0006084a,0x67dd084a,-1,0xff
13863,0x0006084b,0x67dd084b,-1,0xff
13864,0x0006084c,0x67dd084c,0,0x00
13865,0x0006084d,0x67dd084d,-1,0xff
13866,0x0006084e,0x67dd084e,-2,0xfe
13867,0x0006084f,0x67dd084f,-3,0xfd
13868,0x00060850,0x67dd0850,0,0x00
13869,0x00060851,0x67dd0851,-2,0xfe
13870,0x00060852,0x67dd0852,-4,0xfc
13871,0x00060853,0x67dd0853,-5,0xfb
13872,0x00060854,0x67dd0854,3,0x03
13873,0x00060855,0x67dd0855,1,0x01
13874,0x00060856,0x67dd0856,-1,0xff
13875,0x00060857,0x67dd0857,-2,0xfe
13876,0x00060858,0x67dd0858,2,0x02
13877,0x00060859,0x67dd0859,1,0x01
13878,0x0006085a,0x67dd085a,0,0x00
13879,0x0006085b,0x67dd085b,0,0x00
13880,0x0006085c,0x67dd085c,0,0x00
13881,0x0006085d,0x67dd085d,-1,0xff
13882,0x0006085e,0x67dd085e,-1,0xff
13883,0x0006085f,0x67dd085f,0,0x00
13884,0x00060860,0x67dd0860,-1,0xff
13885,0x00060861,0x67dd0861,-2,0xfe
13886,0x00060862,0x67dd0862,-1,0xff
13887,0x00060863,0x67dd0863,1,0x01
13888,0x00060864,0x67dd0864,-3,0xfd
13889,0x00060865,0x67dd0865,-4,0xfc
13890,0x00060866,0x67dd0866,-5,0xfb
13891,0x00060867,0x67dd0867,-5,0xfb
13892,0x00060868,0x67dd0868,1,0x01
13893,0x00060869,0x67dd0869,1,0x01
13894,0x0006086a,0x67dd086a,0,0x00
13895,0x0006086b,0x67dd086b,0,0x00
13896,0x0006086c,0x67dd086c,2,0x02
13897,0x0006086d,0x67dd086d,2,0x02
13898,0x0006086e,0x67dd086e,2,0x02
13899,0x0006086f,0x67dd086f,2,0x02
13900,0x00060870,0x67dd0870,2,0x02
13901,0x00060871,0x67dd0871,2,0x02
13902,0x00060872,0x67dd0872,2,0x02
13903,0x00060873,0x67dd0873,2,0x02
13904,0x00060874,0x67dd0874,0,0x00
13905,0x00060875,0x67dd0875,-1,0xff
13906,0x00060876,0x67dd0876,-2,0xfe
13907,0x00060877,0x67dd0877,-1,0xff
13908,0x00060878,0x67dd0878,-1,0xff
13909,0x00060879,0x67dd0879,-2,0xfe
13910,0x0006087a,0x67dd087a,-2,0xfe
13911,0x0006087b,0x67dd087b,-1,0xff
13912,0x0006087c,0x67dd087c,2,0x02
13913,0x0006087d,0x67dd087d,1,0x01
13914,0x0006087e,0x67dd087e,1,0x01
13915,0x0006087f,0x67dd087f,2,0x02
13916,0x00060880,0x67dd0880,6,0x06
13917,0x00060881,0x67dd0881,5,0x05
13918,0x00060882,0x67dd0882,3,0x03
13919,0x00060883,0x67dd0883,1,0x01
13920,0x00060884,0x67dd0884,-1,0xff
13921,0x00060885,0x67dd0885,-1,0xff
13922,0x00060886,0x67dd0886,-1,0xff
13923,0x00060887,0x67dd0887,0,0x00
13924,0x00060888,0x67dd0888,-1,0xff
13925,0x00060889,0x67dd0889,0,0x00
13926,0x0006088a,0x67dd088a,0,0x00
13927,0x0006088b,0x67dd088b,1,0x01
13928,0x0006088c,0x67dd088c,2,0x02
13929,0x0006088d,0x67dd088d,1,0x01
13930,0x0006088e,0x67dd088e,1,0x01
13931,0x0006088f,0x67dd088f,0,0x00
13932,0x00060890,0x67dd0890,0,0x00
13933,0x00060891,0x67dd0891,-2,0xfe
13934,0x00060892,0x67dd0892,-4,0xfc
13935,0x00060893,0x67dd0893,-4,0xfc
13936,0x00060894,0x67dd0894,-3,0xfd
13937,0x00060895,0x67dd0895,-2,0xfe
13938,0x00060896,0x67dd0896,-1,0xff
13939,0x00060897,0x67dd0897,0,0x00
13940,0x00060898,0x67dd0898,0,0x00
13941,0x00060899,0x67dd0899,1,0x01
13942,0x0006089a,0x67dd089a,3,0x03
13943,0x0006089b,0x67dd089b,4,0x04
13944,0x0006089c,0x67dd089c,-1,0xff
13945,0x0006089d,0x67dd089d,-1,0xff
13946,0x0006089e,0x67dd089e,-1,0xff
13947,0x0006089f,0x67dd089f,0,0x00
13948,0x000608a0,0x67dd08a0,-2,0xfe
13949,0x000608a1,0x67dd08a1,-2,0xfe
13950,0x000608a2,0x67dd08a2,-2,0xfe
13951,0x000608a3,0x67dd08a3,-1,0xff
13952,0x000608a4,0x67dd08a4,1,0x01
13953,0x000608a5,0x67dd08a5,1,0x01
13954,0x000608a6,0x67dd08a6,0,0x00
13955,0x000608a7,0x67dd08a7,-1,0xff
13956,0x000608a8,0x67dd08a8,5,0x05
13957,0x000608a9,0x67dd08a9,5,0x05
13958,0x000608aa,0x67dd08aa,3,0x03
13959,0x000608ab,0x67dd08ab,1,0x01
13960,0x000608ac,0x67dd08ac,1,0x01
13961,0x000608ad,0x67dd08ad,0,0x00
13962,0x000608ae,0x67dd08ae,-1,0xff
13963,0x000608af,0x67dd08af,-2,0xfe
13964,0x000608b0,0x67dd08b0,0,0x00
13965,0x000608b1,0x67dd08b1,-1,0xff
13966,0x000608b2,0x67dd08b2,-2,0xfe
13967,0x000608b3,0x67dd08b3,-3,0xfd
13968,0x000608b4,0x67dd08b4,0,0x00
13969,0x000608b5,0x67dd08b5,-1,0xff
13970,0x000608b6,0x67dd08b6,-2,0xfe
13971,0x000608b7,0x67dd08b7,-2,0xfe
13972,0x000608b8,0x67dd08b8,1,0x01
13973,0x000608b9,0x67dd08b9,-1,0xff
13974,0x000608ba,0x67dd08ba,-2,0xfe
13975,0x000608bb,0x67dd08bb,-1,0xff
13976,0x000608bc,0x67dd08bc,1,0x01
13977,0x000608bd,0x67dd08bd,0,0x00
13978,0x000608be,0x67dd08be,-2,0xfe
13979,0x000608bf,0x67dd08bf,-2,0xfe
13980,0x000608c0,0x67dd08c0,1,0x01
13981,0x000608c1,0x67dd08c1,-1,0xff
13982,0x000608c2,0x67dd08c2,-2,0xfe
13983,0x000608c3,0x67dd08c3,-2,0xfe
13984,0x000608c4,0x67dd08c4,-1,0xff
13985,0x000608c5,0x67dd08c5,-1,0xff
13986,0x000608c6,0x67dd08c6,0,0x00
13987,0x000608c7,0x67dd08c7,2,0x02
13988,0x000608c8,0x67dd08c8,-1,0xff
13989,0x000608c9,0x67dd08c9,-1,0xff
13990,0x000608ca,0x67dd08ca,0,0x00
13991,0x000608cb,0x67dd08cb,2,0x02
13992,0x000608cc,0x67dd08cc,-2,0xfe
13993,0x000608cd,0x67dd08cd,-2,0xfe
13994,0x000608ce,0x67dd08ce,1,0x01
13995,0x000608cf,0x67dd08cf,5,0x05
13996,0x000608d0,0x67dd08d0,-2,0xfe
13997,0x000608d1,0x67dd08d1,0,0x00
13998,0x000608d2,0x67dd08d2,5,0x05
13999,0x000608d3,0x67dd08d3,10,0x0a
14000,0x000608d4,0x67dd08d4,0,0x00
14001,0x000608d5,0x67dd08d5,0,0x00
14002,0x000608d6,0x67dd08d6,0,0x00
14003,0x000608d7,0x67dd08d7,0,0x00
14004,0x000608d8,0x67dd08d8,-1,0xff
14005,0x000608d9,0x67dd08d9,-1,0xff
14006,0x000608da,0x67dd08da,-1,0xff
14007,0x000608db,0x67dd08db,0,0x00
14008,0x000608dc,0x67dd08dc,1,0x01
14009,0x000608dd,0x67dd08dd,2,0x02
14010,0x000608de,0x67dd08de,2,0x02
14011,0x000608df,0x67dd08df,3,0x03
14012,0x000608e0,0x67dd08e0,-3,0xfd
14013,0x000608e1,0x67dd08e1,-3,0xfd
14014,0x000608e2,0x67dd08e2,-3,0xfd
14015,0x000608e3,0x67dd08e3,-2,0xfe
14016,0x000608e4,0x67dd08e4,0,0x00
14017,0x000608e5,0x67dd08e5,-1,0xff
14018,0x000608e6,0x67dd08e6,-1,0xff
14019,0x000608e7,0x67dd08e7,-1,0xff
14020,0x000608e8,0x67dd08e8,0,0x00
14021,0x000608e9,0x67dd08e9,0,0x00
14022,0x000608ea,0x67dd08ea,1,0x01
14023,0x000608eb,0x67dd08eb,2,0x02
14024,0x000608ec,0x67dd08ec,4,0x04
14025,0x000608ed,0x67dd08ed,4,0x04
14026,0x000608ee,0x67dd08ee,6,0x06
14027,0x000608ef,0x67dd08ef,5,0x05
14028,0x000608f0,0x67dd08f0,-2,0xfe
14029,0x000608f1,0x67dd08f1,-3,0xfd
14030,0x000608f2,0x67dd08f2,-3,0xfd
14031,0x000608f3,0x67dd08f3,-3,0xfd
14032,0x000608f4,0x67dd08f4,1,0x01
14033,0x000608f5,0x67dd08f5,-1,0xff
14034,0x000608f6,0x67dd08f6,-2,0xfe
14035,0x000608f7,0x67dd08f7,-2,0xfe
14036,0x000608f8,0x67dd08f8,2,0x02
14037,0x000608f9,0x67dd08f9,0,0x00
14038,0x000608fa,0x67dd08fa,-2,0xfe
14039,0x000608fb,0x67dd08fb,-3,0xfd
14040,0x000608fc,0x67dd08fc,3,0x03
14041,0x000608fd,0x67dd08fd,1,0x01
14042,0x000608fe,0x67dd08fe,-2,0xfe
14043,0x000608ff,0x67dd08ff,-3,0xfd
14044,0x00060900,0x67dd0900,3,0x03
14045,0x00060901,0x67dd0901,1,0x01
14046,0x00060902,0x67dd0902,0,0x00
14047,0x00060903,0x67dd0903,-1,0xff
14048,0x00060904,0x67dd0904,0,0x00
14049,0x00060905,0x67dd0905,3,0x03
14050,0x00060906,0x67dd0906,5,0x05
14051,0x00060907,0x67dd0907,7,0x07
14052,0x00060908,0x67dd0908,-2,0xfe
14053,0x00060909,0x67dd0909,0,0x00
14054,0x0006090a,0x67dd090a,2,0x02
14055,0x0006090b,0x67dd090b,3,0x03
14056,0x0006090c,0x67dd090c,-3,0xfd
14057,0x0006090d,0x67dd090d,-2,0xfe
14058,0x0006090e,0x67dd090e,-1,0xff
14059,0x0006090f,0x67dd090f,-1,0xff
14060,0x00060910,0x67dd0910,-1,0xff
14061,0x00060911,0x67dd0911,-1,0xff
14062,0x00060912,0x67dd0912,-1,0xff
14063,0x00060913,0x67dd0913,-1,0xff
14064,0x00060914,0x67dd0914,1,0x01
14065,0x00060915,0x67dd0915,3,0x03
14066,0x00060916,0x67dd0916,5,0x05
14067,0x00060917,0x67dd0917,4,0x04
14068,0x00060918,0x67dd0918,-3,0xfd
14069,0x00060919,0x67dd0919,-2,0xfe
14070,0x0006091a,0x67dd091a,1,0x01
14071,0x0006091b,0x67dd091b,2,0x02
14072,0x0006091c,0x67dd091c,-5,0xfb
14073,0x0006091d,0x67dd091d,-3,0xfd
14074,0x0006091e,0x67dd091e,0,0x00
14075,0x0006091f,0x67dd091f,2,0x02
14076,0x00060920,0x67dd0920,-3,0xfd
14077,0x00060921,0x67dd0921,-1,0xff
14078,0x00060922,0x67dd0922,1,0x01
14079,0x00060923,0x67dd0923,2,0x02
14080,0x00060924,0x67dd0924,2,0x02
14081,0x00060925,0x67dd0925,-1,0xff
14082,0x00060926,0x67dd0926,-3,0xfd
14083,0x00060927,0x67dd0927,-4,0xfc
14084,0x00060928,0x67dd0928,1,0x01
14085,0x00060929,0x67dd0929,0,0x00
14086,0x0006092a,0x67dd092a,-1,0xff
14087,0x0006092b,0x67dd092b,-2,0xfe
14088,0x0006092c,0x67dd092c,2,0x02
14089,0x0006092d,0x67dd092d,1,0x01
14090,0x0006092e,0x67dd092e,0,0x00
14091,0x0006092f,0x67dd092f,0,0x00
14092,0x00060930,0x67dd0930,2,0x02
14093,0x00060931,0x67dd0931,1,0x01
14094,0x00060932,0x67dd0932,0,0x00
14095,0x00060933,0x67dd0933,0,0x00
14096,0x00060934,0x67dd0934,0,0x00
14097,0x00060935,0x67dd0935,-1,0xff
14098,0x00060936,0x67dd0936,-1,0xff
14099,0x00060937,0x67dd0937,-1,0xff
14100,0x00060938,0x67dd0938,-3,0xfd
14101,0x00060939,0x67dd0939,-4,0xfc
14102,0x0006093a,0x67dd093a,-4,0xfc
14103,0x0006093b,0x67dd093b,-3,0xfd
14104,0x0006093c,0x67dd093c,-2,0xfe
14105,0x0006093d,0x67dd093d,-3,0xfd
14106,0x0006093e,0x67dd093e,-2,0xfe
14107,0x0006093f,0x67dd093f,-1,0xff
14108,0x00060940,0x67dd0940,-2,0xfe
14109,0x00060941,0x67dd0941,-2,0xfe
14110,0x00060942,0x67dd0942,0,0x00
14111,0x00060943,0x67dd0943,3,0x03
14112,0x00060944,0x67dd0944,1,0x01
14113,0x00060945,0x67dd0945,2,0x02
14114,0x00060946,0x67dd0946,3,0x03
14115,0x00060947,0x67dd0947,4,0x04
14116,0x00060948,0x67dd0948,-1,0xff
14117,0x00060949,0x67dd0949,0,0x00
14118,0x0006094a,0x67dd094a,0,0x00
14119,0x0006094b,0x67dd094b,1,0x01
14120,0x0006094c,0x67dd094c,1,0x01
14121,0x0006094d,0x67dd094d,1,0x01
14122,0x0006094e,0x67dd094e,1,0x01
14123,0x0006094f,0x67dd094f,1,0x01
14124,0x00060950,0x67dd0950,4,0x04
14125,0x00060951,0x67dd0951,4,0x04
14126,0x00060952,0x67dd0952,3,0x03
14127,0x00060953,0x67dd0953,2,0x02
14128,0x00060954,0x67dd0954,-4,0xfc
14129,0x00060955,0x67dd0955,-4,0xfc
14130,0x00060956,0x67dd0956,-3,0xfd
14131,0x00060957,0x67dd0957,-2,0xfe
14132,0x00060958,0x67dd0958,0,0x00
14133,0x00060959,0x67dd0959,1,0x01
14134,0x0006095a,0x67dd095a,1,0x01
14135,0x0006095b,0x67dd095b,1,0x01
14136,0x0006095c,0x67dd095c,3,0x03
14137,0x0006095d,0x67dd095d,4,0x04
14138,0x0006095e,0x67dd095e,5,0x05
14139,0x0006095f,0x67dd095f,4,0x04
14140,0x00060960,0x67dd0960,-2,0xfe
14141,0x00060961,0x67dd0961,-2,0xfe
14142,0x00060962,0x67dd0962,0,0x00
14143,0x00060963,0x67dd0963,2,0x02
14144,0x00060964,0x67dd0964,-1,0xff
14145,0x00060965,0x67dd0965,1,0x01
14146,0x00060966,0x67dd0966,2,0x02
14147,0x00060967,0x67dd0967,3,0x03
14148,0x00060968,0x67dd0968,-1,0xff
14149,0x00060969,0x67dd0969,-2,0xfe
14150,0x0006096a,0x67dd096a,-3,0xfd
14151,0x0006096b,0x67dd096b,-3,0xfd
14152,0x0006096c,0x67dd096c,2,0x02
14153,0x0006096d,0x67dd096d,-1,0xff
14154,0x0006096e,0x67dd096e,-3,0xfd
14155,0x0006096f,0x67dd096f,-3,0xfd
14156,0x00060970,0x67dd0970,2,0x02
14157,0x00060971,0x67dd0971,2,0x02
14158,0x00060972,0x67dd0972,1,0x01
14159,0x00060973,0x67dd0973,0,0x00
14160,0x00060974,0x67dd0974,-4,0xfc
14161,0x00060975,0x67dd0975,0,0x00
14162,0x00060976,0x67dd0976,5,0x05
14163,0x00060977,0x67dd0977,7,0x07
14164,0x00060978,0x67dd0978,-1,0xff
14165,0x00060979,0x67dd0979,2,0x02
14166,0x0006097a,0x67dd097a,4,0x04
14167,0x0006097b,0x67dd097b,3,0x03
14168,0x0006097c,0x67dd097c,2,0x02
14169,0x0006097d,0x67dd097d,1,0x01
14170,0x0006097e,0x67dd097e,0,0x00
14171,0x0006097f,0x67dd097f,-1,0xff
14172,0x00060980,0x67dd0980,0,0x00
14173,0x00060981,0x67dd0981,0,0x00
14174,0x00060982,0x67dd0982,-1,0xff
14175,0x00060983,0x67dd0983,-2,0xfe
14176,0x00060984,0x67dd0984,4,0x04
14177,0x00060985,0x67dd0985,-1,0xff
14178,0x00060986,0x67dd0986,-4,0xfc
14179,0x00060987,0x67dd0987,-4,0xfc
14180,0x00060988,0x67dd0988,0,0x00
14181,0x00060989,0x67dd0989,-3,0xfd
14182,0x0006098a,0x67dd098a,-3,0xfd
14183,0x0006098b,0x67dd098b,-2,0xfe
14184,0x0006098c,0x67dd098c,-2,0xfe
14185,0x0006098d,0x67dd098d,-2,0xfe
14186,0x0006098e,0x67dd098e,0,0x00
14187,0x0006098f,0x67dd098f,1,0x01
14188,0x00060990,0x67dd0990,-2,0xfe
14189,0x00060991,0x67dd0991,-1,0xff
14190,0x00060992,0x67dd0992,1,0x01
14191,0x00060993,0x67dd0993,2,0x02
14192,0x00060994,0x67dd0994,-4,0xfc
14193,0x00060995,0x67dd0995,-3,0xfd
14194,0x00060996,0x67dd0996,-2,0xfe
14195,0x00060997,0x67dd0997,-1,0xff
14196,0x00060998,0x67dd0998,10,0x0a
14197,0x00060999,0x67dd0999,9,0x09
14198,0x0006099a,0x67dd099a,5,0x05
14199,0x0006099b,0x67dd099b,0,0x00
14200,0x0006099c,0x67dd099c,1,0x01
14201,0x0006099d,0x67dd099d,-1,0xff
14202,0x0006099e,0x67dd099e,-2,0xfe
14203,0x0006099f,0x67dd099f,-2,0xfe
14204,0x000609a0,0x67dd09a0,-2,0xfe
14205,0x000609a1,0x67dd09a1,-2,0xfe
14206,0x000609a2,0x67dd09a2,-1,0xff
14207,0x000609a3,0x67dd09a3,1,0x01
14208,0x000609a4,0x67dd09a4,0,0x00
14209,0x000609a5,0x67dd09a5,1,0x01
14210,0x000609a6,0x67dd09a6,2,0x02
14211,0x000609a7,0x67dd09a7,2,0x02
14212,0x000609a8,0x67dd09a8,-3,0xfd
14213,0x000609a9,0x67dd09a9,-4,0xfc
14214,0x000609aa,0x67dd09aa,-3,0xfd
14215,0x000609ab,0x67dd09ab,-2,0xfe
14216,0x000609ac,0x67dd09ac,-1,0xff
14217,0x000609ad,0x67dd09ad,0,0x00
14218,0x000609ae,0x67dd09ae,0,0x00
14219,0x000609af,0x67dd09af,0,0x00
14220,0x000609b0,0x67dd09b0,1,0x01
14221,0x000609b1,0x67dd09b1,1,0x01
14222,0x000609b2,0x67dd09b2,0,0x00
14223,0x000609b3,0x67dd09b3,-1,0xff
14224,0x000609b4,0x67dd09b4,-5,0xfb
14225,0x000609b5,0x67dd09b5,-3,0xfd
14226,0x000609b6,0x67dd09b6,0,0x00
14227,0x000609b7,0x67dd09b7,3,0x03
14228,0x000609b8,0x67dd09b8,-2,0xfe
14229,0x000609b9,0x67dd09b9,-1,0xff
14230,0x000609ba,0x67dd09ba,0,0x00
14231,0x000609bb,0x67dd09bb,1,0x01
14232,0x000609bc,0x67dd09bc,3,0x03
14233,0x000609bd,0x67dd09bd,2,0x02
14234,0x000609be,0x67dd09be,-1,0xff
14235,0x000609bf,0x67dd09bf,-2,0xfe
14236,0x000609c0,0x67dd09c0,7,0x07
14237,0x000609c1,0x67dd09c1,5,0x05
14238,0x000609c2,0x67dd09c2,-1,0xff
14239,0x000609c3,0x67dd09c3,-5,0xfb
14240,0x000609c4,0x67dd09c4,4,0x04
14241,0x000609c5,0x67dd09c5,2,0x02
14242,0x000609c6,0x67dd09c6,0,0x00
14243,0x000609c7,0x67dd09c7,-2,0xfe
14244,0x000609c8,0x67dd09c8,1,0x01
14245,0x000609c9,0x67dd09c9,0,0x00
14246,0x000609ca,0x67dd09ca,-1,0xff
14247,0x000609cb,0x67dd09cb,-1,0xff
14248,0x000609cc,0x67dd09cc,-2,0xfe
14249,0x000609cd,0x67dd09cd,-1,0xff
14250,0x000609ce,0x67dd09ce,1,0x01
14251,0x000609cf,0x67dd09cf,1,0x01
14252,0x000609d0,0x67dd09d0,-6,0xfa
14253,0x000609d1,0x67dd09d1,-2,0xfe
14254,0x000609d2,0x67dd09d2,2,0x02
14255,0x000609d3,0x67dd09d3,4,0x04
14256,0x000609d4,0x67dd09d4,-2,0xfe
14257,0x000609d5,0x67dd09d5,3,0x03
14258,0x000609d6,0x67dd09d6,3,0x03
14259,0x000609d7,0x67dd09d7,-3,0xfd
14260,0x000609d8,0x67dd09d8,-3,0xfd
14261,0x000609d9,0x67dd09d9,3,0x03
14262,0x000609da,0x67dd09da,4,0x04
14263,0x000609db,0x67dd09db,-3,0xfd
14264,0x000609dc,0x67dd09dc,-3,0xfd
14265,0x000609dd,0x67dd09dd,3,0x03
14266,0x000609de,0x67dd09de,4,0x04
14267,0x000609df,0x67dd09df,-3,0xfd
14268,0x000609e0,0x67dd09e0,-4,0xfc
14269,0x000609e1,0x67dd09e1,2,0x02
14270,0x000609e2,0x67dd09e2,4,0x04
14271,0x000609e3,0x67dd09e3,-2,0xfe
14272,0x000609e4,0x67dd09e4,-4,0xfc
14273,0x000609e5,0x67dd09e5,1,0x01
14274,0x000609e6,0x67dd09e6,2,0x02
14275,0x000609e7,0x67dd09e7,-2,0xfe
14276,0x000609e8,0x67dd09e8,-4,0xfc
14277,0x000609e9,0x67dd09e9,2,0x02
14278,0x000609ea,0x67dd09ea,3,0x03
14279,0x000609eb,0x67dd09eb,-2,0xfe
14280,0x000609ec,0x67dd09ec,-4,0xfc
14281,0x000609ed,0x67dd09ed,2,0x02
14282,0x000609ee,0x67dd09ee,3,0x03
14283,0x000609ef,0x67dd09ef,-2,0xfe
14284,0x000609f0,0x67dd09f0,-3,0xfd
14285,0x000609f1,0x67dd09f1,1,0x01
14286,0x000609f2,0x67dd09f2,2,0x02
14287,0x000609f3,0x67dd09f3,-1,0xff
14288,0x000609f4,0x67dd09f4,4,0x04
14289,0x000609f5,0x67dd09f5,3,0x03
14290,0x000609f6,0x67dd09f6,-1,0xff
14291,0x000609f7,0x67dd09f7,-3,0xfd
14292,0x000609f8,0x67dd09f8,-4,0xfc
14293,0x000609f9,0x67dd09f9,-6,0xfa
14294,0x000609fa,0x67dd09fa,-4,0xfc
14295,0x000609fb,0x67dd09fb,0,0x00
14296,0x000609fc,0x67dd09fc,0,0x00
14297,0x000609fd,0x67dd09fd,2,0x02
14298,0x000609fe,0x67dd09fe,5,0x05
14299,0x000609ff,0x67dd09ff,6,0x06
14300,0x00060a00,0x67dd0a00,1,0x01
14301,0x00060a01,0x67dd0a01,1,0x01
14302,0x00060a02,0x67dd0a02,-1,0xff
14303,0x00060a03,0x67dd0a03,-3,0xfd
14304,0x00060a04,0x67dd0a04,-3,0xfd
14305,0x00060a05,0x67dd0a05,-1,0xff
14306,0x00060a06,0x67dd0a06,1,0x01
14307,0x00060a07,0x67dd0a07,2,0x02
14308,0x00060a08,0x67dd0a08,4,0x04
14309,0x00060a09,0x67dd0a09,5,0x05
14310,0x00060a0a,0x67dd0a0a,4,0x04
14311,0x00060a0b,0x67dd0a0b,1,0x01
14312,0x00060a0c,0x67dd0a0c,2,0x02
14313,0x00060a0d,0x67dd0a0d,-3,0xfd
14314,0x00060a0e,0x67dd0a0e,-5,0xfb
14315,0x00060a0f,0x67dd0a0f,-4,0xfc
14316,0x00060a10,0x67dd0a10,-5,0xfb
14317,0x00060a11,0x67dd0a11,-2,0xfe
14318,0x00060a12,0x67dd0a12,2,0x02
14319,0x00060a13,0x67dd0a13,4,0x04
14320,0x00060a14,0x67dd0a14,-1,0xff
14321,0x00060a15,0x67dd0a15,0,0x00
14322,0x00060a16,0x67dd0a16,1,0x01
14323,0x00060a17,0x67dd0a17,2,0x02
14324,0x00060a18,0x67dd0a18,-1,0xff
14325,0x00060a19,0x67dd0a19,0,0x00
14326,0x00060a1a,0x67dd0a1a,1,0x01
14327,0x00060a1b,0x67dd0a1b,1,0x01
14328,0x00060a1c,0x67dd0a1c,-1,0xff
14329,0x00060a1d,0x67dd0a1d,0,0x00
14330,0x00060a1e,0x67dd0a1e,1,0x01
14331,0x00060a1f,0x67dd0a1f,2,0x02
14332,0x00060a20,0x67dd0a20,-3,0xfd
14333,0x00060a21,0x67dd0a21,-2,0xfe
14334,0x00060a22,0x67dd0a22,-1,0xff
14335,0x00060a23,0x67dd0a23,0,0x00
14336,0x00060a24,0x67dd0a24,2,0x02
14337,0x00060a25,0x67dd0a25,3,0x03
14338,0x00060a26,0x67dd0a26,3,0x03
14339,0x00060a27,0x67dd0a27,4,0x04
14340,0x00060a28,0x67dd0a28,0,0x00
14341,0x00060a29,0x67dd0a29,-1,0xff
14342,0x00060a2a,0x67dd0a2a,-1,0xff
14343,0x00060a2b,0x67dd0a2b,-1,0xff
14344,0x00060a2c,0x67dd0a2c,2,0x02
14345,0x00060a2d,0x67dd0a2d,1,0x01
14346,0x00060a2e,0x67dd0a2e,-1,0xff
14347,0x00060a2f,0x67dd0a2f,-2,0xfe
14348,0x00060a30,0x67dd0a30,0,0x00
14349,0x00060a31,0x67dd0a31,-1,0xff
14350,0x00060a32,0x67dd0a32,-2,0xfe
14351,0x00060a33,0x67dd0a33,-3,0xfd
14352,0x00060a34,0x67dd0a34,1,0x01
14353,0x00060a35,0x67dd0a35,1,0x01
14354,0x00060a36,0x67dd0a36,1,0x01
14355,0x00060a37,0x67dd0a37,1,0x01
14356,0x00060a38,0x67dd0a38,1,0x01
14357,0x00060a39,0x67dd0a39,0,0x00
14358,0x00060a3a,0x67dd0a3a,-1,0xff
14359,0x00060a3b,0x67dd0a3b,0,0x00
14360,0x00060a3c,0x67dd0a3c,1,0x01
14361,0x00060a3d,0x67dd0a3d,-2,0xfe
14362,0x00060a3e,0x67dd0a3e,-4,0xfc
14363,0x00060a3f,0x67dd0a3f,-1,0xff
14364,0x00060a40,0x67dd0a40,1,0x01
14365,0x00060a41,0x67dd0a41,-4,0xfc
14366,0x00060a42,0x67dd0a42,-7,0xf9
14367,0x00060a43,0x67dd0a43,-3,0xfd
14368,0x00060a44,0x67dd0a44,0,0x00
14369,0x00060a45,0x67dd0a45,0,0x00
14370,0x00060a46,0x67dd0a46,1,0x01
14371,0x00060a47,0x67dd0a47,2,0x02
14372,0x00060a48,0x67dd0a48,0,0x00
14373,0x00060a49,0x67dd0a49,1,0x01
14374,0x00060a4a,0x67dd0a4a,1,0x01
14375,0x00060a4b,0x67dd0a4b,0,0x00
14376,0x00060a4c,0x67dd0a4c,1,0x01
14377,0x00060a4d,0x67dd0a4d,2,0x02
14378,0x00060a4e,0x67dd0a4e,1,0x01
14379,0x00060a4f,0x67dd0a4f,0,0x00
14380,0x00060a50,0x67dd0a50,1,0x01
14381,0x00060a51,0x67dd0a51,3,0x03
14382,0x00060a52,0x67dd0a52,2,0x02
14383,0x00060a53,0x67dd0a53,1,0x01
14384,0x00060a54,0x67dd0a54,1,0x01
14385,0x00060a55,0x67dd0a55,1,0x01
14386,0x00060a56,0x67dd0a56,1,0x01
14387,0x00060a57,0x67dd0a57,1,0x01
14388,0x00060a58,0x67dd0a58,1,0x01
14389,0x00060a59,0x67dd0a59,1,0x01
14390,0x00060a5a,0x67dd0a5a,1,0x01
14391,0x00060a5b,0x67dd0a5b,0,0x00
14392,0x00060a5c,0x67dd0a5c,1,0x01
14393,0x00060a5d,0x67dd0a5d,1,0x01
14394,0x00060a5e,0x67dd0a5e,0,0x00
14395,0x00060a5f,0x67dd0a5f,0,0x00
14396,0x00060a60,0x67dd0a60,3,0x03
14397,0x00060a61,0x67dd0a61,2,0x02
14398,0x00060a62,0x67dd0a62,0,0x00
14399,0x00060a63,0x67dd0a63,-1,0xff
14400,0x00060a64,0x67dd0a64,1,0x01
14401,0x00060a65,0x67dd0a65,1,0x01
14402,0x00060a66,0x67dd0a66,0,0x00
14403,0x00060a67,0x67dd0a67,-1,0xff
14404,0x00060a68,0x67dd0a68,1,0x01
14405,0x00060a69,0x67dd0a69,2,0x02
14406,0x00060a6a,0x67dd0a6a,2,0x02
14407,0x00060a6b,0x67dd0a6b,0,0x00
14408,0x00060a6c,0x67dd0a6c,0,0x00
14409,0x00060a6d,0x67dd0a6d,2,0x02
14410,0x00060a6e,0x67dd0a6e,0,0x00
14411,0x00060a6f,0x67dd0a6f,-3,0xfd
14412,0x00060a70,0x67dd0a70,-1,0xff
14413,0x00060a71,0x67dd0a71,-2,0xfe
14414,0x00060a72,0x67dd0a72,-6,0xfa
14415,0x00060a73,0x67dd0a73,-9,0xf7
14416,0x00060a74,0x67dd0a74,0,0x00
14417,0x00060a75,0x67dd0a75,0,0x00
14418,0x00060a76,0x67dd0a76,0,0x00
14419,0x00060a77,0x67dd0a77,1,0x01
14420,0x00060a78,0x67dd0a78,1,0x01
14421,0x00060a79,0x67dd0a79,0,0x00
14422,0x00060a7a,0x67dd0a7a,0,0x00
14423,0x00060a7b,0x67dd0a7b,0,0x00
14424,0x00060a7c,0x67dd0a7c,0,0x00
14425,0x00060a7d,0x67dd0a7d,1,0x01
14426,0x00060a7e,0x67dd0a7e,1,0x01
14427,0x00060a7f,0x67dd0a7f,1,0x01
14428,0x00060a80,0x67dd0a80,-7,0xf9
14429,0x00060a81,0x67dd0a81,-5,0xfb
14430,0x00060a82,0x67dd0a82,1,0x01
14431,0x00060a83,0x67dd0a83,6,0x06
14432,0x00060a84,0x67dd0a84,0,0x00
14433,0x00060a85,0x67dd0a85,0,0x00
14434,0x00060a86,0x67dd0a86,1,0x01
14435,0x00060a87,0x67dd0a87,2,0x02
14436,0x00060a88,0x67dd0a88,-1,0xff
14437,0x00060a89,0x67dd0a89,-1,0xff
14438,0x00060a8a,0x67dd0a8a,0,0x00
14439,0x00060a8b,0x67dd0a8b,2,0x02
14440,0x00060a8c,0x67dd0a8c,-1,0xff
14441,0x00060a8d,0x67dd0a8d,-3,0xfd
14442,0x00060a8e,0x67dd0a8e,-2,0xfe
14443,0x00060a8f,0x67dd0a8f,0,0x00
14444,0x00060a90,0x67dd0a90,6,0x06
14445,0x00060a91,0x67dd0a91,2,0x02
14446,0x00060a92,0x67dd0a92,-1,0xff
14447,0x00060a93,0x67dd0a93,-1,0xff
14448,0x00060a94,0x67dd0a94,3,0x03
14449,0x00060a95,0x67dd0a95,1,0x01
14450,0x00060a96,0x67dd0a96,-1,0xff
14451,0x00060a97,0x67dd0a97,-3,0xfd
14452,0x00060a98,0x67dd0a98,2,0x02
14453,0x00060a99,0x67dd0a99,0,0x00
14454,0x00060a9a,0x67dd0a9a,-2,0xfe
14455,0x00060a9b,0x67dd0a9b,-3,0xfd
14456,0x00060a9c,0x67dd0a9c,2,0x02
14457,0x00060a9d,0x67dd0a9d,2,0x02
14458,0x00060a9e,0x67dd0a9e,1,0x01
14459,0x00060a9f,0x67dd0a9f,1,0x01
14460,0x00060aa0,0x67dd0aa0,1,0x01
14461,0x00060aa1,0x67dd0aa1,1,0x01
14462,0x00060aa2,0x67dd0aa2,0,0x00
14463,0x00060aa3,0x67dd0aa3,0,0x00
14464,0x00060aa4,0x67dd0aa4,-4,0xfc
14465,0x00060aa5,0x67dd0aa5,-2,0xfe
14466,0x00060aa6,0x67dd0aa6,1,0x01
14467,0x00060aa7,0x67dd0aa7,4,0x04
14468,0x00060aa8,0x67dd0aa8,-4,0xfc
14469,0x00060aa9,0x67dd0aa9,-3,0xfd
14470,0x00060aaa,0x67dd0aaa,-1,0xff
14471,0x00060aab,0x67dd0aab,2,0x02
14472,0x00060aac,0x67dd0aac,1,0x01
14473,0x00060aad,0x67dd0aad,0,0x00
14474,0x00060aae,0x67dd0aae,0,0x00
14475,0x00060aaf,0x67dd0aaf,1,0x01
14476,0x00060ab0,0x67dd0ab0,0,0x00
14477,0x00060ab1,0x67dd0ab1,0,0x00
14478,0x00060ab2,0x67dd0ab2,0,0x00
14479,0x00060ab3,0x67dd0ab3,1,0x01
14480,0x00060ab4,0x67dd0ab4,-1,0xff
14481,0x00060ab5,0x67dd0ab5,1,0x01
14482,0x00060ab6,0x67dd0ab6,1,0x01
14483,0x00060ab7,0x67dd0ab7,-2,0xfe
14484,0x00060ab8,0x67dd0ab8,-1,0xff
14485,0x00060ab9,0x67dd0ab9,1,0x01
14486,0x00060aba,0x67dd0aba,4,0x04
14487,0x00060abb,0x67dd0abb,3,0x03
14488,0x00060abc,0x67dd0abc,-1,0xff
14489,0x00060abd,0x67dd0abd,0,0x00
14490,0x00060abe,0x67dd0abe,2,0x02
14491,0x00060abf,0x67dd0abf,3,0x03
14492,0x00060ac0,0x67dd0ac0,-1,0xff
14493,0x00060ac1,0x67dd0ac1,0,0x00
14494,0x00060ac2,0x67dd0ac2,1,0x01
14495,0x00060ac3,0x67dd0ac3,0,0x00
14496,0x00060ac4,0x67dd0ac4,-5,0xfb
14497,0x00060ac5,0x67dd0ac5,-6,0xfa
14498,0x00060ac6,0x67dd0ac6,-4,0xfc
14499,0x00060ac7,0x67dd0ac7,-1,0xff
14500,0x00060ac8,0x67dd0ac8,2,0x02
14501,0x00060ac9,0x67dd0ac9,0,0x00
14502,0x00060aca,0x67dd0aca,1,0x01
14503,0x00060acb,0x67dd0acb,2,0x02
14504,0x00060acc,0x67dd0acc,1,0x01
14505,0x00060acd,0x67dd0acd,0,0x00
14506,0x00060ace,0x67dd0ace,0,0x00
14507,0x00060acf,0x67dd0acf,1,0x01
14508,0x00060ad0,0x67dd0ad0,0,0x00
14509,0x00060ad1,0x67dd0ad1,-1,0xff
14510,0x00060ad2,0x67dd0ad2,-1,0xff
14511,0x00060ad3,0x67dd0ad3,0,0x00
14512,0x00060ad4,0x67dd0ad4,0,0x00
14513,0x00060ad5,0x67dd0ad5,1,0x01
14514,0x00060ad6,0x67dd0ad6,2,0x02
14515,0x00060ad7,0x67dd0ad7,2,0x02
14516,0x00060ad8,0x67dd0ad8,-2,0xfe
14517,0x00060ad9,0x67dd0ad9,-1,0xff
14518,0x00060ada,0x67dd0ada,-1,0xff
14519,0x00060adb,0x67dd0adb,-2,0xfe
14520,0x00060adc,0x67dd0adc,-1,0xff
14521,0x00060add,0x67dd0add,-1,0xff
14522,0x00060ade,0x67dd0ade,-2,0xfe
14523,0x00060adf,0x67dd0adf,-3,0xfd
14524,0x00060ae0,0x67dd0ae0,-1,0xff
14525,0x00060ae1,0x67dd0ae1,0,0x00
14526,0x00060ae2,0x67dd0ae2,0,0x00
14527,0x00060ae3,0x67dd0ae3,-1,0xff
14528,0x00060ae4,0x67dd0ae4,0,0x00
14529,0x00060ae5,0x67dd0ae5,-2,0xfe
14530,0x00060ae6,0x67dd0ae6,-1,0xff
14531,0x00060ae7,0x67dd0ae7,1,0x01
14532,0x00060ae8,0x67dd0ae8,-1,0xff
14533,0x00060ae9,0x67dd0ae9,2,0x02
14534,0x00060aea,0x67dd0aea,6,0x06
14535,0x00060aeb,0x67dd0aeb,8,0x08
14536,0x00060aec,0x67dd0aec,-2,0xfe
14537,0x00060aed,0x67dd0aed,0,0x00
14538,0x00060aee,0x67dd0aee,1,0x01
14539,0x00060aef,0x67dd0aef,2,0x02
14540,0x00060af0,0x67dd0af0,-1,0xff
14541,0x00060af1,0x67dd0af1,0,0x00
14542,0x00060af2,0x67dd0af2,-1,0xff
14543,0x00060af3,0x67dd0af3,-1,0xff
14544,0x00060af4,0x67dd0af4,2,0x02
14545,0x00060af5,0x67dd0af5,1,0x01
14546,0x00060af6,0x67dd0af6,1,0x01
14547,0x00060af7,0x67dd0af7,1,0x01
14548,0x00060af8,0x67dd0af8,0,0x00
14549,0x00060af9,0x67dd0af9,0,0x00
14550,0x00060afa,0x67dd0afa,1,0x01
14551,0x00060afb,0x67dd0afb,1,0x01
14552,0x00060afc,0x67dd0afc,-1,0xff
14553,0x00060afd,0x67dd0afd,0,0x00
14554,0x00060afe,0x67dd0afe,2,0x02
14555,0x00060aff,0x67dd0aff,2,0x02
14556,0x00060b00,0x67dd0b00,0,0x00
14557,0x00060b01,0x67dd0b01,2,0x02
14558,0x00060b02,0x67dd0b02,3,0x03
14559,0x00060b03,0x67dd0b03,0,0x00
14560,0x00060b04,0x67dd0b04,1,0x01
14561,0x00060b05,0x67dd0b05,0,0x00
14562,0x00060b06,0x67dd0b06,0,0x00
14563,0x00060b07,0x67dd0b07,0,0x00
14564,0x00060b08,0x67dd0b08,1,0x01
14565,0x00060b09,0x67dd0b09,-1,0xff
14566,0x00060b0a,0x67dd0b0a,-1,0xff
14567,0x00060b0b,0x67dd0b0b,1,0x01
14568,0x00060b0c,0x67dd0b0c,-1,0xff
14569,0x00060b0d,0x67dd0b0d,-3,0xfd
14570,0x00060b0e,0x67dd0b0e,-2,0xfe
14571,0x00060b0f,0x67dd0b0f,3,0x03
14572,0x00060b10,0x67dd0b10,-5,0xfb
14573,0x00060b11,0x67dd0b11,-7,0xf9
14574,0x00060b12,0x67dd0b12,-2,0xfe
14575,0x00060b13,0x67dd0b13,4,0x04
14576,0x00060b14,0x67dd0b14,-1,0xff
14577,0x00060b15,0x67dd0b15,0,0x00
14578,0x00060b16,0x67dd0b16,0,0x00
14579,0x00060b17,0x67dd0b17,0,0x00
14580,0x00060b18,0x67dd0b18,-1,0xff
14581,0x00060b19,0x67dd0b19,0,0x00
14582,0x00060b1a,0x67dd0b1a,-1,0xff
14583,0x00060b1b,0x67dd0b1b,-2,0xfe
14584,0x00060b1c,0x67dd0b1c,1,0x01
14585,0x00060b1d,0x67dd0b1d,1,0x01
14586,0x00060b1e,0x67dd0b1e,0,0x00
14587,0x00060b1f,0x67dd0b1f,0,0x00
14588,0x00060b20,0x67dd0b20,1,0x01
14589,0x00060b21,0x67dd0b21,2,0x02
14590,0x00060b22,0x67dd0b22,1,0x01
14591,0x00060b23,0x67dd0b23,2,0x02
14592,0x00060b24,0x67dd0b24,-1,0xff
14593,0x00060b25,0x67dd0b25,-2,0xfe
14594,0x00060b26,0x67dd0b26,-3,0xfd
14595,0x00060b27,0x67dd0b27,-3,0xfd
14596,0x00060b28,0x67dd0b28,-2,0xfe
14597,0x00060b29,0x67dd0b29,-2,0xfe
14598,0x00060b2a,0x67dd0b2a,-2,0xfe
14599,0x00060b2b,0x67dd0b2b,-2,0xfe
14600,0x00060b2c,0x67dd0b2c,1,0x01
14601,0x00060b2d,0x67dd0b2d,2,0x02
14602,0x00060b2e,0x67dd0b2e,0,0x00
14603,0x00060b2f,0x67dd0b2f,-1,0xff
14604,0x00060b30,0x67dd0b30,5,0x05
14605,0x00060b31,0x67dd0b31,6,0x06
14606,0x00060b32,0x67dd0b32,2,0x02
14607,0x00060b33,0x67dd0b33,0,0x00
14608,0x00060b34,0x67dd0b34,-2,0xfe
14609,0x00060b35,0x67dd0b35,-4,0xfc
14610,0x00060b36,0x67dd0b36,-3,0xfd
14611,0x00060b37,0x67dd0b37,0,0x00
14612,0x00060b38,0x67dd0b38,3,0x03
14613,0x00060b39,0x67dd0b39,1,0x01
14614,0x00060b3a,0x67dd0b3a,0,0x00
14615,0x00060b3b,0x67dd0b3b,1,0x01
14616,0x00060b3c,0x67dd0b3c,3,0x03
14617,0x00060b3d,0x67dd0b3d,1,0x01
14618,0x00060b3e,0x67dd0b3e,0,0x00
14619,0x00060b3f,0x67dd0b3f,0,0x00
14620,0x00060b40,0x67dd0b40,1,0x01
14621,0x00060b41,0x67dd0b41,-1,0xff
14622,0x00060b42,0x67dd0b42,-2,0xfe
14623,0x00060b43,0x67dd0b43,-2,0xfe
14624,0x00060b44,0x67dd0b44,2,0x02
14625,0x00060b45,0x67dd0b45,2,0x02
14626,0x00060b46,0x67dd0b46,0,0x00
14627,0x00060b47,0x67dd0b47,-3,0xfd
14628,0x00060b48,0x67dd0b48,2,0x02
14629,0x00060b49,0x67dd0b49,1,0x01
14630,0x00060b4a,0x67dd0b4a,-2,0xfe
14631,0x00060b4b,0x67dd0b4b,-3,0xfd
14632,0x00060b4c,0x67dd0b4c,0,0x00
14633,0x00060b4d,0x67dd0b4d,0,0x00
14634,0x00060b4e,0x67dd0b4e,0,0x00
14635,0x00060b4f,0x67dd0b4f,-1,0xff
14636,0x00060b50,0x67dd0b50,-1,0xff
14637,0x00060b51,0x67dd0b51,1,0x01
14638,0x00060b52,0x67dd0b52,3,0x03
14639,0x00060b53,0x67dd0b53,3,0x03
14640,0x00060b54,0x67dd0b54,3,0x03
14641,0x00060b55,0x67dd0b55,2,0x02
14642,0x00060b56,0x67dd0b56,1,0x01
14643,0x00060b57,0x67dd0b57,2,0x02
14644,0x00060b58,0x67dd0b58,-2,0xfe
14645,0x00060b59,0x67dd0b59,-4,0xfc
14646,0x00060b5a,0x67dd0b5a,-4,0xfc
14647,0x00060b5b,0x67dd0b5b,-3,0xfd
14648,0x00060b5c,0x67dd0b5c,1,0x01
14649,0x00060b5d,0x67dd0b5d,0,0x00
14650,0x00060b5e,0x67dd0b5e,-1,0xff
14651,0x00060b5f,0x67dd0b5f,-1,0xff
14652,0x00060b60,0x67dd0b60,3,0x03
14653,0x00060b61,0x67dd0b61,2,0x02
14654,0x00060b62,0x67dd0b62,0,0x00
14655,0x00060b63,0x67dd0b63,0,0x00
14656,0x00060b64,0x67dd0b64,4,0x04
14657,0x00060b65,0x67dd0b65,3,0x03
14658,0x00060b66,0x67dd0b66,1,0x01
14659,0x00060b67,0x67dd0b67,-2,0xfe
14660,0x00060b68,0x67dd0b68,-1,0xff
14661,0x00060b69,0x67dd0b69,0,0x00
14662,0x00060b6a,0x67dd0b6a,-2,0xfe
14663,0x00060b6b,0x67dd0b6b,-3,0xfd
14664,0x00060b6c,0x67dd0b6c,0,0x00
14665,0x00060b6d,0x67dd0b6d,1,0x01
14666,0x00060b6e,0x67dd0b6e,0,0x00
14667,0x00060b6f,0x67dd0b6f,-1,0xff
14668,0x00060b70,0x67dd0b70,0,0x00
14669,0x00060b71,0x67dd0b71,1,0x01
14670,0x00060b72,0x67dd0b72,1,0x01
14671,0x00060b73,0x67dd0b73,0,0x00
14672,0x00060b74,0x67dd0b74,1,0x01
14673,0x00060b75,0x67dd0b75,1,0x01
14674,0x00060b76,0x67dd0b76,0,0x00
14675,0x00060b77,0x67dd0b77,0,0x00
14676,0x00060b78,0x67dd0b78,2,0x02
14677,0x00060b79,0x67dd0b79,3,0x03
14678,0x00060b7a,0x67dd0b7a,3,0x03
14679,0x00060b7b,0x67dd0b7b,2,0x02
14680,0x00060b7c,0x67dd0b7c,0,0x00
14681,0x00060b7d,0x67dd0b7d,-1,0xff
14682,0x00060b7e,0x67dd0b7e,-2,0xfe
14683,0x00060b7f,0x67dd0b7f,-3,0xfd
14684,0x00060b80,0x67dd0b80,1,0x01
14685,0x00060b81,0x67dd0b81,1,0x01
14686,0x00060b82,0x67dd0b82,0,0x00
14687,0x00060b83,0x67dd0b83,-1,0xff
14688,0x00060b84,0x67dd0b84,0,0x00
14689,0x00060b85,0x67dd0b85,0,0x00
14690,0x00060b86,0x67dd0b86,0,0x00
14691,0x00060b87,0x67dd0b87,0,0x00
14692,0x00060b88,0x67dd0b88,2,0x02
14693,0x00060b89,0x67dd0b89,2,0x02
14694,0x00060b8a,0x67dd0b8a,1,0x01
14695,0x00060b8b,0x67dd0b8b,1,0x01
14696,0x00060b8c,0x67dd0b8c,-5,0xfb
14697,0x00060b8d,0x67dd0b8d,-5,0xfb
14698,0x00060b8e,0x67dd0b8e,-5,0xfb
14699,0x00060b8f,0x67dd0b8f,-4,0xfc
14700,0x00060b90,0x67dd0b90,0,0x00
14701,0x00060b91,0x67dd0b91,1,0x01
14702,0x00060b92,0x67dd0b92,3,0x03
14703,0x00060b93,0x67dd0b93,3,0x03
14704,0x00060b94,0x67dd0b94,-9,0xf7
14705,0x00060b95,0x67dd0b95,-6,0xfa
14706,0x00060b96,0x67dd0b96,-2,0xfe
14707,0x00060b97,0x67dd0b97,0,0x00
14708,0x00060b98,0x67dd0b98,-6,0xfa
14709,0x00060b99,0x67dd0b99,-2,0xfe
14710,0x00060b9a,0x67dd0b9a,1,0x01
14711,0x00060b9b,0x67dd0b9b,2,0x02
14712,0x00060b9c,0x67dd0b9c,-2,0xfe
14713,0x00060b9d,0x67dd0b9d,1,0x01
14714,0x00060b9e,0x67dd0b9e,2,0x02
14715,0x00060b9f,0x67dd0b9f,2,0x02
14716,0x00060ba0,0x67dd0ba0,0,0x00
14717,0x00060ba1,0x67dd0ba1,2,0x02
14718,0x00060ba2,0x67dd0ba2,2,0x02
14719,0x00060ba3,0x67dd0ba3,1,0x01
14720,0x00060ba4,0x67dd0ba4,1,0x01
14721,0x00060ba5,0x67dd0ba5,1,0x01
14722,0x00060ba6,0x67dd0ba6,2,0x02
14723,0x00060ba7,0x67dd0ba7,2,0x02
14724,0x00060ba8,0x67dd0ba8,1,0x01
14725,0x00060ba9,0x67dd0ba9,1,0x01
14726,0x00060baa,0x67dd0baa,0,0x00
14727,0x00060bab,0x67dd0bab,1,0x01
14728,0x00060bac,0x67dd0bac,1,0x01
14729,0x00060bad,0x67dd0bad,1,0x01
14730,0x00060bae,0x67dd0bae,1,0x01
14731,0x00060baf,0x67dd0baf,1,0x01
14732,0x00060bb0,0x67dd0bb0,0,0x00
14733,0x00060bb1,0x67dd0bb1,1,0x01
14734,0x00060bb2,0x67dd0bb2,1,0x01
14735,0x00060bb3,0x67dd0bb3,1,0x01
14736,0x00060bb4,0x67dd0bb4,1,0x01
14737,0x00060bb5,0x67dd0bb5,0,0x00
14738,0x00060bb6,0x67dd0bb6,0,0x00
14739,0x00060bb7,0x67dd0bb7,0,0x00
14740,0x00060bb8,0x67dd0bb8,0,0x00
14741,0x00060bb9,0x67dd0bb9,0,0x00
14742,0x00060bba,0x67dd0bba,0,0x00
14743,0x00060bbb,0x67dd0bbb,0,0x00
14744,0x00060bbc,0x67dd0bbc,-3,0xfd
14745,0x00060bbd,0x67dd0bbd,-3,0xfd
14746,0x00060bbe,0x67dd0bbe,-3,0xfd
14747,0x00060bbf,0x67dd0bbf,-2,0xfe
14748,0x00060bc0,0x67dd0bc0,1,0x01
14749,0x00060bc1,0x67dd0bc1,2,0x02
14750,0x00060bc2,0x67dd0bc2,2,0x02
14751,0x00060bc3,0x67dd0bc3,2,0x02
14752,0x00060bc4,0x67dd0bc4,0,0x00
14753,0x00060bc5,0x67dd0bc5,0,0x00
14754,0x00060bc6,0x67dd0bc6,-1,0xff
14755,0x00060bc7,0x67dd0bc7,0,0x00
14756,0x00060bc8,0x67dd0bc8,-1,0xff
14757,0x00060bc9,0x67dd0bc9,-3,0xfd
14758,0x00060bca,0x67dd0bca,-2,0xfe
14759,0x00060bcb,0x67dd0bcb,0,0x00
14760,0x00060bcc,0x67dd0bcc,-1,0xff
14761,0x00060bcd,0x67dd0bcd,3,0x03
14762,0x00060bce,0x67dd0bce,7,0x07
14763,0x00060bcf,0x67dd0bcf,9,0x09
14764,0x00060bd0,0x67dd0bd0,0,0x00
14765,0x00060bd1,0x67dd0bd1,-2,0xfe
14766,0x00060bd2,0x67dd0bd2,-4,0xfc
14767,0x00060bd3,0x67dd0bd3,-3,0xfd
14768,0x00060bd4,0x67dd0bd4,2,0x02
14769,0x00060bd5,0x67dd0bd5,0,0x00
14770,0x00060bd6,0x67dd0bd6,-2,0xfe
14771,0x00060bd7,0x67dd0bd7,-1,0xff
14772,0x00060bd8,0x67dd0bd8,1,0x01
14773,0x00060bd9,0x67dd0bd9,0,0x00
14774,0x00060bda,0x67dd0bda,-2,0xfe
14775,0x00060bdb,0x67dd0bdb,-3,0xfd
14776,0x00060bdc,0x67dd0bdc,0,0x00
14777,0x00060bdd,0x67dd0bdd,3,0x03
14778,0x00060bde,0x67dd0bde,3,0x03
14779,0x00060bdf,0x67dd0bdf,0,0x00
14780,0x00060be0,0x67dd0be0,-6,0xfa
14781,0x00060be1,0x67dd0be1,-1,0xff
14782,0x00060be2,0x67dd0be2,3,0x03
14783,0x00060be3,0x67dd0be3,2,0x02
14784,0x00060be4,0x67dd0be4,3,0x03
14785,0x00060be5,0x67dd0be5,4,0x04
14786,0x00060be6,0x67dd0be6,-1,0xff
14787,0x00060be7,0x67dd0be7,-6,0xfa
14788,0x00060be8,0x67dd0be8,-1,0xff
14789,0x00060be9,0x67dd0be9,3,0x03
14790,0x00060bea,0x67dd0bea,3,0x03
14791,0x00060beb,0x67dd0beb,0,0x00
14792,0x00060bec,0x67dd0bec,-2,0xfe
14793,0x00060bed,0x67dd0bed,-1,0xff
14794,0x00060bee,0x67dd0bee,1,0x01
14795,0x00060bef,0x67dd0bef,1,0x01
14796,0x00060bf0,0x67dd0bf0,-1,0xff
14797,0x00060bf1,0x67dd0bf1,-2,0xfe
14798,0x00060bf2,0x67dd0bf2,0,0x00
14799,0x00060bf3,0x67dd0bf3,1,0x01
14800,0x00060bf4,0x67dd0bf4,5,0x05
14801,0x00060bf5,0x67dd0bf5,3,0x03
14802,0x00060bf6,0x67dd0bf6,0,0x00
14803,0x00060bf7,0x67dd0bf7,-2,0xfe
14804,0x00060bf8,0x67dd0bf8,1,0x01
14805,0x00060bf9,0x67dd0bf9,1,0x01
14806,0x00060bfa,0x67dd0bfa,2,0x02
14807,0x00060bfb,0x67dd0bfb,2,0x02
14808,0x00060bfc,0x67dd0bfc,-3,0xfd
14809,0x00060bfd,0x67dd0bfd,-2,0xfe
14810,0x00060bfe,0x67dd0bfe,1,0x01
14811,0x00060bff,0x67dd0bff,2,0x02
14812,0x00060c00,0x67dd0c00,2,0x02
14813,0x00060c01,0x67dd0c01,2,0x02
14814,0x00060c02,0x67dd0c02,0,0x00
14815,0x00060c03,0x67dd0c03,-2,0xfe
14816,0x00060c04,0x67dd0c04,-3,0xfd
14817,0x00060c05,0x67dd0c05,0,0x00
14818,0x00060c06,0x67dd0c06,2,0x02
14819,0x00060c07,0x67dd0c07,1,0x01
14820,0x00060c08,0x67dd0c08,0,0x00
14821,0x00060c09,0x67dd0c09,-2,0xfe
14822,0x00060c0a,0x67dd0c0a,-4,0xfc
14823,0x00060c0b,0x67dd0c0b,-7,0xf9
14824,0x00060c0c,0x67dd0c0c,2,0x02
14825,0x00060c0d,0x67dd0c0d,1,0x01
14826,0x00060c0e,0x67dd0c0e,-1,0xff
14827,0x00060c0f,0x67dd0c0f,-4,0xfc
14828,0x00060c10,0x67dd0c10,-2,0xfe
14829,0x00060c11,0x67dd0c11,0,0x00
14830,0x00060c12,0x67dd0c12,2,0x02
14831,0x00060c13,0x67dd0c13,2,0x02
14832,0x00060c14,0x67dd0c14,0,0x00
14833,0x00060c15,0x67dd0c15,0,0x00
14834,0x00060c16,0x67dd0c16,-2,0xfe
14835,0x00060c17,0x67dd0c17,-3,0xfd
14836,0x00060c18,0x67dd0c18,0,0x00
14837,0x00060c19,0x67dd0c19,0,0x00
14838,0x00060c1a,0x67dd0c1a,0,0x00
14839,0x00060c1b,0x67dd0c1b,0,0x00
14840,0x00060c1c,0x67dd0c1c,-2,0xfe
14841,0x00060c1d,0x67dd0c1d,-1,0xff
14842,0x00060c1e,0x67dd0c1e,0,0x00
14843,0x00060c1f,0x67dd0c1f,1,0x01
14844,0x00060c20,0x67dd0c20,-4,0xfc
14845,0x00060c21,0x67dd0c21,-2,0xfe
14846,0x00060c22,0x67dd0c22,0,0x00
14847,0x00060c23,0x67dd0c23,0,0x00
14848,0x00060c24,0x67dd0c24,-2,0xfe
14849,0x00060c25,0x67dd0c25,-1,0xff
14850,0x00060c26,0x67dd0c26,0,0x00
14851,0x00060c27,0x67dd0c27,0,0x00
14852,0x00060c28,0x67dd0c28,0,0x00
14853,0x00060c29,0x67dd0c29,0,0x00
14854,0x00060c2a,0x67dd0c2a,2,0x02
14855,0x00060c2b,0x67dd0c2b,2,0x02
14856,0x00060c2c,0x67dd0c2c,0,0x00
14857,0x00060c2d,0x67dd0c2d,1,0x01
14858,0x00060c2e,0x67dd0c2e,2,0x02
14859,0x00060c2f,0x67dd0c2f,3,0x03
14860,0x00060c30,0x67dd0c30,-1,0xff
14861,0x00060c31,0x67dd0c31,0,0x00
14862,0x00060c32,0x67dd0c32,2,0x02
14863,0x00060c33,0x67dd0c33,3,0x03
14864,0x00060c34,0x67dd0c34,-2,0xfe
14865,0x00060c35,0x67dd0c35,-2,0xfe
14866,0x00060c36,0x67dd0c36,-2,0xfe
14867,0x00060c37,0x67dd0c37,-1,0xff
14868,0x00060c38,0x67dd0c38,0,0x00
14869,0x00060c39,0x67dd0c39,0,0x00
14870,0x00060c3a,0x67dd0c3a,0,0x00
14871,0x00060c3b,0x67dd0c3b,0,0x00
14872,0x00060c3c,0x67dd0c3c,0,0x00
14873,0x00060c3d,0x67dd0c3d,-1,0xff
14874,0x00060c3e,0x67dd0c3e,-1,0xff
14875,0x00060c3f,0x67dd0c3f,-1,0xff
14876,0x00060c40,0x67dd0c40,6,0x06
14877,0x00060c41,0x67dd0c41,4,0x04
14878,0x00060c42,0x67dd0c42,2,0x02
14879,0x00060c43,0x67dd0c43,0,0x00
14880,0x00060c44,0x67dd0c44,-1,0xff
14881,0x00060c45,0x67dd0c45,0,0x00
14882,0x00060c46,0x67dd0c46,2,0x02
14883,0x00060c47,0x67dd0c47,4,0x04
14884,0x00060c48,0x67dd0c48,-1,0xff
14885,0x00060c49,0x67dd0c49,-1,0xff
14886,0x00060c4a,0x67dd0c4a,0,0x00
14887,0x00060c4b,0x67dd0c4b,1,0x01
14888,0x00060c4c,0x67dd0c4c,-1,0xff
14889,0x00060c4d,0x67dd0c4d,-1,0xff
14890,0x00060c4e,0x67dd0c4e,0,0x00
14891,0x00060c4f,0x67dd0c4f,0,0x00
14892,0x00060c50,0x67dd0c50,-1,0xff
14893,0x00060c51,0x67dd0c51,-2,0xfe
14894,0x00060c52,0x67dd0c52,-1,0xff
14895,0x00060c53,0x67dd0c53,-1,0xff
14896,0x00060c54,0x67dd0c54,0,0x00
14897,0x00060c55,0x67dd0c55,1,0x01
14898,0x00060c56,0x67dd0c56,1,0x01
14899,0x00060c57,0x67dd0c57,1,0x01
14900,0x00060c58,0x67dd0c58,1,0x01
14901,0x00060c59,0x67dd0c59,1,0x01
14902,0x00060c5a,0x67dd0c5a,1,0x01
14903,0x00060c5b,0x67dd0c5b,1,0x01
14904,0x00060c5c,0x67dd0c5c,1,0x01
14905,0x00060c5d,0x67dd0c5d,0,0x00
14906,0x00060c5e,0x67dd0c5e,1,0x01
14907,0x00060c5f,0x67dd0c5f,1,0x01
14908,0x00060c60,0x67dd0c60,2,0x02
14909,0x00060c61,0x67dd0c61,1,0x01
14910,0x00060c62,0x67dd0c62,1,0x01
14911,0x00060c63,0x67dd0c63,1,0x01
14912,0x00060c64,0x67dd0c64,1,0x01
14913,0x00060c65,0x67dd0c65,-1,0xff
14914,0x00060c66,0x67dd0c66,-5,0xfb
14915,0x00060c67,0x67dd0c67,-10,0xf6
14916,0x00060c68,0x67dd0c68,1,0x01
14917,0x00060c69,0x67dd0c69,1,0x01
14918,0x00060c6a,0x67dd0c6a,0,0x00
14919,0x00060c6b,0x67dd0c6b,-4,0xfc
14920,0x00060c6c,0x67dd0c6c,1,0x01
14921,0x00060c6d,0x67dd0c6d,1,0x01
14922,0x00060c6e,0x67dd0c6e,1,0x01
14923,0x00060c6f,0x67dd0c6f,-1,0xff
14924,0x00060c70,0x67dd0c70,0,0x00
14925,0x00060c71,0x67dd0c71,0,0x00
14926,0x00060c72,0x67dd0c72,0,0x00
14927,0x00060c73,0x67dd0c73,0,0x00
14928,0x00060c74,0x67dd0c74,-3,0xfd
14929,0x00060c75,0x67dd0c75,1,0x01
14930,0x00060c76,0x67dd0c76,4,0x04
14931,0x00060c77,0x67dd0c77,3,0x03
14932,0x00060c78,0x67dd0c78,-4,0xfc
14933,0x00060c79,0x67dd0c79,0,0x00
14934,0x00060c7a,0x67dd0c7a,1,0x01
14935,0x00060c7b,0x67dd0c7b,0,0x00
14936,0x00060c7c,0x67dd0c7c,-5,0xfb
14937,0x00060c7d,0x67dd0c7d,0,0x00
14938,0x00060c7e,0x67dd0c7e,2,0x02
14939,0x00060c7f,0x67dd0c7f,1,0x01
14940,0x00060c80,0x67dd0c80,-1,0xff
14941,0x00060c81,0x67dd0c81,2,0x02
14942,0x00060c82,0x67dd0c82,1,0x01
14943,0x00060c83,0x67dd0c83,-2,0xfe
14944,0x00060c84,0x67dd0c84,3,0x03
14945,0x00060c85,0x67dd0c85,1,0x01
14946,0x00060c86,0x67dd0c86,-1,0xff
14947,0x00060c87,0x67dd0c87,0,0x00
14948,0x00060c88,0x67dd0c88,-1,0xff
14949,0x00060c89,0x67dd0c89,0,0x00
14950,0x00060c8a,0x67dd0c8a,0,0x00
14951,0x00060c8b,0x67dd0c8b,0,0x00
14952,0x00060c8c,0x67dd0c8c,1,0x01
14953,0x00060c8d,0x67dd0c8d,1,0x01
14954,0x00060c8e,0x67dd0c8e,0,0x00
14955,0x00060c8f,0x67dd0c8f,-1,0xff
14956,0x00060c90,0x67dd0c90,-2,0xfe
14957,0x00060c91,0x67dd0c91,-1,0xff
14958,0x00060c92,0x67dd0c92,0,0x00
14959,0x00060c93,0x67dd0c93,-1,0xff
14960,0x00060c94,0x67dd0c94,2,0x02
14961,0x00060c95,0x67dd0c95,4,0x04
14962,0x00060c96,0x67dd0c96,5,0x05
14963,0x00060c97,0x67dd0c97,3,0x03
14964,0x00060c98,0x67dd0c98,0,0x00
14965,0x00060c99,0x67dd0c99,0,0x00
14966,0x00060c9a,0x67dd0c9a,1,0x01
14967,0x00060c9b,0x67dd0c9b,0,0x00
14968,0x00060c9c,0x67dd0c9c,-2,0xfe
14969,0x00060c9d,0x67dd0c9d,-2,0xfe
14970,0x00060c9e,0x67dd0c9e,-2,0xfe
14971,0x00060c9f,0x67dd0c9f,-2,0xfe
14972,0x00060ca0,0x67dd0ca0,0,0x00
14973,0x00060ca1,0x67dd0ca1,0,0x00
14974,0x00060ca2,0x67dd0ca2,1,0x01
14975,0x00060ca3,0x67dd0ca3,0,0x00
14976,0x00060ca4,0x67dd0ca4,0,0x00
14977,0x00060ca5,0x67dd0ca5,-1,0xff
14978,0x00060ca6,0x67dd0ca6,1,0x01
14979,0x00060ca7,0x67dd0ca7,2,0x02
14980,0x00060ca8,0x67dd0ca8,-2,0xfe
14981,0x00060ca9,0x67dd0ca9,-2,0xfe
14982,0x00060caa,0x67dd0caa,-1,0xff
14983,0x00060cab,0x67dd0cab,-1,0xff
14984,0x00060cac,0x67dd0cac,-3,0xfd
14985,0x00060cad,0x67dd0cad,-2,0xfe
14986,0x00060cae,0x67dd0cae,-1,0xff
14987,0x00060caf,0x67dd0caf,0,0x00
14988,0x00060cb0,0x67dd0cb0,0,0x00
14989,0x00060cb1,0x67dd0cb1,0,0x00
14990,0x00060cb2,0x67dd0cb2,1,0x01
14991,0x00060cb3,0x67dd0cb3,2,0x02
14992,0x00060cb4,0x67dd0cb4,0,0x00
14993,0x00060cb5,0x67dd0cb5,-2,0xfe
14994,0x00060cb6,0x67dd0cb6,-2,0xfe
14995,0x00060cb7,0x67dd0cb7,-3,0xfd
14996,0x00060cb8,0x67dd0cb8,1,0x01
14997,0x00060cb9,0x67dd0cb9,0,0x00
14998,0x00060cba,0x67dd0cba,0,0x00
14999,0x00060cbb,0x67dd0cbb,0,0x00
15000,0x00060cbc,0x67dd0cbc,-1,0xff
15001,0x00060cbd,0x67dd0cbd,-1,0xff
15002,0x00060cbe,0x67dd0cbe,0,0x00
15003,0x00060cbf,0x67dd0cbf,-1,0xff
15004,0x00060cc0,0x67dd0cc0,-1,0xff
15005,0x00060cc1,0x67dd0cc1,0,0x00
15006,0x00060cc2,0x67dd0cc2,1,0x01
15007,0x00060cc3,0x67dd0cc3,0,0x00
15008,0x00060cc4,0x67dd0cc4,-1,0xff
15009,0x00060cc5,0x67dd0cc5,2,0x02
15010,0x00060cc6,0x67dd0cc6,2,0x02
15011,0x00060cc7,0x67dd0cc7,-1,0xff
15012,0x00060cc8,0x67dd0cc8,1,0x01
15013,0x00060cc9,0x67dd0cc9,5,0x05
15014,0x00060cca,0x67dd0cca,3,0x03
15015,0x00060ccb,0x67dd0ccb,-2,0xfe
15016,0x00060ccc,0x67dd0ccc,0,0x00
15017,0x00060ccd,0x67dd0ccd,2,0x02
15018,0x00060cce,0x67dd0cce,0,0x00
15019,0x00060ccf,0x67dd0ccf,-5,0xfb
15020,0x00060cd0,0x67dd0cd0,0,0x00
15021,0x00060cd1,0x67dd0cd1,2,0x02
15022,0x00060cd2,0x67dd0cd2,2,0x02
15023,0x00060cd3,0x67dd0cd3,-2,0xfe
15024,0x00060cd4,0x67dd0cd4,3,0x03
15025,0x00060cd5,0x67dd0cd5,1,0x01
15026,0x00060cd6,0x67dd0cd6,-1,0xff
15027,0x00060cd7,0x67dd0cd7,-1,0xff
15028,0x00060cd8,0x67dd0cd8,1,0x01
15029,0x00060cd9,0x67dd0cd9,0,0x00
15030,0x00060cda,0x67dd0cda,0,0x00
15031,0x00060cdb,0x67dd0cdb,1,0x01
15032,0x00060cdc,0x67dd0cdc,-10,0xf6
15033,0x00060cdd,0x67dd0cdd,-8,0xf8
15034,0x00060cde,0x67dd0cde,-2,0xfe
15035,0x00060cdf,0x67dd0cdf,1,0x01
15036,0x00060ce0,0x67dd0ce0,-1,0xff
15037,0x00060ce1,0x67dd0ce1,1,0x01
15038,0x00060ce2,0x67dd0ce2,2,0x02
15039,0x00060ce3,0x67dd0ce3,1,0x01
15040,0x00060ce4,0x67dd0ce4,0,0x00
15041,0x00060ce5,0x67dd0ce5,1,0x01
15042,0x00060ce6,0x67dd0ce6,1,0x01
15043,0x00060ce7,0x67dd0ce7,2,0x02
15044,0x00060ce8,0x67dd0ce8,1,0x01
15045,0x00060ce9,0x67dd0ce9,1,0x01
15046,0x00060cea,0x67dd0cea,1,0x01
15047,0x00060ceb,0x67dd0ceb,1,0x01
15048,0x00060cec,0x67dd0cec,2,0x02
15049,0x00060ced,0x67dd0ced,1,0x01
15050,0x00060cee,0x67dd0cee,1,0x01
15051,0x00060cef,0x67dd0cef,1,0x01
15052,0x00060cf0,0x67dd0cf0,0,0x00
15053,0x00060cf1,0x67dd0cf1,0,0x00
15054,0x00060cf2,0x67dd0cf2,0,0x00
15055,0x00060cf3,0x67dd0cf3,0,0x00
15056,0x00060cf4,0x67dd0cf4,-1,0xff
15057,0x00060cf5,0x67dd0cf5,-1,0xff
15058,0x00060cf6,0x67dd0cf6,0,0x00
15059,0x00060cf7,0x67dd0cf7,1,0x01
15060,0x00060cf8,0x67dd0cf8,-1,0xff
15061,0x00060cf9,0x67dd0cf9,-1,0xff
15062,0x00060cfa,0x67dd0cfa,-1,0xff
15063,0x00060cfb,0x67dd0cfb,0,0x00
15064,0x00060cfc,0x67dd0cfc,1,0x01
15065,0x00060cfd,0x67dd0cfd,1,0x01
15066,0x00060cfe,0x67dd0cfe,2,0x02
15067,0x00060cff,0x67dd0cff,1,0x01
15068,0x00060d00,0x67dd0d00,-1,0xff
15069,0x00060d01,0x67dd0d01,-2,0xfe
15070,0x00060d02,0x67dd0d02,-1,0xff
15071,0x00060d03,0x67dd0d03,-1,0xff
15072,0x00060d04,0x67dd0d04,2,0x02
15073,0x00060d05,0x67dd0d05,2,0x02
15074,0x00060d06,0x67dd0d06,2,0x02
15075,0x00060d07,0x67dd0d07,1,0x01
15076,0x00060d08,0x67dd0d08,-1,0xff
15077,0x00060d09,0x67dd0d09,-3,0xfd
15078,0x00060d0a,0x67dd0d0a,-5,0xfb
15079,0x00060d0b,0x67dd0d0b,-4,0xfc
15080,0x00060d0c,0x67dd0d0c,1,0x01
15081,0x00060d0d,0x67dd0d0d,0,0x00
15082,0x00060d0e,0x67dd0d0e,0,0x00
15083,0x00060d0f,0x67dd0d0f,2,0x02
15084,0x00060d10,0x67dd0d10,-1,0xff
15085,0x00060d11,0x67dd0d11,0,0x00
15086,0x00060d12,0x67dd0d12,2,0x02
15087,0x00060d13,0x67dd0d13,4,0x04
15088,0x00060d14,0x67dd0d14,-3,0xfd
15089,0x00060d15,0x67dd0d15,-7,0xf9
15090,0x00060d16,0x67dd0d16,-5,0xfb
15091,0x00060d17,0x67dd0d17,0,0x00
15092,0x00060d18,0x67dd0d18,3,0x03
15093,0x00060d19,0x67dd0d19,-1,0xff
15094,0x00060d1a,0x67dd0d1a,-2,0xfe
15095,0x00060d1b,0x67dd0d1b,1,0x01
15096,0x00060d1c,0x67dd0d1c,1,0x01
15097,0x00060d1d,0x67dd0d1d,-2,0xfe
15098,0x00060d1e,0x67dd0d1e,-1,0xff
15099,0x00060d1f,0x67dd0d1f,1,0x01
15100,0x00060d20,0x67dd0d20,0,0x00
15101,0x00060d21,0x67dd0d21,-1,0xff
15102,0x00060d22,0x67dd0d22,0,0x00
15103,0x00060d23,0x67dd0d23,3,0x03
15104,0x00060d24,0x67dd0d24,2,0x02
15105,0x00060d25,0x67dd0d25,0,0x00
15106,0x00060d26,0x67dd0d26,0,0x00
15107,0x00060d27,0x67dd0d27,0,0x00
15108,0x00060d28,0x67dd0d28,2,0x02
15109,0x00060d29,0x67dd0d29,1,0x01
15110,0x00060d2a,0x67dd0d2a,1,0x01
15111,0x00060d2b,0x67dd0d2b,2,0x02
15112,0x00060d2c,0x67dd0d2c,2,0x02
15113,0x00060d2d,0x67dd0d2d,1,0x01
15114,0x00060d2e,0x67dd0d2e,0,0x00
15115,0x00060d2f,0x67dd0d2f,1,0x01
15116,0x00060d30,0x67dd0d30,2,0x02
15117,0x00060d31,0x67dd0d31,-1,0xff
15118,0x00060d32,0x67dd0d32,-1,0xff
15119,0x00060d33,0x67dd0d33,-1,0xff
15120,0x00060d34,0x67dd0d34,2,0x02
15121,0x00060d35,0x67dd0d35,1,0x01
15122,0x00060d36,0x67dd0d36,1,0x01
15123,0x00060d37,0x67dd0d37,0,0x00
15124,0x00060d38,0x67dd0d38,-9,0xf7
15125,0x00060d39,0x67dd0d39,-7,0xf9
15126,0x00060d3a,0x67dd0d3a,-2,0xfe
15127,0x00060d3b,0x67dd0d3b,3,0x03
15128,0x00060d3c,0x67dd0d3c,3,0x03
15129,0x00060d3d,0x67dd0d3d,2,0x02
15130,0x00060d3e,0x67dd0d3e,0,0x00
15131,0x00060d3f,0x67dd0d3f,-2,0xfe
15132,0x00060d40,0x67dd0d40,0,0x00
15133,0x00060d41,0x67dd0d41,-1,0xff
15134,0x00060d42,0x67dd0d42,0,0x00
15135,0x00060d43,0x67dd0d43,0,0x00
15136,0x00060d44,0x67dd0d44,0,0x00
15137,0x00060d45,0x67dd0d45,0,0x00
15138,0x00060d46,0x67dd0d46,0,0x00
15139,0x00060d47,0x67dd0d47,0,0x00
15140,0x00060d48,0x67dd0d48,3,0x03
15141,0x00060d49,0x67dd0d49,2,0x02
15142,0x00060d4a,0x67dd0d4a,1,0x01
15143,0x00060d4b,0x67dd0d4b,1,0x01
15144,0x00060d4c,0x67dd0d4c,-2,0xfe
15145,0x00060d4d,0x67dd0d4d,-1,0xff
15146,0x00060d4e,0x67dd0d4e,1,0x01
15147,0x00060d4f,0x67dd0d4f,1,0x01
15148,0x00060d50,0x67dd0d50,1,0x01
15149,0x00060d51,0x67dd0d51,1,0x01
15150,0x00060d52,0x67dd0d52,0,0x00
15151,0x00060d53,0x67dd0d53,0,0x00
15152,0x00060d54,0x67dd0d54,-2,0xfe
15153,0x00060d55,0x67dd0d55,-1,0xff
15154,0x00060d56,0x67dd0d56,1,0x01
15155,0x00060d57,0x67dd0d57,1,0x01
15156,0x00060d58,0x67dd0d58,1,0x01
15157,0x00060d59,0x67dd0d59,2,0x02
15158,0x00060d5a,0x67dd0d5a,1,0x01
15159,0x00060d5b,0x67dd0d5b,-2,0xfe
15160,0x00060d5c,0x67dd0d5c,1,0x01
15161,0x00060d5d,0x67dd0d5d,2,0x02
15162,0x00060d5e,0x67dd0d5e,1,0x01
15163,0x00060d5f,0x67dd0d5f,-2,0xfe
15164,0x00060d60,0x67dd0d60,-1,0xff
15165,0x00060d61,0x67dd0d61,-1,0xff
15166,0x00060d62,0x67dd0d62,0,0x00
15167,0x00060d63,0x67dd0d63,0,0x00
15168,0x00060d64,0x67dd0d64,1,0x01
15169,0x00060d65,0x67dd0d65,0,0x00
15170,0x00060d66,0x67dd0d66,0,0x00
15171,0x00060d67,0x67dd0d67,0,0x00
15172,0x00060d68,0x67dd0d68,-4,0xfc
15173,0x00060d69,0x67dd0d69,-3,0xfd
15174,0x00060d6a,0x67dd0d6a,1,0x01
15175,0x00060d6b,0x67dd0d6b,2,0x02
15176,0x00060d6c,0x67dd0d6c,-3,0xfd
15177,0x00060d6d,0x67dd0d6d,0,0x00
15178,0x00060d6e,0x67dd0d6e,3,0x03
15179,0x00060d6f,0x67dd0d6f,1,0x01
15180,0x00060d70,0x67dd0d70,1,0x01
15181,0x00060d71,0x67dd0d71,3,0x03
15182,0x00060d72,0x67dd0d72,0,0x00
15183,0x00060d73,0x67dd0d73,-4,0xfc
15184,0x00060d74,0x67dd0d74,2,0x02
15185,0x00060d75,0x67dd0d75,0,0x00
15186,0x00060d76,0x67dd0d76,-1,0xff
15187,0x00060d77,0x67dd0d77,1,0x01
15188,0x00060d78,0x67dd0d78,2,0x02
15189,0x00060d79,0x67dd0d79,0,0x00
15190,0x00060d7a,0x67dd0d7a,-1,0xff
15191,0x00060d7b,0x67dd0d7b,2,0x02
15192,0x00060d7c,0x67dd0d7c,0,0x00
15193,0x00060d7d,0x67dd0d7d,1,0x01
15194,0x00060d7e,0x67dd0d7e,1,0x01
15195,0x00060d7f,0x67dd0d7f,1,0x01
15196,0x00060d80,0x67dd0d80,-1,0xff
15197,0x00060d81,0x67dd0d81,0,0x00
15198,0x00060d82,0x67dd0d82,0,0x00
15199,0x00060d83,0x67dd0d83,0,0x00
15200,0x00060d84,0x67dd0d84,2,0x02
15201,0x00060d85,0x67dd0d85,-2,0xfe
15202,0x00060d86,0x67dd0d86,-2,0xfe
15203,0x00060d87,0x67dd0d87,3,0x03
15204,0x00060d88,0x67dd0d88,3,0x03
15205,0x00060d89,0x67dd0d89,-2,0xfe
15206,0x00060d8a,0x67dd0d8a,-4,0xfc
15207,0x00060d8b,0x67dd0d8b,1,0x01
15208,0x00060d8c,0x67dd0d8c,2,0x02
15209,0x00060d8d,0x67dd0d8d,-2,0xfe
15210,0x00060d8e,0x67dd0d8e,-6,0xfa
15211,0x00060d8f,0x67dd0d8f,-2,0xfe
15212,0x00060d90,0x67dd0d90,2,0x02
15213,0x00060d91,0x67dd0d91,0,0x00
15214,0x00060d92,0x67dd0d92,-2,0xfe
15215,0x00060d93,0x67dd0d93,-1,0xff
15216,0x00060d94,0x67dd0d94,-1,0xff
15217,0x00060d95,0x67dd0d95,-1,0xff
15218,0x00060d96,0x67dd0d96,1,0x01
15219,0x00060d97,0x67dd0d97,2,0x02
15220,0x00060d98,0x67dd0d98,3,0x03
15221,0x00060d99,0x67dd0d99,-1,0xff
15222,0x00060d9a,0x67dd0d9a,-2,0xfe
15223,0x00060d9b,0x67dd0d9b,-1,0xff
15224,0x00060d9c,0x67dd0d9c,10,0x0a
15225,0x00060d9d,0x67dd0d9d,4,0x04
15226,0x00060d9e,0x67dd0d9e,0,0x00
15227,0x00060d9f,0x67dd0d9f,0,0x00
15228,0x00060da0,0x67dd0da0,3,0x03
15229,0x00060da1,0x67dd0da1,-1,0xff
15230,0x00060da2,0x67dd0da2,-2,0xfe
15231,0x00060da3,0x67dd0da3,-1,0xff
15232,0x00060da4,0x67dd0da4,1,0x01
15233,0x00060da5,0x67dd0da5,-2,0xfe
15234,0x00060da6,0x67dd0da6,-3,0xfd
15235,0x00060da7,0x67dd0da7,-2,0xfe
15236,0x00060da8,0x67dd0da8,-1,0xff
15237,0x00060da9,0x67dd0da9,0,0x00
15238,0x00060daa,0x67dd0daa,1,0x01
15239,0x00060dab,0x67dd0dab,2,0x02
15240,0x00060dac,0x67dd0dac,-1,0xff
15241,0x00060dad,0x67dd0dad,-2,0xfe
15242,0x00060dae,0x67dd0dae,-2,0xfe
15243,0x00060daf,0x67dd0daf,-1,0xff
15244,0x00060db0,0x67dd0db0,0,0x00
15245,0x00060db1,0x67dd0db1,-1,0xff
15246,0x00060db2,0x67dd0db2,-1,0xff
15247,0x00060db3,0x67dd0db3,0,0x00
15248,0x00060db4,0x67dd0db4,-5,0xfb
15249,0x00060db5,0x67dd0db5,2,0x02
15250,0x00060db6,0x67dd0db6,7,0x07
15251,0x00060db7,0x67dd0db7,1,0x01
15252,0x00060db8,0x67dd0db8,-2,0xfe
15253,0x00060db9,0x67dd0db9,2,0x02
15254,0x00060dba,0x67dd0dba,3,0x03
15255,0x00060dbb,0x67dd0dbb,-1,0xff
15256,0x00060dbc,0x67dd0dbc,2,0x02
15257,0x00060dbd,0x67dd0dbd,1,0x01
15258,0x00060dbe,0x67dd0dbe,0,0x00
15259,0x00060dbf,0x67dd0dbf,0,0x00
15260,0x00060dc0,0x67dd0dc0,1,0x01
15261,0x00060dc1,0x67dd0dc1,-2,0xfe
15262,0x00060dc2,0x67dd0dc2,-2,0xfe
15263,0x00060dc3,0x67dd0dc3,-1,0xff
15264,0x00060dc4,0x67dd0dc4,-4,0xfc
15265,0x00060dc5,0x67dd0dc5,-2,0xfe
15266,0x00060dc6,0x67dd0dc6,1,0x01
15267,0x00060dc7,0x67dd0dc7,0,0x00
15268,0x00060dc8,0x67dd0dc8,-3,0xfd
15269,0x00060dc9,0x67dd0dc9,0,0x00
15270,0x00060dca,0x67dd0dca,2,0x02
15271,0x00060dcb,0x67dd0dcb,0,0x00
15272,0x00060dcc,0x67dd0dcc,1,0x01
15273,0x00060dcd,0x67dd0dcd,1,0x01
15274,0x00060dce,0x67dd0dce,-1,0xff
15275,0x00060dcf,0x67dd0dcf,-2,0xfe
15276,0x00060dd0,0x67dd0dd0,-1,0xff
15277,0x00060dd1,0x67dd0dd1,-2,0xfe
15278,0x00060dd2,0x67dd0dd2,0,0x00
15279,0x00060dd3,0x67dd0dd3,0,0x00
15280,0x00060dd4,0x67dd0dd4,0,0x00
15281,0x00060dd5,0x67dd0dd5,3,0x03
15282,0x00060dd6,0x67dd0dd6,-2,0xfe
15283,0x00060dd7,0x67dd0dd7,-7,0xf9
15284,0x00060dd8,0x67dd0dd8,1,0x01
15285,0x00060dd9,0x67dd0dd9,3,0x03
15286,0x00060dda,0x67dd0dda,-3,0xfd
15287,0x00060ddb,0x67dd0ddb,-5,0xfb
15288,0x00060ddc,0x67dd0ddc,0,0x00
15289,0x00060ddd,0x67dd0ddd,2,0x02
15290,0x00060dde,0x67dd0dde,-2,0xfe
15291,0x00060ddf,0x67dd0ddf,-2,0xfe
15292,0x00060de0,0x67dd0de0,-1,0xff
15293,0x00060de1,0x67dd0de1,1,0x01
15294,0x00060de2,0x67dd0de2,-1,0xff
15295,0x00060de3,0x67dd0de3,0,0x00
15296,0x00060de4,0x67dd0de4,-1,0xff
15297,0x00060de5,0x67dd0de5,3,0x03
15298,0x00060de6,0x67dd0de6,0,0x00
15299,0x00060de7,0x67dd0de7,0,0x00
15300,0x00060de8,0x67dd0de8,2,0x02
15301,0x00060de9,0x67dd0de9,3,0x03
15302,0x00060dea,0x67dd0dea,-1,0xff
15303,0x00060deb,0x67dd0deb,0,0x00
15304,0x00060dec,0x67dd0dec,4,0x04
15305,0x00060ded,0x67dd0ded,2,0x02
15306,0x00060dee,0x67dd0dee,-2,0xfe
15307,0x00060def,0x67dd0def,0,0x00
15308,0x00060df0,0x67dd0df0,2,0x02
15309,0x00060df1,0x67dd0df1,-1,0xff
15310,0x00060df2,0x67dd0df2,-2,0xfe
15311,0x00060df3,0x67dd0df3,1,0x01
15312,0x00060df4,0x67dd0df4,4,0x04
15313,0x00060df5,0x67dd0df5,0,0x00
15314,0x00060df6,0x67dd0df6,-3,0xfd
15315,0x00060df7,0x67dd0df7,-4,0xfc
15316,0x00060df8,0x67dd0df8,0,0x00
15317,0x00060df9,0x67dd0df9,0,0x00
15318,0x00060dfa,0x67dd0dfa,3,0x03
15319,0x00060dfb,0x67dd0dfb,5,0x05
15320,0x00060dfc,0x67dd0dfc,1,0x01
15321,0x00060dfd,0x67dd0dfd,1,0x01
15322,0x00060dfe,0x67dd0dfe,1,0x01
15323,0x00060dff,0x67dd0dff,-1,0xff
15324,0x00060e00,0x67dd0e00,1,0x01
15325,0x00060e01,0x67dd0e01,-1,0xff
15326,0x00060e02,0x67dd0e02,-2,0xfe
15327,0x00060e03,0x67dd0e03,-2,0xfe
15328,0x00060e04,0x67dd0e04,-2,0xfe
15329,0x00060e05,0x67dd0e05,1,0x01
15330,0x00060e06,0x67dd0e06,2,0x02
15331,0x00060e07,0x67dd0e07,1,0x01
15332,0x00060e08,0x67dd0e08,3,0x03
15333,0x00060e09,0x67dd0e09,1,0x01
15334,0x00060e0a,0x67dd0e0a,-1,0xff
15335,0x00060e0b,0x67dd0e0b,-2,0xfe
15336,0x00060e0c,0x67dd0e0c,-3,0xfd
15337,0x00060e0d,0x67dd0e0d,-1,0xff
15338,0x00060e0e,0x67dd0e0e,1,0x01
15339,0x00060e0f,0x67dd0e0f,1,0x01
15340,0x00060e10,0x67dd0e10,0,0x00
15341,0x00060e11,0x67dd0e11,0,0x00
15342,0x00060e12,0x67dd0e12,-1,0xff
15343,0x00060e13,0x67dd0e13,-2,0xfe
15344,0x00060e14,0x67dd0e14,9,0x09
15345,0x00060e15,0x67dd0e15,8,0x08
15346,0x00060e16,0x67dd0e16,4,0x04
15347,0x00060e17,0x67dd0e17,0,0x00
15348,0x00060e18,0x67dd0e18,9,0x09
15349,0x00060e19,0x67dd0e19,8,0x08
15350,0x00060e1a,0x67dd0e1a,4,0x04
15351,0x00060e1b,0x67dd0e1b,-1,0xff
15352,0x00060e1c,0x67dd0e1c,8,0x08
15353,0x00060e1d,0x67dd0e1d,7,0x07
15354,0x00060e1e,0x67dd0e1e,3,0x03
15355,0x00060e1f,0x67dd0e1f,-2,0xfe
15356,0x00060e20,0x67dd0e20,6,0x06
15357,0x00060e21,0x67dd0e21,4,0x04
15358,0x00060e22,0x67dd0e22,1,0x01
15359,0x00060e23,0x67dd0e23,-2,0xfe
15360,0x00060e24,0x67dd0e24,-3,0xfd
15361,0x00060e25,0x67dd0e25,-4,0xfc
15362,0x00060e26,0x67dd0e26,-4,0xfc
15363,0x00060e27,0x67dd0e27,-3,0xfd
15364,0x00060e28,0x67dd0e28,-4,0xfc
15365,0x00060e29,0x67dd0e29,-5,0xfb
15366,0x00060e2a,0x67dd0e2a,-5,0xfb
15367,0x00060e2b,0x67dd0e2b,-3,0xfd
15368,0x00060e2c,0x67dd0e2c,-5,0xfb
15369,0x00060e2d,0x67dd0e2d,-5,0xfb
15370,0x00060e2e,0x67dd0e2e,-5,0xfb
15371,0x00060e2f,0x67dd0e2f,-4,0xfc
15372,0x00060e30,0x67dd0e30,-4,0xfc
15373,0x00060e31,0x67dd0e31,-5,0xfb
15374,0x00060e32,0x67dd0e32,-4,0xfc
15375,0x00060e33,0x67dd0e33,-3,0xfd
15376,0x00060e34,0x67dd0e34,-12,0xf4
15377,0x00060e35,0x67dd0e35,-14,0xf2
15378,0x00060e36,0x67dd0e36,-11,0xf5
15379,0x00060e37,0x67dd0e37,-4,0xfc
15380,0x00060e38,0x67dd0e38,-8,0xf8
15381,0x00060e39,0x67dd0e39,-10,0xf6
15382,0x00060e3a,0x67dd0e3a,-7,0xf9
15383,0x00060e3b,0x67dd0e3b,-5,0xfb
15384,0x00060e3c,0x67dd0e3c,5,0x05
15385,0x00060e3d,0x67dd0e3d,4,0x04
15386,0x00060e3e,0x67dd0e3e,3,0x03
15387,0x00060e3f,0x67dd0e3f,1,0x01
15388,0x00060e40,0x67dd0e40,13,0x0d
15389,0x00060e41,0x67dd0e41,13,0x0d
15390,0x00060e42,0x67dd0e42,9,0x09
15391,0x00060e43,0x67dd0e43,6,0x06
15392,0x00060e44,0x67dd0e44,1,0x01
15393,0x00060e45,0x67dd0e45,5,0x05
15394,0x00060e46,0x67dd0e46,6,0x06
15395,0x00060e47,0x67dd0e47,6,0x06
15396,0x00060e48,0x67dd0e48,-2,0xfe
15397,0x00060e49,0x67dd0e49,1,0x01
15398,0x00060e4a,0x67dd0e4a,1,0x01
15399,0x00060e4b,0x67dd0e4b,1,0x01
15400,0x00060e4c,0x67dd0e4c,0,0x00
15401,0x00060e4d,0x67dd0e4d,0,0x00
15402,0x00060e4e,0x67dd0e4e,-1,0xff
15403,0x00060e4f,0x67dd0e4f,-1,0xff
15404,0x00060e50,0x67dd0e50,3,0x03
15405,0x00060e51,0x67dd0e51,0,0x00
15406,0x00060e52,0x67dd0e52,-1,0xff
15407,0x00060e53,0x67dd0e53,-2,0xfe
15408,0x00060e54,0x67dd0e54,-4,0xfc
15409,0x00060e55,0x67dd0e55,-4,0xfc
15410,0x00060e56,0x67dd0e56,-3,0xfd
15411,0x00060e57,0x67dd0e57,-1,0xff
15412,0x00060e58,0x67dd0e58,-5,0xfb
15413,0x00060e59,0x67dd0e59,-6,0xfa
15414,0x00060e5a,0x67dd0e5a,-4,0xfc
15415,0x00060e5b,0x67dd0e5b,-2,0xfe
15416,0x00060e5c,0x67dd0e5c,-7,0xf9
15417,0x00060e5d,0x67dd0e5d,-7,0xf9
15418,0x00060e5e,0x67dd0e5e,-6,0xfa
15419,0x00060e5f,0x67dd0e5f,-4,0xfc
15420,0x00060e60,0x67dd0e60,-7,0xf9
15421,0x00060e61,0x67dd0e61,-7,0xf9
15422,0x00060e62,0x67dd0e62,-5,0xfb
15423,0x00060e63,0x67dd0e63,-4,0xfc
15424,0x00060e64,0x67dd0e64,1,0x01
15425,0x00060e65,0x67dd0e65,4,0x04
15426,0x00060e66,0x67dd0e66,8,0x08
15427,0x00060e67,0x67dd0e67,11,0x0b
15428,0x00060e68,0x67dd0e68,0,0x00
15429,0x00060e69,0x67dd0e69,3,0x03
15430,0x00060e6a,0x67dd0e6a,8,0x08
15431,0x00060e6b,0x67dd0e6b,12,0x0c
15432,0x00060e6c,0x67dd0e6c,-2,0xfe
15433,0x00060e6d,0x67dd0e6d,2,0x02
15434,0x00060e6e,0x67dd0e6e,7,0x07
15435,0x00060e6f,0x67dd0e6f,10,0x0a
15436,0x00060e70,0x67dd0e70,-2,0xfe
15437,0x00060e71,0x67dd0e71,1,0x01
15438,0x00060e72,0x67dd0e72,5,0x05
15439,0x00060e73,0x67dd0e73,8,0x08
15440,0x00060e74,0x67dd0e74,-3,0xfd
15441,0x00060e75,0x67dd0e75,-2,0xfe
15442,0x00060e76,0x67dd0e76,-1,0xff
15443,0x00060e77,0x67dd0e77,1,0x01
15444,0x00060e78,0x67dd0e78,2,0x02
15445,0x00060e79,0x67dd0e79,3,0x03
15446,0x00060e7a,0x67dd0e7a,5,0x05
15447,0x00060e7b,0x67dd0e7b,7,0x07
15448,0x00060e7c,0x67dd0e7c,4,0x04
15449,0x00060e7d,0x67dd0e7d,5,0x05
15450,0x00060e7e,0x67dd0e7e,4,0x04
15451,0x00060e7f,0x67dd0e7f,3,0x03
15452,0x00060e80,0x67dd0e80,1,0x01
15453,0x00060e81,0x67dd0e81,0,0x00
15454,0x00060e82,0x67dd0e82,-2,0xfe
15455,0x00060e83,0x67dd0e83,-7,0xf9
15456,0x00060e84,0x67dd0e84,3,0x03
15457,0x00060e85,0x67dd0e85,6,0x06
15458,0x00060e86,0x67dd0e86,7,0x07
15459,0x00060e87,0x67dd0e87,6,0x06
15460,0x00060e88,0x67dd0e88,8,0x08
15461,0x00060e89,0x67dd0e89,8,0x08
15462,0x00060e8a,0x67dd0e8a,6,0x06
15463,0x00060e8b,0x67dd0e8b,4,0x04
15464,0x00060e8c,0x67dd0e8c,1,0x01
15465,0x00060e8d,0x67dd0e8d,-2,0xfe
15466,0x00060e8e,0x67dd0e8e,-6,0xfa
15467,0x00060e8f,0x67dd0e8f,-7,0xf9
15468,0x00060e90,0x67dd0e90,-10,0xf6
15469,0x00060e91,0x67dd0e91,-14,0xf2
15470,0x00060e92,0x67dd0e92,-17,0xef
15471,0x00060e93,0x67dd0e93,-16,0xf0
15472,0x00060e94,0x67dd0e94,-5,0xfb
15473,0x00060e95,0x67dd0e95,-4,0xfc
15474,0x00060e96,0x67dd0e96,1,0x01
15475,0x00060e97,0x67dd0e97,8,0x08
15476,0x00060e98,0x67dd0e98,-7,0xf9
15477,0x00060e99,0x67dd0e99,-6,0xfa
15478,0x00060e9a,0x67dd0e9a,1,0x01
15479,0x00060e9b,0x67dd0e9b,11,0x0b
15480,0x00060e9c,0x67dd0e9c,-8,0xf8
15481,0x00060e9d,0x67dd0e9d,-7,0xf9
15482,0x00060e9e,0x67dd0e9e,0,0x00
15483,0x00060e9f,0x67dd0e9f,9,0x09
15484,0x00060ea0,0x67dd0ea0,-8,0xf8
15485,0x00060ea1,0x67dd0ea1,-6,0xfa
15486,0x00060ea2,0x67dd0ea2,-1,0xff
15487,0x00060ea3,0x67dd0ea3,5,0x05
15488,0x00060ea4,0x67dd0ea4,9,0x09
15489,0x00060ea5,0x67dd0ea5,3,0x03
15490,0x00060ea6,0x67dd0ea6,-3,0xfd
15491,0x00060ea7,0x67dd0ea7,-7,0xf9
15492,0x00060ea8,0x67dd0ea8,12,0x0c
15493,0x00060ea9,0x67dd0ea9,5,0x05
15494,0x00060eaa,0x67dd0eaa,-3,0xfd
15495,0x00060eab,0x67dd0eab,-8,0xf8
15496,0x00060eac,0x67dd0eac,11,0x0b
15497,0x00060ead,0x67dd0ead,5,0x05
15498,0x00060eae,0x67dd0eae,-3,0xfd
15499,0x00060eaf,0x67dd0eaf,-7,0xf9
15500,0x00060eb0,0x67dd0eb0,8,0x08
15501,0x00060eb1,0x67dd0eb1,4,0x04
15502,0x00060eb2,0x67dd0eb2,-2,0xfe
15503,0x00060eb3,0x67dd0eb3,-6,0xfa
15504,0x00060eb4,0x67dd0eb4,-4,0xfc
15505,0x00060eb5,0x67dd0eb5,-5,0xfb
15506,0x00060eb6,0x67dd0eb6,-7,0xf9
15507,0x00060eb7,0x67dd0eb7,-8,0xf8
15508,0x00060eb8,0x67dd0eb8,-4,0xfc
15509,0x00060eb9,0x67dd0eb9,-5,0xfb
15510,0x00060eba,0x67dd0eba,-6,0xfa
15511,0x00060ebb,0x67dd0ebb,-7,0xf9
15512,0x00060ebc,0x67dd0ebc,0,0x00
15513,0x00060ebd,0x67dd0ebd,1,0x01
15514,0x00060ebe,0x67dd0ebe,2,0x02
15515,0x00060ebf,0x67dd0ebf,3,0x03
15516,0x00060ec0,0x67dd0ec0,1,0x01
15517,0x00060ec1,0x67dd0ec1,2,0x02
15518,0x00060ec2,0x67dd0ec2,3,0x03
15519,0x00060ec3,0x67dd0ec3,6,0x06
15520,0x00060ec4,0x67dd0ec4,-9,0xf7
15521,0x00060ec5,0x67dd0ec5,-9,0xf7
15522,0x00060ec6,0x67dd0ec6,-8,0xf8
15523,0x00060ec7,0x67dd0ec7,-6,0xfa
15524,0x00060ec8,0x67dd0ec8,-7,0xf9
15525,0x00060ec9,0x67dd0ec9,-6,0xfa
15526,0x00060eca,0x67dd0eca,-4,0xfc
15527,0x00060ecb,0x67dd0ecb,-2,0xfe
15528,0x00060ecc,0x67dd0ecc,5,0x05
15529,0x00060ecd,0x67dd0ecd,8,0x08
15530,0x00060ece,0x67dd0ece,10,0x0a
15531,0x00060ecf,0x67dd0ecf,9,0x09
15532,0x00060ed0,0x67dd0ed0,9,0x09
15533,0x00060ed1,0x67dd0ed1,12,0x0c
15534,0x00060ed2,0x67dd0ed2,14,0x0e
15535,0x00060ed3,0x67dd0ed3,13,0x0d
15536,0x00060ed4,0x67dd0ed4,5,0x05
15537,0x00060ed5,0x67dd0ed5,6,0x06
15538,0x00060ed6,0x67dd0ed6,6,0x06
15539,0x00060ed7,0x67dd0ed7,5,0x05
15540,0x00060ed8,0x67dd0ed8,5,0x05
15541,0x00060ed9,0x67dd0ed9,6,0x06
15542,0x00060eda,0x67dd0eda,7,0x07
15543,0x00060edb,0x67dd0edb,7,0x07
15544,0x00060edc,0x67dd0edc,-1,0xff
15545,0x00060edd,0x67dd0edd,0,0x00
15546,0x00060ede,0x67dd0ede,1,0x01
15547,0x00060edf,0x67dd0edf,1,0x01
15548,0x00060ee0,0x67dd0ee0,-13,0xf3
15549,0x00060ee1,0x67dd0ee1,-16,0xf0
15550,0x00060ee2,0x67dd0ee2,-17,0xef
15551,0x00060ee3,0x67dd0ee3,-17,0xef
15552,0x00060ee4,0x67dd0ee4,4,0x04
15553,0x00060ee5,0x67dd0ee5,3,0x03
15554,0x00060ee6,0x67dd0ee6,2,0x02
15555,0x00060ee7,0x67dd0ee7,1,0x01
15556,0x00060ee8,0x67dd0ee8,6,0x06
15557,0x00060ee9,0x67dd0ee9,6,0x06
15558,0x00060eea,0x67dd0eea,6,0x06
15559,0x00060eeb,0x67dd0eeb,4,0x04
15560,0x00060eec,0x67dd0eec,3,0x03
15561,0x00060eed,0x67dd0eed,5,0x05
15562,0x00060eee,0x67dd0eee,5,0x05
15563,0x00060eef,0x67dd0eef,5,0x05
15564,0x00060ef0,0x67dd0ef0,-14,0xf2
15565,0x00060ef1,0x67dd0ef1,-10,0xf6
15566,0x00060ef2,0x67dd0ef2,-6,0xfa
15567,0x00060ef3,0x67dd0ef3,-4,0xfc
15568,0x00060ef4,0x67dd0ef4,9,0x09
15569,0x00060ef5,0x67dd0ef5,11,0x0b
15570,0x00060ef6,0x67dd0ef6,13,0x0d
15571,0x00060ef7,0x67dd0ef7,16,0x10
15572,0x00060ef8,0x67dd0ef8,-4,0xfc
15573,0x00060ef9,0x67dd0ef9,-5,0xfb
15574,0x00060efa,0x67dd0efa,-6,0xfa
15575,0x00060efb,0x67dd0efb,-7,0xf9
15576,0x00060efc,0x67dd0efc,-6,0xfa
15577,0x00060efd,0x67dd0efd,-6,0xfa
15578,0x00060efe,0x67dd0efe,-7,0xf9
15579,0x00060eff,0x67dd0eff,-7,0xf9
15580,0x00060f00,0x67dd0f00,-2,0xfe
15581,0x00060f01,0x67dd0f01,-1,0xff
15582,0x00060f02,0x67dd0f02,0,0x00
15583,0x00060f03,0x67dd0f03,0,0x00
15584,0x00060f04,0x67dd0f04,15,0x0f
15585,0x00060f05,0x67dd0f05,13,0x0d
15586,0x00060f06,0x67dd0f06,12,0x0c
15587,0x00060f07,0x67dd0f07,10,0x0a
15588,0x00060f08,0x67dd0f08,-7,0xf9
15589,0x00060f09,0x67dd0f09,-7,0xf9
15590,0x00060f0a,0x67dd0f0a,-6,0xfa
15591,0x00060f0b,0x67dd0f0b,-5,0xfb
15592,0x00060f0c,0x67dd0f0c,-7,0xf9
15593,0x00060f0d,0x67dd0f0d,-7,0xf9
15594,0x00060f0e,0x67dd0f0e,-6,0xfa
15595,0x00060f0f,0x67dd0f0f,-5,0xfb
15596,0x00060f10,0x67dd0f10,0,0x00
15597,0x00060f11,0x67dd0f11,0,0x00
15598,0x00060f12,0x67dd0f12,0,0x00
15599,0x00060f13,0x67dd0f13,-1,0xff
15600,0x00060f14,0x67dd0f14,-11,0xf5
15601,0x00060f15,0x67dd0f15,-13,0xf3
15602,0x00060f16,0x67dd0f16,-15,0xf1
15603,0x00060f17,0x67dd0f17,-16,0xf0
15604,0x00060f18,0x67dd0f18,2,0x02
15605,0x00060f19,0x67dd0f19,3,0x03
15606,0x00060f1a,0x67dd0f1a,4,0x04
15607,0x00060f1b,0x67dd0f1b,5,0x05
15608,0x00060f1c,0x67dd0f1c,6,0x06
15609,0x00060f1d,0x67dd0f1d,7,0x07
15610,0x00060f1e,0x67dd0f1e,8,0x08
15611,0x00060f1f,0x67dd0f1f,8,0x08
15612,0x00060f20,0x67dd0f20,3,0x03
15613,0x00060f21,0x67dd0f21,4,0x04
15614,0x00060f22,0x67dd0f22,3,0x03
15615,0x00060f23,0x67dd0f23,3,0x03
15616,0x00060f24,0x67dd0f24,-16,0xf0
15617,0x00060f25,0x67dd0f25,-14,0xf2
15618,0x00060f26,0x67dd0f26,-12,0xf4
15619,0x00060f27,0x67dd0f27,-10,0xf6
15620,0x00060f28,0x67dd0f28,4,0x04
15621,0x00060f29,0x67dd0f29,3,0x03
15622,0x00060f2a,0x67dd0f2a,3,0x03
15623,0x00060f2b,0x67dd0f2b,3,0x03
15624,0x00060f2c,0x67dd0f2c,8,0x08
15625,0x00060f2d,0x67dd0f2d,7,0x07
15626,0x00060f2e,0x67dd0f2e,6,0x06
15627,0x00060f2f,0x67dd0f2f,5,0x05
15628,0x00060f30,0x67dd0f30,3,0x03
15629,0x00060f31,0x67dd0f31,3,0x03
15630,0x00060f32,0x67dd0f32,3,0x03
15631,0x00060f33,0x67dd0f33,3,0x03
15632,0x00060f34,0x67dd0f34,3,0x03
15633,0x00060f35,0x67dd0f35,4,0x04
15634,0x00060f36,0x67dd0f36,4,0x04
15635,0x00060f37,0x67dd0f37,1,0x01
15636,0x00060f38,0x67dd0f38,5,0x05
15637,0x00060f39,0x67dd0f39,7,0x07
15638,0x00060f3a,0x67dd0f3a,7,0x07
15639,0x00060f3b,0x67dd0f3b,5,0x05
15640,0x00060f3c,0x67dd0f3c,6,0x06
15641,0x00060f3d,0x67dd0f3d,8,0x08
15642,0x00060f3e,0x67dd0f3e,9,0x09
15643,0x00060f3f,0x67dd0f3f,8,0x08
15644,0x00060f40,0x67dd0f40,6,0x06
15645,0x00060f41,0x67dd0f41,8,0x08
15646,0x00060f42,0x67dd0f42,10,0x0a
15647,0x00060f43,0x67dd0f43,10,0x0a
15648,0x00060f44,0x67dd0f44,-2,0xfe
15649,0x00060f45,0x67dd0f45,-7,0xf9
15650,0x00060f46,0x67dd0f46,-13,0xf3
15651,0x00060f47,0x67dd0f47,-17,0xef
15652,0x00060f48,0x67dd0f48,1,0x01
15653,0x00060f49,0x67dd0f49,-5,0xfb
15654,0x00060f4a,0x67dd0f4a,-13,0xf3
15655,0x00060f4b,0x67dd0f4b,-19,0xed
15656,0x00060f4c,0x67dd0f4c,5,0x05
15657,0x00060f4d,0x67dd0f4d,-1,0xff
15658,0x00060f4e,0x67dd0f4e,-9,0xf7
15659,0x00060f4f,0x67dd0f4f,-16,0xf0
15660,0x00060f50,0x67dd0f50,7,0x07
15661,0x00060f51,0x67dd0f51,2,0x02
15662,0x00060f52,0x67dd0f52,-4,0xfc
15663,0x00060f53,0x67dd0f53,-11,0xf5
15664,0x00060f54,0x67dd0f54,18,0x12
15665,0x00060f55,0x67dd0f55,9,0x09
15666,0x00060f56,0x67dd0f56,-1,0xff
15667,0x00060f57,0x67dd0f57,-10,0xf6
15668,0x00060f58,0x67dd0f58,22,0x16
15669,0x00060f59,0x67dd0f59,12,0x0c
15670,0x00060f5a,0x67dd0f5a,-1,0xff
15671,0x00060f5b,0x67dd0f5b,-12,0xf4
15672,0x00060f5c,0x67dd0f5c,23,0x17
15673,0x00060f5d,0x67dd0f5d,13,0x0d
15674,0x00060f5e,0x67dd0f5e,0,0x00
15675,0x00060f5f,0x67dd0f5f,-10,0xf6
15676,0x00060f60,0x67dd0f60,20,0x14
15677,0x00060f61,0x67dd0f61,12,0x0c
15678,0x00060f62,0x67dd0f62,2,0x02
15679,0x00060f63,0x67dd0f63,-6,0xfa
15680,0x00060f64,0x67dd0f64,-13,0xf3
15681,0x00060f65,0x67dd0f65,-9,0xf7
15682,0x00060f66,0x67dd0f66,-4,0xfc
15683,0x00060f67,0x67dd0f67,0,0x00
15684,0x00060f68,0x67dd0f68,-15,0xf1
15685,0x00060f69,0x67dd0f69,-10,0xf6
15686,0x00060f6a,0x67dd0f6a,-4,0xfc
15687,0x00060f6b,0x67dd0f6b,2,0x02
15688,0x00060f6c,0x67dd0f6c,-13,0xf3
15689,0x00060f6d,0x67dd0f6d,-9,0xf7
15690,0x00060f6e,0x67dd0f6e,-3,0xfd
15691,0x00060f6f,0x67dd0f6f,2,0x02
15692,0x00060f70,0x67dd0f70,-9,0xf7
15693,0x00060f71,0x67dd0f71,-6,0xfa
15694,0x00060f72,0x67dd0f72,-2,0xfe
15695,0x00060f73,0x67dd0f73,2,0x02
15696,0x00060f74,0x67dd0f74,-6,0xfa
15697,0x00060f75,0x67dd0f75,-6,0xfa
15698,0x00060f76,0x67dd0f76,-6,0xfa
15699,0x00060f77,0x67dd0f77,-7,0xf9
15700,0x00060f78,0x67dd0f78,-6,0xfa
15701,0x00060f79,0x67dd0f79,-7,0xf9
15702,0x00060f7a,0x67dd0f7a,-8,0xf8
15703,0x00060f7b,0x67dd0f7b,-8,0xf8
15704,0x00060f7c,0x67dd0f7c,-3,0xfd
15705,0x00060f7d,0x67dd0f7d,-3,0xfd
15706,0x00060f7e,0x67dd0f7e,-3,0xfd
15707,0x00060f7f,0x67dd0f7f,-3,0xfd
15708,0x00060f80,0x67dd0f80,12,0x0c
15709,0x00060f81,0x67dd0f81,15,0x0f
15710,0x00060f82,0x67dd0f82,18,0x12
15711,0x00060f83,0x67dd0f83,21,0x15
15712,0x00060f84,0x67dd0f84,-7,0xf9
15713,0x00060f85,0x67dd0f85,-7,0xf9
15714,0x00060f86,0x67dd0f86,-7,0xf9
15715,0x00060f87,0x67dd0f87,-6,0xfa
15716,0x00060f88,0x67dd0f88,-9,0xf7
15717,0x00060f89,0x67dd0f89,-9,0xf7
15718,0x00060f8a,0x67dd0f8a,-9,0xf7
15719,0x00060f8b,0x67dd0f8b,-8,0xf8
15720,0x00060f8c,0x67dd0f8c,-3,0xfd
15721,0x00060f8d,0x67dd0f8d,-3,0xfd
15722,0x00060f8e,0x67dd0f8e,-3,0xfd
15723,0x00060f8f,0x67dd0f8f,-3,0xfd
15724,0x00060f90,0x67dd0f90,21,0x15
15725,0x00060f91,0x67dd0f91,19,0x13
15726,0x00060f92,0x67dd0f92,17,0x11
15727,0x00060f93,0x67dd0f93,14,0x0e
15728,0x00060f94,0x67dd0f94,14,0x0e
15729,0x00060f95,0x67dd0f95,16,0x10
15730,0x00060f96,0x67dd0f96,18,0x12
15731,0x00060f97,0x67dd0f97,18,0x12
15732,0x00060f98,0x67dd0f98,5,0x05
15733,0x00060f99,0x67dd0f99,6,0x06
15734,0x00060f9a,0x67dd0f9a,6,0x06
15735,0x00060f9b,0x67dd0f9b,5,0x05
15736,0x00060f9c,0x67dd0f9c,-6,0xfa
15737,0x00060f9d,0x67dd0f9d,-7,0xf9
15738,0x00060f9e,0x67dd0f9e,-9,0xf7
15739,0x00060f9f,0x67dd0f9f,-10,0xf6
15740,0x00060fa0,0x67dd0fa0,-10,0xf6
15741,0x00060fa1,0x67dd0fa1,-11,0xf5
15742,0x00060fa2,0x67dd0fa2,-13,0xf3
15743,0x00060fa3,0x67dd0fa3,-14,0xf2
15744,0x00060fa4,0x67dd0fa4,18,0x12
15745,0x00060fa5,0x67dd0fa5,16,0x10
15746,0x00060fa6,0x67dd0fa6,15,0x0f
15747,0x00060fa7,0x67dd0fa7,13,0x0d
15748,0x00060fa8,0x67dd0fa8,5,0x05
15749,0x00060fa9,0x67dd0fa9,4,0x04
15750,0x00060faa,0x67dd0faa,4,0x04
15751,0x00060fab,0x67dd0fab,3,0x03
15752,0x00060fac,0x67dd0fac,-10,0xf6
15753,0x00060fad,0x67dd0fad,-10,0xf6
15754,0x00060fae,0x67dd0fae,-9,0xf7
15755,0x00060faf,0x67dd0faf,-7,0xf9
15756,0x00060fb0,0x67dd0fb0,-14,0xf2
15757,0x00060fb1,0x67dd0fb1,-13,0xf3
15758,0x00060fb2,0x67dd0fb2,-12,0xf4
15759,0x00060fb3,0x67dd0fb3,-10,0xf6
15760,0x00060fb4,0x67dd0fb4,-27,0xe5
15761,0x00060fb5,0x67dd0fb5,-17,0xef
15762,0x00060fb6,0x67dd0fb6,-4,0xfc
15763,0x00060fb7,0x67dd0fb7,5,0x05
15764,0x00060fb8,0x67dd0fb8,-32,0xe0
15765,0x00060fb9,0x67dd0fb9,-19,0xed
15766,0x00060fba,0x67dd0fba,-3,0xfd
15767,0x00060fbb,0x67dd0fbb,7,0x07
15768,0x00060fbc,0x67dd0fbc,-30,0xe2
15769,0x00060fbd,0x67dd0fbd,-16,0xf0
15770,0x00060fbe,0x67dd0fbe,-2,0xfe
15771,0x00060fbf,0x67dd0fbf,8,0x08
15772,0x00060fc0,0x67dd0fc0,-23,0xe9
15773,0x00060fc1,0x67dd0fc1,-12,0xf4
15774,0x00060fc2,0x67dd0fc2,0,0x00
15775,0x00060fc3,0x67dd0fc3,7,0x07
15776,0x00060fc4,0x67dd0fc4,9,0x09
15777,0x00060fc5,0x67dd0fc5,10,0x0a
15778,0x00060fc6,0x67dd0fc6,10,0x0a
15779,0x00060fc7,0x67dd0fc7,7,0x07
15780,0x00060fc8,0x67dd0fc8,11,0x0b
15781,0x00060fc9,0x67dd0fc9,12,0x0c
15782,0x00060fca,0x67dd0fca,11,0x0b
15783,0x00060fcb,0x67dd0fcb,8,0x08
15784,0x00060fcc,0x67dd0fcc,12,0x0c
15785,0x00060fcd,0x67dd0fcd,12,0x0c
15786,0x00060fce,0x67dd0fce,10,0x0a
15787,0x00060fcf,0x67dd0fcf,7,0x07
15788,0x00060fd0,0x67dd0fd0,10,0x0a
15789,0x00060fd1,0x67dd0fd1,11,0x0b
15790,0x00060fd2,0x67dd0fd2,9,0x09
15791,0x00060fd3,0x67dd0fd3,6,0x06
15792,0x00060fd4,0x67dd0fd4,16,0x10
15793,0x00060fd5,0x67dd0fd5,17,0x11
15794,0x00060fd6,0x67dd0fd6,16,0x10
15795,0x00060fd7,0x67dd0fd7,12,0x0c
15796,0x00060fd8,0x67dd0fd8,17,0x11
15797,0x00060fd9,0x67dd0fd9,18,0x12
15798,0x00060fda,0x67dd0fda,15,0x0f
15799,0x00060fdb,0x67dd0fdb,10,0x0a
15800,0x00060fdc,0x67dd0fdc,15,0x0f
15801,0x00060fdd,0x67dd0fdd,14,0x0e
15802,0x00060fde,0x67dd0fde,10,0x0a
15803,0x00060fdf,0x67dd0fdf,4,0x04
15804,0x00060fe0,0x67dd0fe0,10,0x0a
15805,0x00060fe1,0x67dd0fe1,8,0x08
15806,0x00060fe2,0x67dd0fe2,4,0x04
15807,0x00060fe3,0x67dd0fe3,-1,0xff
15808,0x00060fe4,0x67dd0fe4,6,0x06
15809,0x00060fe5,0x67dd0fe5,-1,0xff
15810,0x00060fe6,0x67dd0fe6,-8,0xf8
15811,0x00060fe7,0x67dd0fe7,-12,0xf4
15812,0x00060fe8,0x67dd0fe8,1,0x01
15813,0x00060fe9,0x67dd0fe9,-8,0xf8
15814,0x00060fea,0x67dd0fea,-15,0xf1
15815,0x00060feb,0x67dd0feb,-18,0xee
15816,0x00060fec,0x67dd0fec,-5,0xfb
15817,0x00060fed,0x67dd0fed,-14,0xf2
15818,0x00060fee,0x67dd0fee,-20,0xec
15819,0x00060fef,0x67dd0fef,-23,0xe9
15820,0x00060ff0,0x67dd0ff0,-9,0xf7
15821,0x00060ff1,0x67dd0ff1,-16,0xf0
15822,0x00060ff2,0x67dd0ff2,-21,0xeb
15823,0x00060ff3,0x67dd0ff3,-22,0xea
15824,0x00060ff4,0x67dd0ff4,-10,0xf6
15825,0x00060ff5,0x67dd0ff5,-12,0xf4
15826,0x00060ff6,0x67dd0ff6,-12,0xf4
15827,0x00060ff7,0x67dd0ff7,-11,0xf5
15828,0x00060ff8,0x67dd0ff8,-11,0xf5
15829,0x00060ff9,0x67dd0ff9,-13,0xf3
15830,0x00060ffa,0x67dd0ffa,-15,0xf1
15831,0x00060ffb,0x67dd0ffb,-12,0xf4
15832,0x00060ffc,0x67dd0ffc,-11,0xf5
15833,0x00060ffd,0x67dd0ffd,-13,0xf3
15834,0x00060ffe,0x67dd0ffe,-14,0xf2
15835,0x00060fff,0x67dd0fff,-11,0xf5
15836,0x00061000,0x67dd1000,-10,0xf6
15837,0x00061001,0x67dd1001,-11,0xf5
15838,0x00061002,0x67dd1002,-12,0xf4
15839,0x00061003,0x67dd1003,-9,0xf7
15840,0x00061004,0x67dd1004,-5,0xfb
15841,0x00061005,0x67dd1005,4,0x04
15842,0x00061006,0x67dd1006,14,0x0e
15843,0x00061007,0x67dd1007,20,0x14
15844,0x00061008,0x67dd1008,-4,0xfc
15845,0x00061009,0x67dd1009,7,0x07
15846,0x0006100a,0x67dd100a,19,0x13
15847,0x0006100b,0x67dd100b,27,0x1b
15848,0x0006100c,0x67dd100c,-3,0xfd
15849,0x0006100d,0x67dd100d,8,0x08
15850,0x0006100e,0x67dd100e,21,0x15
15851,0x0006100f,0x67dd100f,28,0x1c
15852,0x00061010,0x67dd1010,-2,0xfe
15853,0x00061011,0x67dd1011,8,0x08
15854,0x00061012,0x67dd1012,18,0x12
15855,0x00061013,0x67dd1013,25,0x19
15856,0x00061014,0x67dd1014,-1,0xff
15857,0x00061015,0x67dd1015,-1,0xff
15858,0x00061016,0x67dd1016,-1,0xff
15859,0x00061017,0x67dd1017,1,0x01
15860,0x00061018,0x67dd1018,0,0x00
15861,0x00061019,0x67dd1019,0,0x00
15862,0x0006101a,0x67dd101a,0,0x00
15863,0x0006101b,0x67dd101b,2,0x02
15864,0x0006101c,0x67dd101c,0,0x00
15865,0x0006101d,0x67dd101d,0,0x00
15866,0x0006101e,0x67dd101e,2,0x02
15867,0x0006101f,0x67dd101f,4,0x04
15868,0x00061020,0x67dd1020,0,0x00
15869,0x00061021,0x67dd1021,0,0x00
15870,0x00061022,0x67dd1022,3,0x03
15871,0x00061023,0x67dd1023,5,0x05
15872,0x00061024,0x67dd1024,4,0x04
15873,0x00061025,0x67dd1025,6,0x06
15874,0x00061026,0x67dd1026,6,0x06
15875,0x00061027,0x67dd1027,5,0x05
15876,0x00061028,0x67dd1028,4,0x04
15877,0x00061029,0x67dd1029,3,0x03
15878,0x0006102a,0x67dd102a,1,0x01
15879,0x0006102b,0x67dd102b,-2,0xfe
15880,0x0006102c,0x67dd102c,4,0x04
15881,0x0006102d,0x67dd102d,-1,0xff
15882,0x0006102e,0x67dd102e,-7,0xf9
15883,0x0006102f,0x67dd102f,-10,0xf6
15884,0x00061030,0x67dd1030,3,0x03
15885,0x00061031,0x67dd1031,-3,0xfd
15886,0x00061032,0x67dd1032,-11,0xf5
15887,0x00061033,0x67dd1033,-15,0xf1
15888,0x00061034,0x67dd1034,-14,0xf2
15889,0x00061035,0x67dd1035,-13,0xf3
15890,0x00061036,0x67dd1036,-8,0xf8
15891,0x00061037,0x67dd1037,-1,0xff
15892,0x00061038,0x67dd1038,-5,0xfb
15893,0x00061039,0x67dd1039,-4,0xfc
15894,0x0006103a,0x67dd103a,-1,0xff
15895,0x0006103b,0x67dd103b,4,0x04
15896,0x0006103c,0x67dd103c,3,0x03
15897,0x0006103d,0x67dd103d,2,0x02
15898,0x0006103e,0x67dd103e,2,0x02
15899,0x0006103f,0x67dd103f,3,0x03
15900,0x00061040,0x67dd1040,5,0x05
15901,0x00061041,0x67dd1041,3,0x03
15902,0x00061042,0x67dd1042,0,0x00
15903,0x00061043,0x67dd1043,-2,0xfe
15904,0x00061044,0x67dd1044,3,0x03
15905,0x00061045,0x67dd1045,3,0x03
15906,0x00061046,0x67dd1046,-1,0xff
15907,0x00061047,0x67dd1047,-4,0xfc
15908,0x00061048,0x67dd1048,8,0x08
15909,0x00061049,0x67dd1049,8,0x08
15910,0x0006104a,0x67dd104a,3,0x03
15911,0x0006104b,0x67dd104b,0,0x00
15912,0x0006104c,0x67dd104c,4,0x04
15913,0x0006104d,0x67dd104d,5,0x05
15914,0x0006104e,0x67dd104e,3,0x03
15915,0x0006104f,0x67dd104f,1,0x01
15916,0x00061050,0x67dd1050,-2,0xfe
15917,0x00061051,0x67dd1051,-1,0xff
15918,0x00061052,0x67dd1052,-1,0xff
15919,0x00061053,0x67dd1053,-1,0xff
15920,0x00061054,0x67dd1054,9,0x09
15921,0x00061055,0x67dd1055,1,0x01
15922,0x00061056,0x67dd1056,-6,0xfa
15923,0x00061057,0x67dd1057,-6,0xfa
15924,0x00061058,0x67dd1058,12,0x0c
15925,0x00061059,0x67dd1059,1,0x01
15926,0x0006105a,0x67dd105a,-6,0xfa
15927,0x0006105b,0x67dd105b,-6,0xfa
15928,0x0006105c,0x67dd105c,14,0x0e
15929,0x0006105d,0x67dd105d,4,0x04
15930,0x0006105e,0x67dd105e,-4,0xfc
15931,0x0006105f,0x67dd105f,-4,0xfc
15932,0x00061060,0x67dd1060,14,0x0e
15933,0x00061061,0x67dd1061,6,0x06
15934,0x00061062,0x67dd1062,-1,0xff
15935,0x00061063,0x67dd1063,-1,0xff
15936,0x00061064,0x67dd1064,-5,0xfb
15937,0x00061065,0x67dd1065,-3,0xfd
15938,0x00061066,0x67dd1066,-2,0xfe
15939,0x00061067,0x67dd1067,-1,0xff
15940,0x00061068,0x67dd1068,-4,0xfc
15941,0x00061069,0x67dd1069,-2,0xfe
15942,0x0006106a,0x67dd106a,-1,0xff
15943,0x0006106b,0x67dd106b,0,0x00
15944,0x0006106c,0x67dd106c,-2,0xfe
15945,0x0006106d,0x67dd106d,-2,0xfe
15946,0x0006106e,0x67dd106e,-1,0xff
15947,0x0006106f,0x67dd106f,-1,0xff
15948,0x00061070,0x67dd1070,-1,0xff
15949,0x00061071,0x67dd1071,-1,0xff
15950,0x00061072,0x67dd1072,-1,0xff
15951,0x00061073,0x67dd1073,-1,0xff
15952,0x00061074,0x67dd1074,4,0x04
15953,0x00061075,0x67dd1075,6,0x06
15954,0x00061076,0x67dd1076,8,0x08
15955,0x00061077,0x67dd1077,10,0x0a
15956,0x00061078,0x67dd1078,-1,0xff
15957,0x00061079,0x67dd1079,-1,0xff
15958,0x0006107a,0x67dd107a,-1,0xff
15959,0x0006107b,0x67dd107b,0,0x00
15960,0x0006107c,0x67dd107c,-2,0xfe
15961,0x0006107d,0x67dd107d,-4,0xfc
15962,0x0006107e,0x67dd107e,-4,0xfc
15963,0x0006107f,0x67dd107f,-5,0xfb
15964,0x00061080,0x67dd1080,-2,0xfe
15965,0x00061081,0x67dd1081,-3,0xfd
15966,0x00061082,0x67dd1082,-3,0xfd
15967,0x00061083,0x67dd1083,-4,0xfc
15968,0x00061084,0x67dd1084,11,0x0b
15969,0x00061085,0x67dd1085,9,0x09
15970,0x00061086,0x67dd1086,7,0x07
15971,0x00061087,0x67dd1087,5,0x05
15972,0x00061088,0x67dd1088,0,0x00
15973,0x00061089,0x67dd1089,-1,0xff
15974,0x0006108a,0x67dd108a,-1,0xff
15975,0x0006108b,0x67dd108b,-2,0xfe
15976,0x0006108c,0x67dd108c,-5,0xfb
15977,0x0006108d,0x67dd108d,-5,0xfb
15978,0x0006108e,0x67dd108e,-5,0xfb
15979,0x0006108f,0x67dd108f,-4,0xfc
15980,0x00061090,0x67dd1090,-4,0xfc
15981,0x00061091,0x67dd1091,-3,0xfd
15982,0x00061092,0x67dd1092,-2,0xfe
15983,0x00061093,0x67dd1093,-1,0xff
15984,0x00061094,0x67dd1094,2,0x02
15985,0x00061095,0x67dd1095,3,0x03
15986,0x00061096,0x67dd1096,4,0x04
15987,0x00061097,0x67dd1097,4,0x04
15988,0x00061098,0x67dd1098,-1,0xff
15989,0x00061099,0x67dd1099,1,0x01
15990,0x0006109a,0x67dd109a,4,0x04
15991,0x0006109b,0x67dd109b,5,0x05
15992,0x0006109c,0x67dd109c,-8,0xf8
15993,0x0006109d,0x67dd109d,-6,0xfa
15994,0x0006109e,0x67dd109e,-2,0xfe
15995,0x0006109f,0x67dd109f,2,0x02
15996,0x000610a0,0x67dd10a0,-14,0xf2
15997,0x000610a1,0x67dd10a1,-13,0xf3
15998,0x000610a2,0x67dd10a2,-9,0xf7
15999,0x000610a3,0x67dd10a3,-5,0xfb
16000,0x000610a4,0x67dd10a4,3,0x03
16001,0x000610a5,0x67dd10a5,1,0x01
16002,0x000610a6,0x67dd10a6,0,0x00
16003,0x000610a7,0x67dd10a7,0,0x00
16004,0x000610a8,0x67dd10a8,6,0x06
16005,0x000610a9,0x67dd10a9,5,0x05
16006,0x000610aa,0x67dd10aa,4,0x04
16007,0x000610ab,0x67dd10ab,3,0x03
16008,0x000610ac,0x67dd10ac,3,0x03
16009,0x000610ad,0x67dd10ad,4,0x04
16010,0x000610ae,0x67dd10ae,4,0x04
16011,0x000610af,0x67dd10af,3,0x03
16012,0x000610b0,0x67dd10b0,-2,0xfe
16013,0x000610b1,0x67dd10b1,-1,0xff
16014,0x000610b2,0x67dd10b2,0,0x00
16015,0x000610b3,0x67dd10b3,0,0x00
16016,0x000610b4,0x67dd10b4,-3,0xfd
16017,0x000610b5,0x67dd10b5,-4,0xfc
16018,0x000610b6,0x67dd10b6,-5,0xfb
16019,0x000610b7,0x67dd10b7,-4,0xfc
16020,0x000610b8,0x67dd10b8,-3,0xfd
16021,0x000610b9,0x67dd10b9,-4,0xfc
16022,0x000610ba,0x67dd10ba,-5,0xfb
16023,0x000610bb,0x67dd10bb,-5,0xfb
16024,0x000610bc,0x67dd10bc,-2,0xfe
16025,0x000610bd,0x67dd10bd,-3,0xfd
16026,0x000610be,0x67dd10be,-4,0xfc
16027,0x000610bf,0x67dd10bf,-5,0xfb
16028,0x000610c0,0x67dd10c0,-1,0xff
16029,0x000610c1,0x67dd10c1,-1,0xff
16030,0x000610c2,0x67dd10c2,-2,0xfe
16031,0x000610c3,0x67dd10c3,-3,0xfd
16032,0x000610c4,0x67dd10c4,0,0x00
16033,0x000610c5,0x67dd10c5,7,0x07
16034,0x000610c6,0x67dd10c6,12,0x0c
16035,0x000610c7,0x67dd10c7,13,0x0d
16036,0x000610c8,0x67dd10c8,-2,0xfe
16037,0x000610c9,0x67dd10c9,4,0x04
16038,0x000610ca,0x67dd10ca,9,0x09
16039,0x000610cb,0x67dd10cb,10,0x0a
16040,0x000610cc,0x67dd10cc,-4,0xfc
16041,0x000610cd,0x67dd10cd,-1,0xff
16042,0x000610ce,0x67dd10ce,3,0x03
16043,0x000610cf,0x67dd10cf,4,0x04
16044,0x000610d0,0x67dd10d0,-3,0xfd
16045,0x000610d1,0x67dd10d1,-2,0xfe
16046,0x000610d2,0x67dd10d2,0,0x00
16047,0x000610d3,0x67dd10d3,1,0x01
16048,0x000610d4,0x67dd10d4,9,0x09
16049,0x000610d5,0x67dd10d5,5,0x05
16050,0x000610d6,0x67dd10d6,-2,0xfe
16051,0x000610d7,0x67dd10d7,-8,0xf8
16052,0x000610d8,0x67dd10d8,12,0x0c
16053,0x000610d9,0x67dd10d9,10,0x0a
16054,0x000610da,0x67dd10da,6,0x06
16055,0x000610db,0x67dd10db,2,0x02
16056,0x000610dc,0x67dd10dc,2,0x02
16057,0x000610dd,0x67dd10dd,2,0x02
16058,0x000610de,0x67dd10de,3,0x03
16059,0x000610df,0x67dd10df,4,0x04
16060,0x000610e0,0x67dd10e0,-9,0xf7
16061,0x000610e1,0x67dd10e1,-8,0xf8
16062,0x000610e2,0x67dd10e2,-4,0xfc
16063,0x000610e3,0x67dd10e3,0,0x00
16064,0x000610e4,0x67dd10e4,-11,0xf5
16065,0x000610e5,0x67dd10e5,-10,0xf6
16066,0x000610e6,0x67dd10e6,-7,0xf9
16067,0x000610e7,0x67dd10e7,-4,0xfc
16068,0x000610e8,0x67dd10e8,0,0x00
16069,0x000610e9,0x67dd10e9,-1,0xff
16070,0x000610ea,0x67dd10ea,0,0x00
16071,0x000610eb,0x67dd10eb,0,0x00
16072,0x000610ec,0x67dd10ec,3,0x03
16073,0x000610ed,0x67dd10ed,1,0x01
16074,0x000610ee,0x67dd10ee,1,0x01
16075,0x000610ef,0x67dd10ef,1,0x01
16076,0x000610f0,0x67dd10f0,1,0x01
16077,0x000610f1,0x67dd10f1,2,0x02
16078,0x000610f2,0x67dd10f2,1,0x01
16079,0x000610f3,0x67dd10f3,0,0x00
16080,0x000610f4,0x67dd10f4,6,0x06
16081,0x000610f5,0x67dd10f5,8,0x08
16082,0x000610f6,0x67dd10f6,8,0x08
16083,0x000610f7,0x67dd10f7,5,0x05
16084,0x000610f8,0x67dd10f8,0,0x00
16085,0x000610f9,0x67dd10f9,1,0x01
16086,0x000610fa,0x67dd10fa,2,0x02
16087,0x000610fb,0x67dd10fb,2,0x02
16088,0x000610fc,0x67dd10fc,-3,0xfd
16089,0x000610fd,0x67dd10fd,-2,0xfe
16090,0x000610fe,0x67dd10fe,1,0x01
16091,0x000610ff,0x67dd10ff,3,0x03
16092,0x00061100,0x67dd1100,-2,0xfe
16093,0x00061101,0x67dd1101,-1,0xff
16094,0x00061102,0x67dd1102,2,0x02
16095,0x00061103,0x67dd1103,5,0x05
16096,0x00061104,0x67dd1104,1,0x01
16097,0x00061105,0x67dd1105,-5,0xfb
16098,0x00061106,0x67dd1106,-11,0xf5
16099,0x00061107,0x67dd1107,-13,0xf3
16100,0x00061108,0x67dd1108,-1,0xff
16101,0x00061109,0x67dd1109,-4,0xfc
16102,0x0006110a,0x67dd110a,-8,0xf8
16103,0x0006110b,0x67dd110b,-11,0xf5
16104,0x0006110c,0x67dd110c,3,0x03
16105,0x0006110d,0x67dd110d,1,0x01
16106,0x0006110e,0x67dd110e,-1,0xff
16107,0x0006110f,0x67dd110f,-4,0xfc
16108,0x00061110,0x67dd1110,6,0x06
16109,0x00061111,0x67dd1111,6,0x06
16110,0x00061112,0x67dd1112,4,0x04
16111,0x00061113,0x67dd1113,1,0x01
16112,0x00061114,0x67dd1114,3,0x03
16113,0x00061115,0x67dd1115,4,0x04
16114,0x00061116,0x67dd1116,5,0x05
16115,0x00061117,0x67dd1117,5,0x05
16116,0x00061118,0x67dd1118,5,0x05
16117,0x00061119,0x67dd1119,6,0x06
16118,0x0006111a,0x67dd111a,4,0x04
16119,0x0006111b,0x67dd111b,2,0x02
16120,0x0006111c,0x67dd111c,6,0x06
16121,0x0006111d,0x67dd111d,5,0x05
16122,0x0006111e,0x67dd111e,0,0x00
16123,0x0006111f,0x67dd111f,-5,0xfb
16124,0x00061120,0x67dd1120,7,0x07
16125,0x00061121,0x67dd1121,4,0x04
16126,0x00061122,0x67dd1122,-3,0xfd
16127,0x00061123,0x67dd1123,-11,0xf5
16128,0x00061124,0x67dd1124,4,0x04
16129,0x00061125,0x67dd1125,1,0x01
16130,0x00061126,0x67dd1126,-3,0xfd
16131,0x00061127,0x67dd1127,-6,0xfa
16132,0x00061128,0x67dd1128,2,0x02
16133,0x00061129,0x67dd1129,2,0x02
16134,0x0006112a,0x67dd112a,0,0x00
16135,0x0006112b,0x67dd112b,-3,0xfd
16136,0x0006112c,0x67dd112c,-5,0xfb
16137,0x0006112d,0x67dd112d,-2,0xfe
16138,0x0006112e,0x67dd112e,-1,0xff
16139,0x0006112f,0x67dd112f,-2,0xfe
16140,0x00061130,0x67dd1130,-12,0xf4
16141,0x00061131,0x67dd1131,-7,0xf9
16142,0x00061132,0x67dd1132,-3,0xfd
16143,0x00061133,0x67dd1133,-2,0xfe
16144,0x00061134,0x67dd1134,1,0x01
16145,0x00061135,0x67dd1135,0,0x00
16146,0x00061136,0x67dd1136,-1,0xff
16147,0x00061137,0x67dd1137,-1,0xff
16148,0x00061138,0x67dd1138,2,0x02
16149,0x00061139,0x67dd1139,3,0x03
16150,0x0006113a,0x67dd113a,4,0x04
16151,0x0006113b,0x67dd113b,4,0x04
16152,0x0006113c,0x67dd113c,-7,0xf9
16153,0x0006113d,0x67dd113d,-9,0xf7
16154,0x0006113e,0x67dd113e,-9,0xf7
16155,0x0006113f,0x67dd113f,-10,0xf6
16156,0x00061140,0x67dd1140,3,0x03
16157,0x00061141,0x67dd1141,4,0x04
16158,0x00061142,0x67dd1142,5,0x05
16159,0x00061143,0x67dd1143,6,0x06
16160,0x00061144,0x67dd1144,-1,0xff
16161,0x00061145,0x67dd1145,0,0x00
16162,0x00061146,0x67dd1146,0,0x00
16163,0x00061147,0x67dd1147,0,0x00
16164,0x00061148,0x67dd1148,5,0x05
16165,0x00061149,0x67dd1149,5,0x05
16166,0x0006114a,0x67dd114a,4,0x04
16167,0x0006114b,0x67dd114b,3,0x03
16168,0x0006114c,0x67dd114c,-10,0xf6
16169,0x0006114d,0x67dd114d,-9,0xf7
16170,0x0006114e,0x67dd114e,-7,0xf9
16171,0x0006114f,0x67dd114f,-6,0xfa
16172,0x00061150,0x67dd1150,5,0x05
16173,0x00061151,0x67dd1151,5,0x05
16174,0x00061152,0x67dd1152,5,0x05
16175,0x00061153,0x67dd1153,5,0x05
16176,0x00061154,0x67dd1154,-7,0xf9
16177,0x00061155,0x67dd1155,-7,0xf9
16178,0x00061156,0x67dd1156,-7,0xf9
16179,0x00061157,0x67dd1157,-7,0xf9
16180,0x00061158,0x67dd1158,-5,0xfb
16181,0x00061159,0x67dd1159,-4,0xfc
16182,0x0006115a,0x67dd115a,-3,0xfd
16183,0x0006115b,0x67dd115b,-1,0xff
16184,0x0006115c,0x67dd115c,-3,0xfd
16185,0x0006115d,0x67dd115d,-2,0xfe
16186,0x0006115e,0x67dd115e,1,0x01
16187,0x0006115f,0x67dd115f,4,0x04
16188,0x00061160,0x67dd1160,-2,0xfe
16189,0x00061161,0x67dd1161,-1,0xff
16190,0x00061162,0x67dd1162,3,0x03
16191,0x00061163,0x67dd1163,6,0x06
16192,0x00061164,0x67dd1164,-6,0xfa
16193,0x00061165,0x67dd1165,-6,0xfa
16194,0x00061166,0x67dd1166,-5,0xfb
16195,0x00061167,0x67dd1167,-4,0xfc
16196,0x00061168,0x67dd1168,-1,0xff
16197,0x00061169,0x67dd1169,-1,0xff
16198,0x0006116a,0x67dd116a,0,0x00
16199,0x0006116b,0x67dd116b,0,0x00
16200,0x0006116c,0x67dd116c,5,0x05
16201,0x0006116d,0x67dd116d,5,0x05
16202,0x0006116e,0x67dd116e,5,0x05
16203,0x0006116f,0x67dd116f,5,0x05
16204,0x00061170,0x67dd1170,9,0x09
16205,0x00061171,0x67dd1171,10,0x0a
16206,0x00061172,0x67dd1172,10,0x0a
16207,0x00061173,0x67dd1173,9,0x09
16208,0x00061174,0x67dd1174,-14,0xf2
16209,0x00061175,0x67dd1175,1,0x01
16210,0x00061176,0x67dd1176,10,0x0a
16211,0x00061177,0x67dd1177,3,0x03
16212,0x00061178,0x67dd1178,-16,0xf0
16213,0x00061179,0x67dd1179,2,0x02
16214,0x0006117a,0x67dd117a,13,0x0d
16215,0x0006117b,0x67dd117b,3,0x03
16216,0x0006117c,0x67dd117c,-15,0xf1
16217,0x0006117d,0x67dd117d,2,0x02
16218,0x0006117e,0x67dd117e,12,0x0c
16219,0x0006117f,0x67dd117f,3,0x03
16220,0x00061180,0x67dd1180,-10,0xf6
16221,0x00061181,0x67dd1181,3,0x03
16222,0x00061182,0x67dd1182,10,0x0a
16223,0x00061183,0x67dd1183,2,0x02
16224,0x00061184,0x67dd1184,-2,0xfe
16225,0x00061185,0x67dd1185,0,0x00
16226,0x00061186,0x67dd1186,1,0x01
16227,0x00061187,0x67dd1187,1,0x01
16228,0x00061188,0x67dd1188,-3,0xfd
16229,0x00061189,0x67dd1189,-1,0xff
16230,0x0006118a,0x67dd118a,1,0x01
16231,0x0006118b,0x67dd118b,0,0x00
16232,0x0006118c,0x67dd118c,-4,0xfc
16233,0x0006118d,0x67dd118d,-2,0xfe
16234,0x0006118e,0x67dd118e,1,0x01
16235,0x0006118f,0x67dd118f,1,0x01
16236,0x00061190,0x67dd1190,-3,0xfd
16237,0x00061191,0x67dd1191,-1,0xff
16238,0x00061192,0x67dd1192,1,0x01
16239,0x00061193,0x67dd1193,1,0x01
16240,0x00061194,0x67dd1194,0,0x00
16241,0x00061195,0x67dd1195,1,0x01
16242,0x00061196,0x67dd1196,4,0x04
16243,0x00061197,0x67dd1197,2,0x02
16244,0x00061198,0x67dd1198,-1,0xff
16245,0x00061199,0x67dd1199,1,0x01
16246,0x0006119a,0x67dd119a,4,0x04
16247,0x0006119b,0x67dd119b,2,0x02
16248,0x0006119c,0x67dd119c,-1,0xff
16249,0x0006119d,0x67dd119d,0,0x00
16250,0x0006119e,0x67dd119e,3,0x03
16251,0x0006119f,0x67dd119f,1,0x01
16252,0x000611a0,0x67dd11a0,-1,0xff
16253,0x000611a1,0x67dd11a1,1,0x01
16254,0x000611a2,0x67dd11a2,2,0x02
16255,0x000611a3,0x67dd11a3,1,0x01
16256,0x000611a4,0x67dd11a4,-5,0xfb
16257,0x000611a5,0x67dd11a5,-10,0xf6
16258,0x000611a6,0x67dd11a6,-3,0xfd
16259,0x000611a7,0x67dd11a7,11,0x0b
16260,0x000611a8,0x67dd11a8,-6,0xfa
16261,0x000611a9,0x67dd11a9,-13,0xf3
16262,0x000611aa,0x67dd11aa,-2,0xfe
16263,0x000611ab,0x67dd11ab,15,0x0f
16264,0x000611ac,0x67dd11ac,-6,0xfa
16265,0x000611ad,0x67dd11ad,-12,0xf4
16266,0x000611ae,0x67dd11ae,-1,0xff
16267,0x000611af,0x67dd11af,15,0x0f
16268,0x000611b0,0x67dd11b0,-4,0xfc
16269,0x000611b1,0x67dd11b1,-8,0xf8
16270,0x000611b2,0x67dd11b2,0,0x00
16271,0x000611b3,0x67dd11b3,11,0x0b
16272,0x000611b4,0x67dd11b4,10,0x0a
16273,0x000611b5,0x67dd11b5,5,0x05
16274,0x000611b6,0x67dd11b6,-2,0xfe
16275,0x000611b7,0x67dd11b7,-2,0xfe
16276,0x000611b8,0x67dd11b8,7,0x07
16277,0x000611b9,0x67dd11b9,0,0x00
16278,0x000611ba,0x67dd11ba,-8,0xf8
16279,0x000611bb,0x67dd11bb,-6,0xfa
16280,0x000611bc,0x67dd11bc,2,0x02
16281,0x000611bd,0x67dd11bd,-5,0xfb
16282,0x000611be,0x67dd11be,-12,0xf4
16283,0x000611bf,0x67dd11bf,-7,0xf9
16284,0x000611c0,0x67dd11c0,-1,0xff
16285,0x000611c1,0x67dd11c1,-7,0xf9
16286,0x000611c2,0x67dd11c2,-10,0xf6
16287,0x000611c3,0x67dd11c3,-4,0xfc
16288,0x000611c4,0x67dd11c4,2,0x02
16289,0x000611c5,0x67dd11c5,5,0x05
16290,0x000611c6,0x67dd11c6,1,0x01
16291,0x000611c7,0x67dd11c7,-4,0xfc
16292,0x000611c8,0x67dd11c8,1,0x01
16293,0x000611c9,0x67dd11c9,5,0x05
16294,0x000611ca,0x67dd11ca,2,0x02
16295,0x000611cb,0x67dd11cb,-4,0xfc
16296,0x000611cc,0x67dd11cc,2,0x02
16297,0x000611cd,0x67dd11cd,7,0x07
16298,0x000611ce,0x67dd11ce,4,0x04
16299,0x000611cf,0x67dd11cf,-1,0xff
16300,0x000611d0,0x67dd11d0,4,0x04
16301,0x000611d1,0x67dd11d1,9,0x09
16302,0x000611d2,0x67dd11d2,7,0x07
16303,0x000611d3,0x67dd11d3,2,0x02
16304,0x000611d4,0x67dd11d4,-5,0xfb
16305,0x000611d5,0x67dd11d5,-5,0xfb
16306,0x000611d6,0x67dd11d6,-4,0xfc
16307,0x000611d7,0x67dd11d7,-6,0xfa
16308,0x000611d8,0x67dd11d8,-1,0xff
16309,0x000611d9,0x67dd11d9,-2,0xfe
16310,0x000611da,0x67dd11da,-2,0xfe
16311,0x000611db,0x67dd11db,-4,0xfc
16312,0x000611dc,0x67dd11dc,6,0x06
16313,0x000611dd,0x67dd11dd,7,0x07
16314,0x000611de,0x67dd11de,7,0x07
16315,0x000611df,0x67dd11df,4,0x04
16316,0x000611e0,0x67dd11e0,13,0x0d
16317,0x000611e1,0x67dd11e1,14,0x0e
16318,0x000611e2,0x67dd11e2,13,0x0d
16319,0x000611e3,0x67dd11e3,10,0x0a
16320,0x000611e4,0x67dd11e4,-6,0xfa
16321,0x000611e5,0x67dd11e5,-5,0xfb
16322,0x000611e6,0x67dd11e6,-5,0xfb
16323,0x000611e7,0x67dd11e7,-3,0xfd
16324,0x000611e8,0x67dd11e8,-5,0xfb
16325,0x000611e9,0x67dd11e9,-6,0xfa
16326,0x000611ea,0x67dd11ea,-5,0xfb
16327,0x000611eb,0x67dd11eb,-4,0xfc
16328,0x000611ec,0x67dd11ec,0,0x00
16329,0x000611ed,0x67dd11ed,-2,0xfe
16330,0x000611ee,0x67dd11ee,-3,0xfd
16331,0x000611ef,0x67dd11ef,-3,0xfd
16332,0x000611f0,0x67dd11f0,5,0x05
16333,0x000611f1,0x67dd11f1,1,0x01
16334,0x000611f2,0x67dd11f2,-1,0xff
16335,0x000611f3,0x67dd11f3,-2,0xfe
16336,0x000611f4,0x67dd11f4,1,0x01
16337,0x000611f5,0x67dd11f5,1,0x01
16338,0x000611f6,0x67dd11f6,2,0x02
16339,0x000611f7,0x67dd11f7,2,0x02
16340,0x000611f8,0x67dd11f8,-5,0xfb
16341,0x000611f9,0x67dd11f9,-6,0xfa
16342,0x000611fa,0x67dd11fa,-8,0xf8
16343,0x000611fb,0x67dd11fb,-9,0xf7
16344,0x000611fc,0x67dd11fc,7,0x07
16345,0x000611fd,0x67dd11fd,9,0x09
16346,0x000611fe,0x67dd11fe,10,0x0a
16347,0x000611ff,0x67dd11ff,11,0x0b
16348,0x00061200,0x67dd1200,-1,0xff
16349,0x00061201,0x67dd1201,-2,0xfe
16350,0x00061202,0x67dd1202,-3,0xfd
16351,0x00061203,0x67dd1203,-3,0xfd
16352,0x00061204,0x67dd1204,2,0x02
16353,0x00061205,0x67dd1205,2,0x02
16354,0x00061206,0x67dd1206,2,0x02
16355,0x00061207,0x67dd1207,2,0x02
16356,0x00061208,0x67dd1208,-9,0xf7
16357,0x00061209,0x67dd1209,-8,0xf8
16358,0x0006120a,0x67dd120a,-7,0xf9
16359,0x0006120b,0x67dd120b,-6,0xfa
16360,0x0006120c,0x67dd120c,11,0x0b
16361,0x0006120d,0x67dd120d,9,0x09
16362,0x0006120e,0x67dd120e,7,0x07
16363,0x0006120f,0x67dd120f,5,0x05
16364,0x00061210,0x67dd1210,-4,0xfc
16365,0x00061211,0x67dd1211,-4,0xfc
16366,0x00061212,0x67dd1212,-4,0xfc
16367,0x00061213,0x67dd1213,-3,0xfd
16368,0x00061214,0x67dd1214,-1,0xff
16369,0x00061215,0x67dd1215,-1,0xff
16370,0x00061216,0x67dd1216,0,0x00
16371,0x00061217,0x67dd1217,0,0x00
16372,0x00061218,0x67dd1218,-3,0xfd
16373,0x00061219,0x67dd1219,-3,0xfd
16374,0x0006121a,0x67dd121a,-4,0xfc
16375,0x0006121b,0x67dd121b,-5,0xfb
16376,0x0006121c,0x67dd121c,2,0x02
16377,0x0006121d,0x67dd121d,1,0x01
16378,0x0006121e,0x67dd121e,-1,0xff
16379,0x0006121f,0x67dd121f,-3,0xfd
16380,0x00061220,0x67dd1220,12,0x0c
16381,0x00061221,0x67dd1221,12,0x0c
16382,0x00061222,0x67dd1222,8,0x08
16383,0x00061223,0x67dd1223,3,0x03
16384,0x00061224,0x67dd1224,0,0x00
16385,0x00061225,0x67dd1225,0,0x00
16386,0x00061226,0x67dd1226,-1,0xff
16387,0x00061227,0x67dd1227,-1,0xff
16388,0x00061228,0x67dd1228,-4,0xfc
16389,0x00061229,0x67dd1229,-3,0xfd
16390,0x0006122a,0x67dd122a,-3,0xfd
16391,0x0006122b,0x67dd122b,-2,0xfe
16392,0x0006122c,0x67dd122c,-3,0xfd
16393,0x0006122d,0x67dd122d,-2,0xfe
16394,0x0006122e,0x67dd122e,-1,0xff
16395,0x0006122f,0x67dd122f,0,0x00
16396,0x00061230,0x67dd1230,1,0x01
16397,0x00061231,0x67dd1231,0,0x00
16398,0x00061232,0x67dd1232,0,0x00
16399,0x00061233,0x67dd1233,1,0x01
16400,0x00061234,0x67dd1234,-6,0xfa
16401,0x00061235,0x67dd1235,-8,0xf8
16402,0x00061236,0x67dd1236,-8,0xf8
16403,0x00061237,0x67dd1237,-6,0xfa
16404,0x00061238,0x67dd1238,1,0x01
16405,0x00061239,0x67dd1239,1,0x01
16406,0x0006123a,0x67dd123a,-1,0xff
16407,0x0006123b,0x67dd123b,-2,0xfe
16408,0x0006123c,0x67dd123c,3,0x03
16409,0x0006123d,0x67dd123d,3,0x03
16410,0x0006123e,0x67dd123e,1,0x01
16411,0x0006123f,0x67dd123f,-1,0xff
16412,0x00061240,0x67dd1240,0,0x00
16413,0x00061241,0x67dd1241,1,0x01
16414,0x00061242,0x67dd1242,0,0x00
16415,0x00061243,0x67dd1243,-1,0xff
16416,0x00061244,0x67dd1244,-2,0xfe
16417,0x00061245,0x67dd1245,2,0x02
16418,0x00061246,0x67dd1246,6,0x06
16419,0x00061247,0x67dd1247,8,0x08
16420,0x00061248,0x67dd1248,0,0x00
16421,0x00061249,0x67dd1249,3,0x03
16422,0x0006124a,0x67dd124a,5,0x05
16423,0x0006124b,0x67dd124b,7,0x07
16424,0x0006124c,0x67dd124c,-1,0xff
16425,0x0006124d,0x67dd124d,0,0x00
16426,0x0006124e,0x67dd124e,0,0x00
16427,0x0006124f,0x67dd124f,2,0x02
16428,0x00061250,0x67dd1250,-1,0xff
16429,0x00061251,0x67dd1251,-1,0xff
16430,0x00061252,0x67dd1252,-2,0xfe
16431,0x00061253,0x67dd1253,-1,0xff
16432,0x00061254,0x67dd1254,1,0x01
16433,0x00061255,0x67dd1255,0,0x00
16434,0x00061256,0x67dd1256,0,0x00
16435,0x00061257,0x67dd1257,0,0x00
16436,0x00061258,0x67dd1258,2,0x02
16437,0x00061259,0x67dd1259,1,0x01
16438,0x0006125a,0x67dd125a,3,0x03
16439,0x0006125b,0x67dd125b,4,0x04
16440,0x0006125c,0x67dd125c,2,0x02
16441,0x0006125d,0x67dd125d,1,0x01
16442,0x0006125e,0x67dd125e,0,0x00
16443,0x0006125f,0x67dd125f,0,0x00
16444,0x00061260,0x67dd1260,5,0x05
16445,0x00061261,0x67dd1261,1,0x01
16446,0x00061262,0x67dd1262,-6,0xfa
16447,0x00061263,0x67dd1263,-12,0xf4
16448,0x00061264,0x67dd1264,0,0x00
16449,0x00061265,0x67dd1265,0,0x00
16450,0x00061266,0x67dd1266,2,0x02
16451,0x00061267,0x67dd1267,4,0x04
16452,0x00061268,0x67dd1268,3,0x03
16453,0x00061269,0x67dd1269,1,0x01
16454,0x0006126a,0x67dd126a,0,0x00
16455,0x0006126b,0x67dd126b,2,0x02
16456,0x0006126c,0x67dd126c,-1,0xff
16457,0x0006126d,0x67dd126d,-1,0xff
16458,0x0006126e,0x67dd126e,0,0x00
16459,0x0006126f,0x67dd126f,3,0x03
16460,0x00061270,0x67dd1270,-13,0xf3
16461,0x00061271,0x67dd1271,-8,0xf8
16462,0x00061272,0x67dd1272,-1,0xff
16463,0x00061273,0x67dd1273,4,0x04
16464,0x00061274,0x67dd1274,-2,0xfe
16465,0x00061275,0x67dd1275,0,0x00
16466,0x00061276,0x67dd1276,-1,0xff
16467,0x00061277,0x67dd1277,-2,0xfe
16468,0x00061278,0x67dd1278,-6,0xfa
16469,0x00061279,0x67dd1279,-3,0xfd
16470,0x0006127a,0x67dd127a,-2,0xfe
16471,0x0006127b,0x67dd127b,0,0x00
16472,0x0006127c,0x67dd127c,-9,0xf7
16473,0x0006127d,0x67dd127d,-5,0xfb
16474,0x0006127e,0x67dd127e,0,0x00
16475,0x0006127f,0x67dd127f,4,0x04
16476,0x00061280,0x67dd1280,-8,0xf8
16477,0x00061281,0x67dd1281,-3,0xfd
16478,0x00061282,0x67dd1282,3,0x03
16479,0x00061283,0x67dd1283,7,0x07
16480,0x00061284,0x67dd1284,-1,0xff
16481,0x00061285,0x67dd1285,0,0x00
16482,0x00061286,0x67dd1286,2,0x02
16483,0x00061287,0x67dd1287,3,0x03
16484,0x00061288,0x67dd1288,1,0x01
16485,0x00061289,0x67dd1289,1,0x01
16486,0x0006128a,0x67dd128a,1,0x01
16487,0x0006128b,0x67dd128b,1,0x01
16488,0x0006128c,0x67dd128c,5,0x05
16489,0x0006128d,0x67dd128d,3,0x03
16490,0x0006128e,0x67dd128e,1,0x01
16491,0x0006128f,0x67dd128f,0,0x00
16492,0x00061290,0x67dd1290,8,0x08
16493,0x00061291,0x67dd1291,4,0x04
16494,0x00061292,0x67dd1292,1,0x01
16495,0x00061293,0x67dd1293,0,0x00
16496,0x00061294,0x67dd1294,1,0x01
16497,0x00061295,0x67dd1295,2,0x02
16498,0x00061296,0x67dd1296,2,0x02
16499,0x00061297,0x67dd1297,3,0x03
16500,0x00061298,0x67dd1298,4,0x04
16501,0x00061299,0x67dd1299,5,0x05
16502,0x0006129a,0x67dd129a,5,0x05
16503,0x0006129b,0x67dd129b,6,0x06
16504,0x0006129c,0x67dd129c,0,0x00
16505,0x0006129d,0x67dd129d,0,0x00
16506,0x0006129e,0x67dd129e,0,0x00
16507,0x0006129f,0x67dd129f,0,0x00
16508,0x000612a0,0x67dd12a0,-3,0xfd
16509,0x000612a1,0x67dd12a1,-3,0xfd
16510,0x000612a2,0x67dd12a2,-4,0xfc
16511,0x000612a3,0x67dd12a3,-3,0xfd
16512,0x000612a4,0x67dd12a4,3,0x03
16513,0x000612a5,0x67dd12a5,1,0x01
16514,0x000612a6,0x67dd12a6,-1,0xff
16515,0x000612a7,0x67dd12a7,-3,0xfd
16516,0x000612a8,0x67dd12a8,6,0x06
16517,0x000612a9,0x67dd12a9,5,0x05
16518,0x000612aa,0x67dd12aa,2,0x02
16519,0x000612ab,0x67dd12ab,0,0x00
16520,0x000612ac,0x67dd12ac,1,0x01
16521,0x000612ad,0x67dd12ad,0,0x00
16522,0x000612ae,0x67dd12ae,-2,0xfe
16523,0x000612af,0x67dd12af,-4,0xfc
16524,0x000612b0,0x67dd12b0,-3,0xfd
16525,0x000612b1,0x67dd12b1,-4,0xfc
16526,0x000612b2,0x67dd12b2,-7,0xf9
16527,0x000612b3,0x67dd12b3,-8,0xf8
16528,0x000612b4,0x67dd12b4,14,0x0e
16529,0x000612b5,0x67dd12b5,12,0x0c
16530,0x000612b6,0x67dd12b6,6,0x06
16531,0x000612b7,0x67dd12b7,-1,0xff
16532,0x000612b8,0x67dd12b8,7,0x07
16533,0x000612b9,0x67dd12b9,5,0x05
16534,0x000612ba,0x67dd12ba,1,0x01
16535,0x000612bb,0x67dd12bb,-3,0xfd
16536,0x000612bc,0x67dd12bc,-2,0xfe
16537,0x000612bd,0x67dd12bd,-2,0xfe
16538,0x000612be,0x67dd12be,-2,0xfe
16539,0x000612bf,0x67dd12bf,-2,0xfe
16540,0x000612c0,0x67dd12c0,-6,0xfa
16541,0x000612c1,0x67dd12c1,-4,0xfc
16542,0x000612c2,0x67dd12c2,-1,0xff
16543,0x000612c3,0x67dd12c3,1,0x01
16544,0x000612c4,0x67dd12c4,-3,0xfd
16545,0x000612c5,0x67dd12c5,-3,0xfd
16546,0x000612c6,0x67dd12c6,0,0x00
16547,0x000612c7,0x67dd12c7,0,0x00
16548,0x000612c8,0x67dd12c8,-5,0xfb
16549,0x000612c9,0x67dd12c9,-4,0xfc
16550,0x000612ca,0x67dd12ca,-2,0xfe
16551,0x000612cb,0x67dd12cb,-1,0xff
16552,0x000612cc,0x67dd12cc,-2,0xfe
16553,0x000612cd,0x67dd12cd,-2,0xfe
16554,0x000612ce,0x67dd12ce,-1,0xff
16555,0x000612cf,0x67dd12cf,-1,0xff
16556,0x000612d0,0x67dd12d0,1,0x01
16557,0x000612d1,0x67dd12d1,1,0x01
16558,0x000612d2,0x67dd12d2,0,0x00
16559,0x000612d3,0x67dd12d3,-1,0xff
16560,0x000612d4,0x67dd12d4,2,0x02
16561,0x000612d5,0x67dd12d5,2,0x02
16562,0x000612d6,0x67dd12d6,1,0x01
16563,0x000612d7,0x67dd12d7,-3,0xfd
16564,0x000612d8,0x67dd12d8,1,0x01
16565,0x000612d9,0x67dd12d9,0,0x00
16566,0x000612da,0x67dd12da,-1,0xff
16567,0x000612db,0x67dd12db,-3,0xfd
16568,0x000612dc,0x67dd12dc,0,0x00
16569,0x000612dd,0x67dd12dd,0,0x00
16570,0x000612de,0x67dd12de,1,0x01
16571,0x000612df,0x67dd12df,2,0x02
16572,0x000612e0,0x67dd12e0,0,0x00
16573,0x000612e1,0x67dd12e1,0,0x00
16574,0x000612e2,0x67dd12e2,0,0x00
16575,0x000612e3,0x67dd12e3,0,0x00
16576,0x000612e4,0x67dd12e4,-6,0xfa
16577,0x000612e5,0x67dd12e5,-7,0xf9
16578,0x000612e6,0x67dd12e6,-6,0xfa
16579,0x000612e7,0x67dd12e7,-3,0xfd
16580,0x000612e8,0x67dd12e8,-2,0xfe
16581,0x000612e9,0x67dd12e9,1,0x01
16582,0x000612ea,0x67dd12ea,4,0x04
16583,0x000612eb,0x67dd12eb,6,0x06
16584,0x000612ec,0x67dd12ec,4,0x04
16585,0x000612ed,0x67dd12ed,7,0x07
16586,0x000612ee,0x67dd12ee,8,0x08
16587,0x000612ef,0x67dd12ef,7,0x07
16588,0x000612f0,0x67dd12f0,-1,0xff
16589,0x000612f1,0x67dd12f1,-4,0xfc
16590,0x000612f2,0x67dd12f2,-7,0xf9
16591,0x000612f3,0x67dd12f3,-8,0xf8
16592,0x000612f4,0x67dd12f4,0,0x00
16593,0x000612f5,0x67dd12f5,2,0x02
16594,0x000612f6,0x67dd12f6,1,0x01
16595,0x000612f7,0x67dd12f7,-2,0xfe
16596,0x000612f8,0x67dd12f8,-1,0xff
16597,0x000612f9,0x67dd12f9,1,0x01
16598,0x000612fa,0x67dd12fa,0,0x00
16599,0x000612fb,0x67dd12fb,-3,0xfd
16600,0x000612fc,0x67dd12fc,-2,0xfe
16601,0x000612fd,0x67dd12fd,-1,0xff
16602,0x000612fe,0x67dd12fe,-2,0xfe
16603,0x000612ff,0x67dd12ff,-5,0xfb
16604,0x00061300,0x67dd1300,-3,0xfd
16605,0x00061301,0x67dd1301,-2,0xfe
16606,0x00061302,0x67dd1302,-3,0xfd
16607,0x00061303,0x67dd1303,-4,0xfc
16608,0x00061304,0x67dd1304,-3,0xfd
16609,0x00061305,0x67dd1305,-3,0xfd
16610,0x00061306,0x67dd1306,-2,0xfe
16611,0x00061307,0x67dd1307,-1,0xff
16612,0x00061308,0x67dd1308,-5,0xfb
16613,0x00061309,0x67dd1309,-2,0xfe
16614,0x0006130a,0x67dd130a,0,0x00
16615,0x0006130b,0x67dd130b,2,0x02
16616,0x0006130c,0x67dd130c,-4,0xfc
16617,0x0006130d,0x67dd130d,1,0x01
16618,0x0006130e,0x67dd130e,6,0x06
16619,0x0006130f,0x67dd130f,9,0x09
16620,0x00061310,0x67dd1310,-2,0xfe
16621,0x00061311,0x67dd1311,5,0x05
16622,0x00061312,0x67dd1312,11,0x0b
16623,0x00061313,0x67dd1313,13,0x0d
16624,0x00061314,0x67dd1314,-4,0xfc
16625,0x00061315,0x67dd1315,-2,0xfe
16626,0x00061316,0x67dd1316,2,0x02
16627,0x00061317,0x67dd1317,6,0x06
16628,0x00061318,0x67dd1318,-2,0xfe
16629,0x00061319,0x67dd1319,-1,0xff
16630,0x0006131a,0x67dd131a,1,0x01
16631,0x0006131b,0x67dd131b,4,0x04
16632,0x0006131c,0x67dd131c,0,0x00
16633,0x0006131d,0x67dd131d,0,0x00
16634,0x0006131e,0x67dd131e,-1,0xff
16635,0x0006131f,0x67dd131f,-2,0xfe
16636,0x00061320,0x67dd1320,2,0x02
16637,0x00061321,0x67dd1321,2,0x02
16638,0x00061322,0x67dd1322,0,0x00
16639,0x00061323,0x67dd1323,-3,0xfd
16640,0x00061324,0x67dd1324,4,0x04
16641,0x00061325,0x67dd1325,-3,0xfd
16642,0x00061326,0x67dd1326,-10,0xf6
16643,0x00061327,0x67dd1327,-14,0xf2
16644,0x00061328,0x67dd1328,4,0x04
16645,0x00061329,0x67dd1329,1,0x01
16646,0x0006132a,0x67dd132a,-1,0xff
16647,0x0006132b,0x67dd132b,-2,0xfe
16648,0x0006132c,0x67dd132c,-2,0xfe
16649,0x0006132d,0x67dd132d,0,0x00
16650,0x0006132e,0x67dd132e,4,0x04
16651,0x0006132f,0x67dd132f,6,0x06
16652,0x00061330,0x67dd1330,-3,0xfd
16653,0x00061331,0x67dd1331,0,0x00
16654,0x00061332,0x67dd1332,5,0x05
16655,0x00061333,0x67dd1333,9,0x09
16656,0x00061334,0x67dd1334,-4,0xfc
16657,0x00061335,0x67dd1335,-4,0xfc
16658,0x00061336,0x67dd1336,-2,0xfe
16659,0x00061337,0x67dd1337,1,0x01
16660,0x00061338,0x67dd1338,-2,0xfe
16661,0x00061339,0x67dd1339,-2,0xfe
16662,0x0006133a,0x67dd133a,-2,0xfe
16663,0x0006133b,0x67dd133b,-1,0xff
16664,0x0006133c,0x67dd133c,1,0x01
16665,0x0006133d,0x67dd133d,1,0x01
16666,0x0006133e,0x67dd133e,0,0x00
16667,0x0006133f,0x67dd133f,0,0x00
16668,0x00061340,0x67dd1340,2,0x02
16669,0x00061341,0x67dd1341,2,0x02
16670,0x00061342,0x67dd1342,1,0x01
16671,0x00061343,0x67dd1343,0,0x00
16672,0x00061344,0x67dd1344,6,0x06
16673,0x00061345,0x67dd1345,9,0x09
16674,0x00061346,0x67dd1346,3,0x03
16675,0x00061347,0x67dd1347,-7,0xf9
16676,0x00061348,0x67dd1348,4,0x04
16677,0x00061349,0x67dd1349,8,0x08
16678,0x0006134a,0x67dd134a,0,0x00
16679,0x0006134b,0x67dd134b,-11,0xf5
16680,0x0006134c,0x67dd134c,2,0x02
16681,0x0006134d,0x67dd134d,6,0x06
16682,0x0006134e,0x67dd134e,-1,0xff
16683,0x0006134f,0x67dd134f,-10,0xf6
16684,0x00061350,0x67dd1350,2,0x02
16685,0x00061351,0x67dd1351,4,0x04
16686,0x00061352,0x67dd1352,0,0x00
16687,0x00061353,0x67dd1353,-7,0xf9
16688,0x00061354,0x67dd1354,-1,0xff
16689,0x00061355,0x67dd1355,-2,0xfe
16690,0x00061356,0x67dd1356,-3,0xfd
16691,0x00061357,0x67dd1357,-6,0xfa
16692,0x00061358,0x67dd1358,2,0x02
16693,0x00061359,0x67dd1359,3,0x03
16694,0x0006135a,0x67dd135a,3,0x03
16695,0x0006135b,0x67dd135b,1,0x01
16696,0x0006135c,0x67dd135c,5,0x05
16697,0x0006135d,0x67dd135d,5,0x05
16698,0x0006135e,0x67dd135e,5,0x05
16699,0x0006135f,0x67dd135f,4,0x04
16700,0x00061360,0x67dd1360,3,0x03
16701,0x00061361,0x67dd1361,3,0x03
16702,0x00061362,0x67dd1362,3,0x03
16703,0x00061363,0x67dd1363,3,0x03
16704,0x00061364,0x67dd1364,-7,0xf9
16705,0x00061365,0x67dd1365,-8,0xf8
16706,0x00061366,0x67dd1366,-8,0xf8
16707,0x00061367,0x67dd1367,-8,0xf8
16708,0x00061368,0x67dd1368,-1,0xff
16709,0x00061369,0x67dd1369,-2,0xfe
16710,0x0006136a,0x67dd136a,-3,0xfd
16711,0x0006136b,0x67dd136b,-4,0xfc
16712,0x0006136c,0x67dd136c,3,0x03
16713,0x0006136d,0x67dd136d,2,0x02
16714,0x0006136e,0x67dd136e,0,0x00
16715,0x0006136f,0x67dd136f,-1,0xff
16716,0x00061370,0x67dd1370,2,0x02
16717,0x00061371,0x67dd1371,2,0x02
16718,0x00061372,0x67dd1372,1,0x01
16719,0x00061373,0x67dd1373,1,0x01
16720,0x00061374,0x67dd1374,3,0x03
16721,0x00061375,0x67dd1375,3,0x03
16722,0x00061376,0x67dd1376,2,0x02
16723,0x00061377,0x67dd1377,-2,0xfe
16724,0x00061378,0x67dd1378,1,0x01
16725,0x00061379,0x67dd1379,2,0x02
16726,0x0006137a,0x67dd137a,2,0x02
16727,0x0006137b,0x67dd137b,-2,0xfe
16728,0x0006137c,0x67dd137c,0,0x00
16729,0x0006137d,0x67dd137d,3,0x03
16730,0x0006137e,0x67dd137e,4,0x04
16731,0x0006137f,0x67dd137f,2,0x02
16732,0x00061380,0x67dd1380,0,0x00
16733,0x00061381,0x67dd1381,2,0x02
16734,0x00061382,0x67dd1382,4,0x04
16735,0x00061383,0x67dd1383,4,0x04
16736,0x00061384,0x67dd1384,-3,0xfd
16737,0x00061385,0x67dd1385,0,0x00
16738,0x00061386,0x67dd1386,7,0x07
16739,0x00061387,0x67dd1387,10,0x0a
16740,0x00061388,0x67dd1388,-5,0xfb
16741,0x00061389,0x67dd1389,-4,0xfc
16742,0x0006138a,0x67dd138a,0,0x00
16743,0x0006138b,0x67dd138b,3,0x03
16744,0x0006138c,0x67dd138c,-3,0xfd
16745,0x0006138d,0x67dd138d,-5,0xfb
16746,0x0006138e,0x67dd138e,-6,0xfa
16747,0x0006138f,0x67dd138f,-4,0xfc
16748,0x00061390,0x67dd1390,1,0x01
16749,0x00061391,0x67dd1391,-4,0xfc
16750,0x00061392,0x67dd1392,-7,0xf9
16751,0x00061393,0x67dd1393,-7,0xf9
16752,0x00061394,0x67dd1394,2,0x02
16753,0x00061395,0x67dd1395,4,0x04
16754,0x00061396,0x67dd1396,5,0x05
16755,0x00061397,0x67dd1397,5,0x05
16756,0x00061398,0x67dd1398,-4,0xfc
16757,0x00061399,0x67dd1399,-4,0xfc
16758,0x0006139a,0x67dd139a,-3,0xfd
16759,0x0006139b,0x67dd139b,-5,0xfb
16760,0x0006139c,0x67dd139c,-3,0xfd
16761,0x0006139d,0x67dd139d,-4,0xfc
16762,0x0006139e,0x67dd139e,-4,0xfc
16763,0x0006139f,0x67dd139f,-5,0xfb
16764,0x000613a0,0x67dd13a0,1,0x01
16765,0x000613a1,0x67dd13a1,1,0x01
16766,0x000613a2,0x67dd13a2,0,0x00
16767,0x000613a3,0x67dd13a3,0,0x00
16768,0x000613a4,0x67dd13a4,5,0x05
16769,0x000613a5,0x67dd13a5,5,0x05
16770,0x000613a6,0x67dd13a6,6,0x06
16771,0x000613a7,0x67dd13a7,6,0x06
16772,0x000613a8,0x67dd13a8,-5,0xfb
16773,0x000613a9,0x67dd13a9,-3,0xfd
16774,0x000613aa,0x67dd13aa,-3,0xfd
16775,0x000613ab,0x67dd13ab,-2,0xfe
16776,0x000613ac,0x67dd13ac,-4,0xfc
16777,0x000613ad,0x67dd13ad,-2,0xfe
16778,0x000613ae,0x67dd13ae,-2,0xfe
16779,0x000613af,0x67dd13af,-2,0xfe
16780,0x000613b0,0x67dd13b0,2,0x02
16781,0x000613b1,0x67dd13b1,4,0x04
16782,0x000613b2,0x67dd13b2,5,0x05
16783,0x000613b3,0x67dd13b3,4,0x04
16784,0x000613b4,0x67dd13b4,-2,0xfe
16785,0x000613b5,0x67dd13b5,0,0x00
16786,0x000613b6,0x67dd13b6,3,0x03
16787,0x000613b7,0x67dd13b7,4,0x04
16788,0x000613b8,0x67dd13b8,-9,0xf7
16789,0x000613b9,0x67dd13b9,-7,0xf9
16790,0x000613ba,0x67dd13ba,-4,0xfc
16791,0x000613bb,0x67dd13bb,0,0x00
16792,0x000613bc,0x67dd13bc,-5,0xfb
16793,0x000613bd,0x67dd13bd,-5,0xfb
16794,0x000613be,0x67dd13be,-3,0xfd
16795,0x000613bf,0x67dd13bf,-2,0xfe
16796,0x000613c0,0x67dd13c0,5,0x05
16797,0x000613c1,0x67dd13c1,5,0x05
16798,0x000613c2,0x67dd13c2,2,0x02
16799,0x000613c3,0x67dd13c3,-2,0xfe
16800,0x000613c4,0x67dd13c4,4,0x04
16801,0x000613c5,0x67dd13c5,3,0x03
16802,0x000613c6,0x67dd13c6,2,0x02
16803,0x000613c7,0x67dd13c7,2,0x02
16804,0x000613c8,0x67dd13c8,3,0x03
16805,0x000613c9,0x67dd13c9,6,0x06
16806,0x000613ca,0x67dd13ca,6,0x06
16807,0x000613cb,0x67dd13cb,6,0x06
16808,0x000613cc,0x67dd13cc,0,0x00
16809,0x000613cd,0x67dd13cd,1,0x01
16810,0x000613ce,0x67dd13ce,3,0x03
16811,0x000613cf,0x67dd13cf,4,0x04
16812,0x000613d0,0x67dd13d0,-4,0xfc
16813,0x000613d1,0x67dd13d1,-6,0xfa
16814,0x000613d2,0x67dd13d2,-5,0xfb
16815,0x000613d3,0x67dd13d3,-3,0xfd
16816,0x000613d4,0x67dd13d4,1,0x01
16817,0x000613d5,0x67dd13d5,-6,0xfa
16818,0x000613d6,0x67dd13d6,-4,0xfc
16819,0x000613d7,0x67dd13d7,7,0x07
16820,0x000613d8,0x67dd13d8,5,0x05
16821,0x000613d9,0x67dd13d9,-5,0xfb
16822,0x000613da,0x67dd13da,-4,0xfc
16823,0x000613db,0x67dd13db,6,0x06
16824,0x000613dc,0x67dd13dc,5,0x05
16825,0x000613dd,0x67dd13dd,-5,0xfb
16826,0x000613de,0x67dd13de,-4,0xfc
16827,0x000613df,0x67dd13df,6,0x06
16828,0x000613e0,0x67dd13e0,1,0x01
16829,0x000613e1,0x67dd13e1,-7,0xf9
16830,0x000613e2,0x67dd13e2,-3,0xfd
16831,0x000613e3,0x67dd13e3,8,0x08
16832,0x000613e4,0x67dd13e4,5,0x05
16833,0x000613e5,0x67dd13e5,-2,0xfe
16834,0x000613e6,0x67dd13e6,-2,0xfe
16835,0x000613e7,0x67dd13e7,1,0x01
16836,0x000613e8,0x67dd13e8,4,0x04
16837,0x000613e9,0x67dd13e9,-5,0xfb
16838,0x000613ea,0x67dd13ea,-4,0xfc
16839,0x000613eb,0x67dd13eb,1,0x01
16840,0x000613ec,0x67dd13ec,4,0x04
16841,0x000613ed,0x67dd13ed,-5,0xfb
16842,0x000613ee,0x67dd13ee,-3,0xfd
16843,0x000613ef,0x67dd13ef,1,0x01
16844,0x000613f0,0x67dd13f0,7,0x07
16845,0x000613f1,0x67dd13f1,-1,0xff
16846,0x000613f2,0x67dd13f2,-3,0xfd
16847,0x000613f3,0x67dd13f3,1,0x01
16848,0x000613f4,0x67dd13f4,-8,0xf8
16849,0x000613f5,0x67dd13f5,-7,0xf9
16850,0x000613f6,0x67dd13f6,-4,0xfc
16851,0x000613f7,0x67dd13f7,0,0x00
16852,0x000613f8,0x67dd13f8,5,0x05
16853,0x000613f9,0x67dd13f9,6,0x06
16854,0x000613fa,0x67dd13fa,5,0x05
16855,0x000613fb,0x67dd13fb,2,0x02
16856,0x000613fc,0x67dd13fc,5,0x05
16857,0x000613fd,0x67dd13fd,6,0x06
16858,0x000613fe,0x67dd13fe,4,0x04
16859,0x000613ff,0x67dd13ff,1,0x01
16860,0x00061400,0x67dd1400,-7,0xf9
16861,0x00061401,0x67dd1401,-7,0xf9
16862,0x00061402,0x67dd1402,-5,0xfb
16863,0x00061403,0x67dd1403,-2,0xfe
16864,0x00061404,0x67dd1404,2,0x02
16865,0x00061405,0x67dd1405,4,0x04
16866,0x00061406,0x67dd1406,5,0x05
16867,0x00061407,0x67dd1407,5,0x05
16868,0x00061408,0x67dd1408,-1,0xff
16869,0x00061409,0x67dd1409,-5,0xfb
16870,0x0006140a,0x67dd140a,-7,0xf9
16871,0x0006140b,0x67dd140b,-7,0xf9
16872,0x0006140c,0x67dd140c,-3,0xfd
16873,0x0006140d,0x67dd140d,-5,0xfb
16874,0x0006140e,0x67dd140e,-6,0xfa
16875,0x0006140f,0x67dd140f,-5,0xfb
16876,0x00061410,0x67dd1410,1,0x01
16877,0x00061411,0x67dd1411,6,0x06
16878,0x00061412,0x67dd1412,9,0x09
16879,0x00061413,0x67dd1413,10,0x0a
16880,0x00061414,0x67dd1414,6,0x06
16881,0x00061415,0x67dd1415,3,0x03
16882,0x00061416,0x67dd1416,0,0x00
16883,0x00061417,0x67dd1417,1,0x01
16884,0x00061418,0x67dd1418,3,0x03
16885,0x00061419,0x67dd1419,0,0x00
16886,0x0006141a,0x67dd141a,-1,0xff
16887,0x0006141b,0x67dd141b,1,0x01
16888,0x0006141c,0x67dd141c,1,0x01
16889,0x0006141d,0x67dd141d,0,0x00
16890,0x0006141e,0x67dd141e,0,0x00
16891,0x0006141f,0x67dd141f,1,0x01
16892,0x00061420,0x67dd1420,-1,0xff
16893,0x00061421,0x67dd1421,-1,0xff
16894,0x00061422,0x67dd1422,1,0x01
16895,0x00061423,0x67dd1423,2,0x02
16896,0x00061424,0x67dd1424,3,0x03
16897,0x00061425,0x67dd1425,0,0x00
16898,0x00061426,0x67dd1426,-8,0xf8
16899,0x00061427,0x67dd1427,-14,0xf2
16900,0x00061428,0x67dd1428,4,0x04
16901,0x00061429,0x67dd1429,3,0x03
16902,0x0006142a,0x67dd142a,0,0x00
16903,0x0006142b,0x67dd142b,-4,0xfc
16904,0x0006142c,0x67dd142c,2,0x02
16905,0x0006142d,0x67dd142d,1,0x01
16906,0x0006142e,0x67dd142e,1,0x01
16907,0x0006142f,0x67dd142f,1,0x01
16908,0x00061430,0x67dd1430,1,0x01
16909,0x00061431,0x67dd1431,-1,0xff
16910,0x00061432,0x67dd1432,-1,0xff
16911,0x00061433,0x67dd1433,0,0x00
16912,0x00061434,0x67dd1434,1,0x01
16913,0x00061435,0x67dd1435,1,0x01
16914,0x00061436,0x67dd1436,1,0x01
16915,0x00061437,0x67dd1437,1,0x01
16916,0x00061438,0x67dd1438,1,0x01
16917,0x00061439,0x67dd1439,2,0x02
16918,0x0006143a,0x67dd143a,1,0x01
16919,0x0006143b,0x67dd143b,0,0x00
16920,0x0006143c,0x67dd143c,1,0x01
16921,0x0006143d,0x67dd143d,3,0x03
16922,0x0006143e,0x67dd143e,3,0x03
16923,0x0006143f,0x67dd143f,2,0x02
16924,0x00061440,0x67dd1440,0,0x00
16925,0x00061441,0x67dd1441,1,0x01
16926,0x00061442,0x67dd1442,1,0x01
16927,0x00061443,0x67dd1443,1,0x01
16928,0x00061444,0x67dd1444,0,0x00
16929,0x00061445,0x67dd1445,-2,0xfe
16930,0x00061446,0x67dd1446,-3,0xfd
16931,0x00061447,0x67dd1447,0,0x00
16932,0x00061448,0x67dd1448,-2,0xfe
16933,0x00061449,0x67dd1449,-8,0xf8
16934,0x0006144a,0x67dd144a,-9,0xf7
16935,0x0006144b,0x67dd144b,-4,0xfc
16936,0x0006144c,0x67dd144c,1,0x01
16937,0x0006144d,0x67dd144d,-3,0xfd
16938,0x0006144e,0x67dd144e,-3,0xfd
16939,0x0006144f,0x67dd144f,1,0x01
16940,0x00061450,0x67dd1450,1,0x01
16941,0x00061451,0x67dd1451,1,0x01
16942,0x00061452,0x67dd1452,4,0x04
16943,0x00061453,0x67dd1453,8,0x08
16944,0x00061454,0x67dd1454,2,0x02
16945,0x00061455,0x67dd1455,5,0x05
16946,0x00061456,0x67dd1456,9,0x09
16947,0x00061457,0x67dd1457,7,0x07
16948,0x00061458,0x67dd1458,-4,0xfc
16949,0x00061459,0x67dd1459,-1,0xff
16950,0x0006145a,0x67dd145a,1,0x01
16951,0x0006145b,0x67dd145b,0,0x00
16952,0x0006145c,0x67dd145c,-3,0xfd
16953,0x0006145d,0x67dd145d,0,0x00
16954,0x0006145e,0x67dd145e,3,0x03
16955,0x0006145f,0x67dd145f,3,0x03
16956,0x00061460,0x67dd1460,-4,0xfc
16957,0x00061461,0x67dd1461,-1,0xff
16958,0x00061462,0x67dd1462,1,0x01
16959,0x00061463,0x67dd1463,1,0x01
16960,0x00061464,0x67dd1464,2,0x02
16961,0x00061465,0x67dd1465,-1,0xff
16962,0x00061466,0x67dd1466,-1,0xff
16963,0x00061467,0x67dd1467,1,0x01
16964,0x00061468,0x67dd1468,-3,0xfd
16965,0x00061469,0x67dd1469,-4,0xfc
16966,0x0006146a,0x67dd146a,-1,0xff
16967,0x0006146b,0x67dd146b,2,0x02
16968,0x0006146c,0x67dd146c,0,0x00
16969,0x0006146d,0x67dd146d,-1,0xff
16970,0x0006146e,0x67dd146e,0,0x00
16971,0x0006146f,0x67dd146f,2,0x02
16972,0x00061470,0x67dd1470,-2,0xfe
16973,0x00061471,0x67dd1471,-4,0xfc
16974,0x00061472,0x67dd1472,-5,0xfb
16975,0x00061473,0x67dd1473,-4,0xfc
16976,0x00061474,0x67dd1474,1,0x01
16977,0x00061475,0x67dd1475,-1,0xff
16978,0x00061476,0x67dd1476,-2,0xfe
16979,0x00061477,0x67dd1477,-2,0xfe
16980,0x00061478,0x67dd1478,2,0x02
16981,0x00061479,0x67dd1479,1,0x01
16982,0x0006147a,0x67dd147a,1,0x01
16983,0x0006147b,0x67dd147b,0,0x00
16984,0x0006147c,0x67dd147c,2,0x02
16985,0x0006147d,0x67dd147d,3,0x03
16986,0x0006147e,0x67dd147e,4,0x04
16987,0x0006147f,0x67dd147f,5,0x05
16988,0x00061480,0x67dd1480,-9,0xf7
16989,0x00061481,0x67dd1481,-9,0xf7
16990,0x00061482,0x67dd1482,-6,0xfa
16991,0x00061483,0x67dd1483,-3,0xfd
16992,0x00061484,0x67dd1484,-1,0xff
16993,0x00061485,0x67dd1485,2,0x02
16994,0x00061486,0x67dd1486,4,0x04
16995,0x00061487,0x67dd1487,5,0x05
16996,0x00061488,0x67dd1488,-1,0xff
16997,0x00061489,0x67dd1489,-1,0xff
16998,0x0006148a,0x67dd148a,0,0x00
16999,0x0006148b,0x67dd148b,0,0x00
17000,0x0006148c,0x67dd148c,4,0x04
17001,0x0006148d,0x67dd148d,2,0x02
17002,0x0006148e,0x67dd148e,1,0x01
17003,0x0006148f,0x67dd148f,0,0x00
17004,0x00061490,0x67dd1490,-1,0xff
17005,0x00061491,0x67dd1491,-1,0xff
17006,0x00061492,0x67dd1492,-1,0xff
17007,0x00061493,0x67dd1493,-1,0xff
17008,0x00061494,0x67dd1494,-6,0xfa
17009,0x00061495,0x67dd1495,-6,0xfa
17010,0x00061496,0x67dd1496,4,0x04
17011,0x00061497,0x67dd1497,7,0x07
17012,0x00061498,0x67dd1498,-1,0xff
17013,0x00061499,0x67dd1499,-2,0xfe
17014,0x0006149a,0x67dd149a,5,0x05
17015,0x0006149b,0x67dd149b,6,0x06
17016,0x0006149c,0x67dd149c,4,0x04
17017,0x0006149d,0x67dd149d,-1,0xff
17018,0x0006149e,0x67dd149e,1,0x01
17019,0x0006149f,0x67dd149f,0,0x00
17020,0x000614a0,0x67dd14a0,7,0x07
17021,0x000614a1,0x67dd14a1,1,0x01
17022,0x000614a2,0x67dd14a2,-1,0xff
17023,0x000614a3,0x67dd14a3,-2,0xfe
17024,0x000614a4,0x67dd14a4,0,0x00
17025,0x000614a5,0x67dd14a5,-2,0xfe
17026,0x000614a6,0x67dd14a6,-1,0xff
17027,0x000614a7,0x67dd14a7,-2,0xfe
17028,0x000614a8,0x67dd14a8,-1,0xff
17029,0x000614a9,0x67dd14a9,-2,0xfe
17030,0x000614aa,0x67dd14aa,0,0x00
17031,0x000614ab,0x67dd14ab,-1,0xff
17032,0x000614ac,0x67dd14ac,-4,0xfc
17033,0x000614ad,0x67dd14ad,-2,0xfe
17034,0x000614ae,0x67dd14ae,0,0x00
17035,0x000614af,0x67dd14af,-2,0xfe
17036,0x000614b0,0x67dd14b0,-3,0xfd
17037,0x000614b1,0x67dd14b1,1,0x01
17038,0x000614b2,0x67dd14b2,3,0x03
17039,0x000614b3,0x67dd14b3,1,0x01
17040,0x000614b4,0x67dd14b4,4,0x04
17041,0x000614b5,0x67dd14b5,2,0x02
17042,0x000614b6,0x67dd14b6,1,0x01
17043,0x000614b7,0x67dd14b7,3,0x03
17044,0x000614b8,0x67dd14b8,2,0x02
17045,0x000614b9,0x67dd14b9,-2,0xfe
17046,0x000614ba,0x67dd14ba,-4,0xfc
17047,0x000614bb,0x67dd14bb,0,0x00
17048,0x000614bc,0x67dd14bc,1,0x01
17049,0x000614bd,0x67dd14bd,-4,0xfc
17050,0x000614be,0x67dd14be,-8,0xf8
17051,0x000614bf,0x67dd14bf,-4,0xfc
17052,0x000614c0,0x67dd14c0,2,0x02
17053,0x000614c1,0x67dd14c1,-3,0xfd
17054,0x000614c2,0x67dd14c2,-9,0xf7
17055,0x000614c3,0x67dd14c3,-6,0xfa
17056,0x000614c4,0x67dd14c4,3,0x03
17057,0x000614c5,0x67dd14c5,1,0x01
17058,0x000614c6,0x67dd14c6,1,0x01
17059,0x000614c7,0x67dd14c7,2,0x02
17060,0x000614c8,0x67dd14c8,3,0x03
17061,0x000614c9,0x67dd14c9,1,0x01
17062,0x000614ca,0x67dd14ca,0,0x00
17063,0x000614cb,0x67dd14cb,0,0x00
17064,0x000614cc,0x67dd14cc,1,0x01
17065,0x000614cd,0x67dd14cd,2,0x02
17066,0x000614ce,0x67dd14ce,1,0x01
17067,0x000614cf,0x67dd14cf,0,0x00
17068,0x000614d0,0x67dd14d0,0,0x00
17069,0x000614d1,0x67dd14d1,3,0x03
17070,0x000614d2,0x67dd14d2,3,0x03
17071,0x000614d3,0x67dd14d3,2,0x02
17072,0x000614d4,0x67dd14d4,-1,0xff
17073,0x000614d5,0x67dd14d5,-1,0xff
17074,0x000614d6,0x67dd14d6,0,0x00
17075,0x000614d7,0x67dd14d7,-1,0xff
17076,0x000614d8,0x67dd14d8,3,0x03
17077,0x000614d9,0x67dd14d9,1,0x01
17078,0x000614da,0x67dd14da,-4,0xfc
17079,0x000614db,0x67dd14db,-8,0xf8
17080,0x000614dc,0x67dd14dc,2,0x02
17081,0x000614dd,0x67dd14dd,-1,0xff
17082,0x000614de,0x67dd14de,-3,0xfd
17083,0x000614df,0x67dd14df,-2,0xfe
17084,0x000614e0,0x67dd14e0,-1,0xff
17085,0x000614e1,0x67dd14e1,0,0x00
17086,0x000614e2,0x67dd14e2,5,0x05
17087,0x000614e3,0x67dd14e3,11,0x0b
17088,0x000614e4,0x67dd14e4,-1,0xff
17089,0x000614e5,0x67dd14e5,0,0x00
17090,0x000614e6,0x67dd14e6,1,0x01
17091,0x000614e7,0x67dd14e7,2,0x02
17092,0x000614e8,0x67dd14e8,-7,0xf9
17093,0x000614e9,0x67dd14e9,-3,0xfd
17094,0x000614ea,0x67dd14ea,1,0x01
17095,0x000614eb,0x67dd14eb,2,0x02
17096,0x000614ec,0x67dd14ec,-1,0xff
17097,0x000614ed,0x67dd14ed,0,0x00
17098,0x000614ee,0x67dd14ee,1,0x01
17099,0x000614ef,0x67dd14ef,0,0x00
17100,0x000614f0,0x67dd14f0,9,0x09
17101,0x000614f1,0x67dd14f1,3,0x03
17102,0x000614f2,0x67dd14f2,-1,0xff
17103,0x000614f3,0x67dd14f3,-3,0xfd
17104,0x000614f4,0x67dd14f4,-1,0xff
17105,0x000614f5,0x67dd14f5,-2,0xfe
17106,0x000614f6,0x67dd14f6,-2,0xfe
17107,0x000614f7,0x67dd14f7,-1,0xff
17108,0x000614f8,0x67dd14f8,0,0x00
17109,0x000614f9,0x67dd14f9,-1,0xff
17110,0x000614fa,0x67dd14fa,0,0x00
17111,0x000614fb,0x67dd14fb,3,0x03
17112,0x000614fc,0x67dd14fc,2,0x02
17113,0x000614fd,0x67dd14fd,1,0x01
17114,0x000614fe,0x67dd14fe,-1,0xff
17115,0x000614ff,0x67dd14ff,-1,0xff
17116,0x00061500,0x67dd1500,2,0x02
17117,0x00061501,0x67dd1501,2,0x02
17118,0x00061502,0x67dd1502,2,0x02
17119,0x00061503,0x67dd1503,1,0x01
17120,0x00061504,0x67dd1504,1,0x01
17121,0x00061505,0x67dd1505,1,0x01
17122,0x00061506,0x67dd1506,1,0x01
17123,0x00061507,0x67dd1507,1,0x01
17124,0x00061508,0x67dd1508,6,0x06
17125,0x00061509,0x67dd1509,6,0x06
17126,0x0006150a,0x67dd150a,5,0x05
17127,0x0006150b,0x67dd150b,5,0x05
17128,0x0006150c,0x67dd150c,-2,0xfe
17129,0x0006150d,0x67dd150d,-5,0xfb
17130,0x0006150e,0x67dd150e,-6,0xfa
17131,0x0006150f,0x67dd150f,-4,0xfc
17132,0x00061510,0x67dd1510,-1,0xff
17133,0x00061511,0x67dd1511,-4,0xfc
17134,0x00061512,0x67dd1512,-5,0xfb
17135,0x00061513,0x67dd1513,-5,0xfb
17136,0x00061514,0x67dd1514,-1,0xff
17137,0x00061515,0x67dd1515,-3,0xfd
17138,0x00061516,0x67dd1516,-6,0xfa
17139,0x00061517,0x67dd1517,-7,0xf9
17140,0x00061518,0x67dd1518,5,0x05
17141,0x00061519,0x67dd1519,5,0x05
17142,0x0006151a,0x67dd151a,3,0x03
17143,0x0006151b,0x67dd151b,4,0x04
17144,0x0006151c,0x67dd151c,-1,0xff
17145,0x0006151d,0x67dd151d,-2,0xfe
17146,0x0006151e,0x67dd151e,-3,0xfd
17147,0x0006151f,0x67dd151f,-2,0xfe
17148,0x00061520,0x67dd1520,0,0x00
17149,0x00061521,0x67dd1521,0,0x00
17150,0x00061522,0x67dd1522,0,0x00
17151,0x00061523,0x67dd1523,0,0x00
17152,0x00061524,0x67dd1524,-6,0xfa
17153,0x00061525,0x67dd1525,-4,0xfc
17154,0x00061526,0x67dd1526,-1,0xff
17155,0x00061527,0x67dd1527,1,0x01
17156,0x00061528,0x67dd1528,4,0x04
17157,0x00061529,0x67dd1529,3,0x03
17158,0x0006152a,0x67dd152a,4,0x04
17159,0x0006152b,0x67dd152b,5,0x05
17160,0x0006152c,0x67dd152c,-2,0xfe
17161,0x0006152d,0x67dd152d,-2,0xfe
17162,0x0006152e,0x67dd152e,0,0x00
17163,0x0006152f,0x67dd152f,1,0x01
17164,0x00061530,0x67dd1530,0,0x00
17165,0x00061531,0x67dd1531,1,0x01
17166,0x00061532,0x67dd1532,2,0x02
17167,0x00061533,0x67dd1533,3,0x03
17168,0x00061534,0x67dd1534,-6,0xfa
17169,0x00061535,0x67dd1535,-6,0xfa
17170,0x00061536,0x67dd1536,-4,0xfc
17171,0x00061537,0x67dd1537,-1,0xff
17172,0x00061538,0x67dd1538,-6,0xfa
17173,0x00061539,0x67dd1539,-7,0xf9
17174,0x0006153a,0x67dd153a,-5,0xfb
17175,0x0006153b,0x67dd153b,-2,0xfe
17176,0x0006153c,0x67dd153c,2,0x02
17177,0x0006153d,0x67dd153d,2,0x02
17178,0x0006153e,0x67dd153e,2,0x02
17179,0x0006153f,0x67dd153f,4,0x04
17180,0x00061540,0x67dd1540,2,0x02
17181,0x00061541,0x67dd1541,1,0x01
17182,0x00061542,0x67dd1542,0,0x00
17183,0x00061543,0x67dd1543,-1,0xff
17184,0x00061544,0x67dd1544,2,0x02
17185,0x00061545,0x67dd1545,2,0x02
17186,0x00061546,0x67dd1546,2,0x02
17187,0x00061547,0x67dd1547,2,0x02
17188,0x00061548,0x67dd1548,0,0x00
17189,0x00061549,0x67dd1549,-1,0xff
17190,0x0006154a,0x67dd154a,-1,0xff
17191,0x0006154b,0x67dd154b,0,0x00
17192,0x0006154c,0x67dd154c,4,0x04
17193,0x0006154d,0x67dd154d,3,0x03
17194,0x0006154e,0x67dd154e,3,0x03
17195,0x0006154f,0x67dd154f,4,0x04
17196,0x00061550,0x67dd1550,0,0x00
17197,0x00061551,0x67dd1551,0,0x00
17198,0x00061552,0x67dd1552,2,0x02
17199,0x00061553,0x67dd1553,4,0x04
17200,0x00061554,0x67dd1554,12,0x0c
17201,0x00061555,0x67dd1555,5,0x05
17202,0x00061556,0x67dd1556,-5,0xfb
17203,0x00061557,0x67dd1557,-8,0xf8
17204,0x00061558,0x67dd1558,2,0x02
17205,0x00061559,0x67dd1559,-3,0xfd
17206,0x0006155a,0x67dd155a,-6,0xfa
17207,0x0006155b,0x67dd155b,-3,0xfd
17208,0x0006155c,0x67dd155c,-2,0xfe
17209,0x0006155d,0x67dd155d,-3,0xfd
17210,0x0006155e,0x67dd155e,-1,0xff
17211,0x0006155f,0x67dd155f,3,0x03
17212,0x00061560,0x67dd1560,2,0x02
17213,0x00061561,0x67dd1561,2,0x02
17214,0x00061562,0x67dd1562,3,0x03
17215,0x00061563,0x67dd1563,4,0x04
17216,0x00061564,0x67dd1564,-5,0xfb
17217,0x00061565,0x67dd1565,0,0x00
17218,0x00061566,0x67dd1566,2,0x02
17219,0x00061567,0x67dd1567,2,0x02
17220,0x00061568,0x67dd1568,0,0x00
17221,0x00061569,0x67dd1569,0,0x00
17222,0x0006156a,0x67dd156a,-1,0xff
17223,0x0006156b,0x67dd156b,-2,0xfe
17224,0x0006156c,0x67dd156c,4,0x04
17225,0x0006156d,0x67dd156d,1,0x01
17226,0x0006156e,0x67dd156e,-2,0xfe
17227,0x0006156f,0x67dd156f,-3,0xfd
17228,0x00061570,0x67dd1570,3,0x03
17229,0x00061571,0x67dd1571,1,0x01
17230,0x00061572,0x67dd1572,-1,0xff
17231,0x00061573,0x67dd1573,-1,0xff
17232,0x00061574,0x67dd1574,3,0x03
17233,0x00061575,0x67dd1575,2,0x02
17234,0x00061576,0x67dd1576,1,0x01
17235,0x00061577,0x67dd1577,0,0x00
17236,0x00061578,0x67dd1578,4,0x04
17237,0x00061579,0x67dd1579,3,0x03
17238,0x0006157a,0x67dd157a,0,0x00
17239,0x0006157b,0x67dd157b,-5,0xfb
17240,0x0006157c,0x67dd157c,2,0x02
17241,0x0006157d,0x67dd157d,3,0x03
17242,0x0006157e,0x67dd157e,1,0x01
17243,0x0006157f,0x67dd157f,-7,0xf9
17244,0x00061580,0x67dd1580,1,0x01
17245,0x00061581,0x67dd1581,3,0x03
17246,0x00061582,0x67dd1582,4,0x04
17247,0x00061583,0x67dd1583,-1,0xff
17248,0x00061584,0x67dd1584,1,0x01
17249,0x00061585,0x67dd1585,4,0x04
17250,0x00061586,0x67dd1586,3,0x03
17251,0x00061587,0x67dd1587,0,0x00
17252,0x00061588,0x67dd1588,-6,0xfa
17253,0x00061589,0x67dd1589,0,0x00
17254,0x0006158a,0x67dd158a,3,0x03
17255,0x0006158b,0x67dd158b,3,0x03
17256,0x0006158c,0x67dd158c,-12,0xf4
17257,0x0006158d,0x67dd158d,-6,0xfa
17258,0x0006158e,0x67dd158e,1,0x01
17259,0x0006158f,0x67dd158f,3,0x03
17260,0x00061590,0x67dd1590,-6,0xfa
17261,0x00061591,0x67dd1591,-4,0xfc
17262,0x00061592,0x67dd1592,0,0x00
17263,0x00061593,0x67dd1593,1,0x01
17264,0x00061594,0x67dd1594,-9,0xf7
17265,0x00061595,0x67dd1595,-4,0xfc
17266,0x00061596,0x67dd1596,2,0x02
17267,0x00061597,0x67dd1597,6,0x06
17268,0x00061598,0x67dd1598,-7,0xf9
17269,0x00061599,0x67dd1599,-1,0xff
17270,0x0006159a,0x67dd159a,4,0x04
17271,0x0006159b,0x67dd159b,6,0x06
17272,0x0006159c,0x67dd159c,-6,0xfa
17273,0x0006159d,0x67dd159d,0,0x00
17274,0x0006159e,0x67dd159e,4,0x04
17275,0x0006159f,0x67dd159f,4,0x04
17276,0x000615a0,0x67dd15a0,-4,0xfc
17277,0x000615a1,0x67dd15a1,1,0x01
17278,0x000615a2,0x67dd15a2,3,0x03
17279,0x000615a3,0x67dd15a3,2,0x02
17280,0x000615a4,0x67dd15a4,7,0x07
17281,0x000615a5,0x67dd15a5,4,0x04
17282,0x000615a6,0x67dd15a6,1,0x01
17283,0x000615a7,0x67dd15a7,0,0x00
17284,0x000615a8,0x67dd15a8,4,0x04
17285,0x000615a9,0x67dd15a9,0,0x00
17286,0x000615aa,0x67dd15aa,-3,0xfd
17287,0x000615ab,0x67dd15ab,-3,0xfd
17288,0x000615ac,0x67dd15ac,1,0x01
17289,0x000615ad,0x67dd15ad,-2,0xfe
17290,0x000615ae,0x67dd15ae,-3,0xfd
17291,0x000615af,0x67dd15af,-2,0xfe
17292,0x000615b0,0x67dd15b0,0,0x00
17293,0x000615b1,0x67dd15b1,-2,0xfe
17294,0x000615b2,0x67dd15b2,-1,0xff
17295,0x000615b3,0x67dd15b3,0,0x00
17296,0x000615b4,0x67dd15b4,0,0x00
17297,0x000615b5,0x67dd15b5,5,0x05
17298,0x000615b6,0x67dd15b6,2,0x02
17299,0x000615b7,0x67dd15b7,-5,0xfb
17300,0x000615b8,0x67dd15b8,-2,0xfe
17301,0x000615b9,0x67dd15b9,4,0x04
17302,0x000615ba,0x67dd15ba,2,0x02
17303,0x000615bb,0x67dd15bb,-6,0xfa
17304,0x000615bc,0x67dd15bc,-1,0xff
17305,0x000615bd,0x67dd15bd,5,0x05
17306,0x000615be,0x67dd15be,3,0x03
17307,0x000615bf,0x67dd15bf,-5,0xfb
17308,0x000615c0,0x67dd15c0,-1,0xff
17309,0x000615c1,0x67dd15c1,2,0x02
17310,0x000615c2,0x67dd15c2,0,0x00
17311,0x000615c3,0x67dd15c3,-6,0xfa
17312,0x000615c4,0x67dd15c4,-3,0xfd
17313,0x000615c5,0x67dd15c5,3,0x03
17314,0x000615c6,0x67dd15c6,1,0x01
17315,0x000615c7,0x67dd15c7,-4,0xfc
17316,0x000615c8,0x67dd15c8,-3,0xfd
17317,0x000615c9,0x67dd15c9,6,0x06
17318,0x000615ca,0x67dd15ca,4,0x04
17319,0x000615cb,0x67dd15cb,-3,0xfd
17320,0x000615cc,0x67dd15cc,-1,0xff
17321,0x000615cd,0x67dd15cd,7,0x07
17322,0x000615ce,0x67dd15ce,3,0x03
17323,0x000615cf,0x67dd15cf,-4,0xfc
17324,0x000615d0,0x67dd15d0,-3,0xfd
17325,0x000615d1,0x67dd15d1,5,0x05
17326,0x000615d2,0x67dd15d2,3,0x03
17327,0x000615d3,0x67dd15d3,-3,0xfd
17328,0x000615d4,0x67dd15d4,-8,0xf8
17329,0x000615d5,0x67dd15d5,-3,0xfd
17330,0x000615d6,0x67dd15d6,3,0x03
17331,0x000615d7,0x67dd15d7,5,0x05
17332,0x000615d8,0x67dd15d8,2,0x02
17333,0x000615d9,0x67dd15d9,4,0x04
17334,0x000615da,0x67dd15da,4,0x04
17335,0x000615db,0x67dd15db,-2,0xfe
17336,0x000615dc,0x67dd15dc,2,0x02
17337,0x000615dd,0x67dd15dd,1,0x01
17338,0x000615de,0x67dd15de,-3,0xfd
17339,0x000615df,0x67dd15df,-5,0xfb
17340,0x000615e0,0x67dd15e0,-5,0xfb
17341,0x000615e1,0x67dd15e1,-6,0xfa
17342,0x000615e2,0x67dd15e2,-5,0xfb
17343,0x000615e3,0x67dd15e3,3,0x03
17344,0x000615e4,0x67dd15e4,3,0x03
17345,0x000615e5,0x67dd15e5,1,0x01
17346,0x000615e6,0x67dd15e6,-2,0xfe
17347,0x000615e7,0x67dd15e7,-2,0xfe
17348,0x000615e8,0x67dd15e8,-4,0xfc
17349,0x000615e9,0x67dd15e9,-3,0xfd
17350,0x000615ea,0x67dd15ea,1,0x01
17351,0x000615eb,0x67dd15eb,3,0x03
17352,0x000615ec,0x67dd15ec,-3,0xfd
17353,0x000615ed,0x67dd15ed,3,0x03
17354,0x000615ee,0x67dd15ee,4,0x04
17355,0x000615ef,0x67dd15ef,3,0x03
17356,0x000615f0,0x67dd15f0,10,0x0a
17357,0x000615f1,0x67dd15f1,8,0x08
17358,0x000615f2,0x67dd15f2,-1,0xff
17359,0x000615f3,0x67dd15f3,-5,0xfb
17360,0x000615f4,0x67dd15f4,0,0x00
17361,0x000615f5,0x67dd15f5,3,0x03
17362,0x000615f6,0x67dd15f6,2,0x02
17363,0x000615f7,0x67dd15f7,-4,0xfc
17364,0x000615f8,0x67dd15f8,-5,0xfb
17365,0x000615f9,0x67dd15f9,-1,0xff
17366,0x000615fa,0x67dd15fa,5,0x05
17367,0x000615fb,0x67dd15fb,7,0x07
17368,0x000615fc,0x67dd15fc,-5,0xfb
17369,0x000615fd,0x67dd15fd,-5,0xfb
17370,0x000615fe,0x67dd15fe,-2,0xfe
17371,0x000615ff,0x67dd15ff,3,0x03
17372,0x00061600,0x67dd1600,9,0x09
17373,0x00061601,0x67dd1601,6,0x06
17374,0x00061602,0x67dd1602,0,0x00
17375,0x00061603,0x67dd1603,-4,0xfc
17376,0x00061604,0x67dd1604,-9,0xf7
17377,0x00061605,0x67dd1605,-7,0xf9
17378,0x00061606,0x67dd1606,0,0x00
17379,0x00061607,0x67dd1607,6,0x06
17380,0x00061608,0x67dd1608,4,0x04
17381,0x00061609,0x67dd1609,-1,0xff
17382,0x0006160a,0x67dd160a,-3,0xfd
17383,0x0006160b,0x67dd160b,-3,0xfd
17384,0x0006160c,0x67dd160c,6,0x06
17385,0x0006160d,0x67dd160d,5,0x05
17386,0x0006160e,0x67dd160e,-1,0xff
17387,0x0006160f,0x67dd160f,-4,0xfc
17388,0x00061610,0x67dd1610,-2,0xfe
17389,0x00061611,0x67dd1611,1,0x01
17390,0x00061612,0x67dd1612,1,0x01
17391,0x00061613,0x67dd1613,-1,0xff
17392,0x00061614,0x67dd1614,-1,0xff
17393,0x00061615,0x67dd1615,-1,0xff
17394,0x00061616,0x67dd1616,-1,0xff
17395,0x00061617,0x67dd1617,1,0x01
17396,0x00061618,0x67dd1618,-1,0xff
17397,0x00061619,0x67dd1619,0,0x00
17398,0x0006161a,0x67dd161a,0,0x00
17399,0x0006161b,0x67dd161b,0,0x00
17400,0x0006161c,0x67dd161c,2,0x02
17401,0x0006161d,0x67dd161d,1,0x01
17402,0x0006161e,0x67dd161e,-2,0xfe
17403,0x0006161f,0x67dd161f,-1,0xff
17404,0x00061620,0x67dd1620,12,0x0c
17405,0x00061621,0x67dd1621,8,0x08
17406,0x00061622,0x67dd1622,2,0x02
17407,0x00061623,0x67dd1623,-1,0xff
17408,0x00061624,0x67dd1624,1,0x01
17409,0x00061625,0x67dd1625,0,0x00
17410,0x00061626,0x67dd1626,-1,0xff
17411,0x00061627,0x67dd1627,0,0x00
17412,0x00061628,0x67dd1628,0,0x00
17413,0x00061629,0x67dd1629,-1,0xff
17414,0x0006162a,0x67dd162a,-1,0xff
17415,0x0006162b,0x67dd162b,0,0x00
17416,0x0006162c,0x67dd162c,1,0x01
17417,0x0006162d,0x67dd162d,1,0x01
17418,0x0006162e,0x67dd162e,0,0x00
17419,0x0006162f,0x67dd162f,0,0x00
17420,0x00061630,0x67dd1630,-1,0xff
17421,0x00061631,0x67dd1631,-4,0xfc
17422,0x00061632,0x67dd1632,-7,0xf9
17423,0x00061633,0x67dd1633,-7,0xf9
17424,0x00061634,0x67dd1634,2,0x02
17425,0x00061635,0x67dd1635,1,0x01
17426,0x00061636,0x67dd1636,3,0x03
17427,0x00061637,0x67dd1637,6,0x06
17428,0x00061638,0x67dd1638,1,0x01
17429,0x00061639,0x67dd1639,0,0x00
17430,0x0006163a,0x67dd163a,-1,0xff
17431,0x0006163b,0x67dd163b,0,0x00
17432,0x0006163c,0x67dd163c,0,0x00
17433,0x0006163d,0x67dd163d,0,0x00
17434,0x0006163e,0x67dd163e,-1,0xff
17435,0x0006163f,0x67dd163f,0,0x00
17436,0x00061640,0x67dd1640,0,0x00
17437,0x00061641,0x67dd1641,0,0x00
17438,0x00061642,0x67dd1642,0,0x00
17439,0x00061643,0x67dd1643,0,0x00
17440,0x00061644,0x67dd1644,7,0x07
17441,0x00061645,0x67dd1645,4,0x04
17442,0x00061646,0x67dd1646,2,0x02
17443,0x00061647,0x67dd1647,0,0x00
17444,0x00061648,0x67dd1648,-1,0xff
17445,0x00061649,0x67dd1649,-4,0xfc
17446,0x0006164a,0x67dd164a,-7,0xf9
17447,0x0006164b,0x67dd164b,-8,0xf8
17448,0x0006164c,0x67dd164c,0,0x00
17449,0x0006164d,0x67dd164d,0,0x00
17450,0x0006164e,0x67dd164e,-1,0xff
17451,0x0006164f,0x67dd164f,-3,0xfd
17452,0x00061650,0x67dd1650,1,0x01
17453,0x00061651,0x67dd1651,1,0x01
17454,0x00061652,0x67dd1652,0,0x00
17455,0x00061653,0x67dd1653,-2,0xfe
17456,0x00061654,0x67dd1654,-1,0xff
17457,0x00061655,0x67dd1655,0,0x00
17458,0x00061656,0x67dd1656,1,0x01
17459,0x00061657,0x67dd1657,1,0x01
17460,0x00061658,0x67dd1658,0,0x00
17461,0x00061659,0x67dd1659,0,0x00
17462,0x0006165a,0x67dd165a,-1,0xff
17463,0x0006165b,0x67dd165b,-3,0xfd
17464,0x0006165c,0x67dd165c,-1,0xff
17465,0x0006165d,0x67dd165d,0,0x00
17466,0x0006165e,0x67dd165e,0,0x00
17467,0x0006165f,0x67dd165f,0,0x00
17468,0x00061660,0x67dd1660,-1,0xff
17469,0x00061661,0x67dd1661,0,0x00
17470,0x00061662,0x67dd1662,-2,0xfe
17471,0x00061663,0x67dd1663,-2,0xfe
17472,0x00061664,0x67dd1664,0,0x00
17473,0x00061665,0x67dd1665,0,0x00
17474,0x00061666,0x67dd1666,-1,0xff
17475,0x00061667,0x67dd1667,-2,0xfe
17476,0x00061668,0x67dd1668,-4,0xfc
17477,0x00061669,0x67dd1669,-3,0xfd
17478,0x0006166a,0x67dd166a,-1,0xff
17479,0x0006166b,0x67dd166b,1,0x01
17480,0x0006166c,0x67dd166c,1,0x01
17481,0x0006166d,0x67dd166d,4,0x04
17482,0x0006166e,0x67dd166e,10,0x0a
17483,0x0006166f,0x67dd166f,12,0x0c
17484,0x00061670,0x67dd1670,-3,0xfd
17485,0x00061671,0x67dd1671,-3,0xfd
17486,0x00061672,0x67dd1672,-1,0xff
17487,0x00061673,0x67dd1673,1,0x01
17488,0x00061674,0x67dd1674,-3,0xfd
17489,0x00061675,0x67dd1675,-1,0xff
17490,0x00061676,0x67dd1676,-2,0xfe
17491,0x00061677,0x67dd1677,-4,0xfc
17492,0x00061678,0x67dd1678,-3,0xfd
17493,0x00061679,0x67dd1679,0,0x00
17494,0x0006167a,0x67dd167a,-1,0xff
17495,0x0006167b,0x67dd167b,-3,0xfd
17496,0x0006167c,0x67dd167c,-1,0xff
17497,0x0006167d,0x67dd167d,1,0x01
17498,0x0006167e,0x67dd167e,-2,0xfe
17499,0x0006167f,0x67dd167f,-3,0xfd
17500,0x00061680,0x67dd1680,0,0x00
17501,0x00061681,0x67dd1681,0,0x00
17502,0x00061682,0x67dd1682,-3,0xfd
17503,0x00061683,0x67dd1683,-2,0xfe
17504,0x00061684,0x67dd1684,2,0x02
17505,0x00061685,0x67dd1685,9,0x09
17506,0x00061686,0x67dd1686,9,0x09
17507,0x00061687,0x67dd1687,7,0x07
17508,0x00061688,0x67dd1688,0,0x00
17509,0x00061689,0x67dd1689,2,0x02
17510,0x0006168a,0x67dd168a,-1,0xff
17511,0x0006168b,0x67dd168b,1,0x01
17512,0x0006168c,0x67dd168c,0,0x00
17513,0x0006168d,0x67dd168d,-1,0xff
17514,0x0006168e,0x67dd168e,-3,0xfd
17515,0x0006168f,0x67dd168f,0,0x00
17516,0x00061690,0x67dd1690,0,0x00
17517,0x00061691,0x67dd1691,-1,0xff
17518,0x00061692,0x67dd1692,-1,0xff
17519,0x00061693,0x67dd1693,1,0x01
17520,0x00061694,0x67dd1694,-1,0xff
17521,0x00061695,0x67dd1695,-2,0xfe
17522,0x00061696,0x67dd1696,-1,0xff
17523,0x00061697,0x67dd1697,-1,0xff
17524,0x00061698,0x67dd1698,2,0x02
17525,0x00061699,0x67dd1699,-1,0xff
17526,0x0006169a,0x67dd169a,-2,0xfe
17527,0x0006169b,0x67dd169b,-1,0xff
17528,0x0006169c,0x67dd169c,3,0x03
17529,0x0006169d,0x67dd169d,-1,0xff
17530,0x0006169e,0x67dd169e,-2,0xfe
17531,0x0006169f,0x67dd169f,2,0x02
17532,0x000616a0,0x67dd16a0,1,0x01
17533,0x000616a1,0x67dd16a1,-5,0xfb
17534,0x000616a2,0x67dd16a2,-5,0xfb
17535,0x000616a3,0x67dd16a3,1,0x01
17536,0x000616a4,0x67dd16a4,-2,0xfe
17537,0x000616a5,0x67dd16a5,-1,0xff
17538,0x000616a6,0x67dd16a6,-1,0xff
17539,0x000616a7,0x67dd16a7,-2,0xfe
17540,0x000616a8,0x67dd16a8,0,0x00
17541,0x000616a9,0x67dd16a9,1,0x01
17542,0x000616aa,0x67dd16aa,0,0x00
17543,0x000616ab,0x67dd16ab,-2,0xfe
17544,0x000616ac,0x67dd16ac,5,0x05
17545,0x000616ad,0x67dd16ad,3,0x03
17546,0x000616ae,0x67dd16ae,-1,0xff
17547,0x000616af,0x67dd16af,-3,0xfd
17548,0x000616b0,0x67dd16b0,6,0x06
17549,0x000616b1,0x67dd16b1,6,0x06
17550,0x000616b2,0x67dd16b2,2,0x02
17551,0x000616b3,0x67dd16b3,0,0x00
17552,0x000616b4,0x67dd16b4,1,0x01
17553,0x000616b5,0x67dd16b5,2,0x02
17554,0x000616b6,0x67dd16b6,0,0x00
17555,0x000616b7,0x67dd16b7,-1,0xff
17556,0x000616b8,0x67dd16b8,-5,0xfb
17557,0x000616b9,0x67dd16b9,-3,0xfd
17558,0x000616ba,0x67dd16ba,-1,0xff
17559,0x000616bb,0x67dd16bb,0,0x00
17560,0x000616bc,0x67dd16bc,-7,0xf9
17561,0x000616bd,0x67dd16bd,-5,0xfb
17562,0x000616be,0x67dd16be,-2,0xfe
17563,0x000616bf,0x67dd16bf,-2,0xfe
17564,0x000616c0,0x67dd16c0,-1,0xff
17565,0x000616c1,0x67dd16c1,0,0x00
17566,0x000616c2,0x67dd16c2,1,0x01
17567,0x000616c3,0x67dd16c3,1,0x01
17568,0x000616c4,0x67dd16c4,0,0x00
17569,0x000616c5,0x67dd16c5,1,0x01
17570,0x000616c6,0x67dd16c6,0,0x00
17571,0x000616c7,0x67dd16c7,-2,0xfe
17572,0x000616c8,0x67dd16c8,1,0x01
17573,0x000616c9,0x67dd16c9,2,0x02
17574,0x000616ca,0x67dd16ca,1,0x01
17575,0x000616cb,0x67dd16cb,-2,0xfe
17576,0x000616cc,0x67dd16cc,-2,0xfe
17577,0x000616cd,0x67dd16cd,-2,0xfe
17578,0x000616ce,0x67dd16ce,0,0x00
17579,0x000616cf,0x67dd16cf,1,0x01
17580,0x000616d0,0x67dd16d0,0,0x00
17581,0x000616d1,0x67dd16d1,3,0x03
17582,0x000616d2,0x67dd16d2,9,0x09
17583,0x000616d3,0x67dd16d3,12,0x0c
17584,0x000616d4,0x67dd16d4,0,0x00
17585,0x000616d5,0x67dd16d5,6,0x06
17586,0x000616d6,0x67dd16d6,5,0x05
17587,0x000616d7,0x67dd16d7,1,0x01
17588,0x000616d8,0x67dd16d8,0,0x00
17589,0x000616d9,0x67dd16d9,6,0x06
17590,0x000616da,0x67dd16da,5,0x05
17591,0x000616db,0x67dd16db,1,0x01
17592,0x000616dc,0x67dd16dc,-5,0xfb
17593,0x000616dd,0x67dd16dd,-2,0xfe
17594,0x000616de,0x67dd16de,-2,0xfe
17595,0x000616df,0x67dd16df,-3,0xfd
17596,0x000616e0,0x67dd16e0,-6,0xfa
17597,0x000616e1,0x67dd16e1,-3,0xfd
17598,0x000616e2,0x67dd16e2,-3,0xfd
17599,0x000616e3,0x67dd16e3,-2,0xfe
17600,0x000616e4,0x67dd16e4,-2,0xfe
17601,0x000616e5,0x67dd16e5,-3,0xfd
17602,0x000616e6,0x67dd16e6,0,0x00
17603,0x000616e7,0x67dd16e7,3,0x03
17604,0x000616e8,0x67dd16e8,1,0x01
17605,0x000616e9,0x67dd16e9,1,0x01
17606,0x000616ea,0x67dd16ea,2,0x02
17607,0x000616eb,0x67dd16eb,3,0x03
17608,0x000616ec,0x67dd16ec,0,0x00
17609,0x000616ed,0x67dd16ed,0,0x00
17610,0x000616ee,0x67dd16ee,0,0x00
17611,0x000616ef,0x67dd16ef,0,0x00
17612,0x000616f0,0x67dd16f0,0,0x00
17613,0x000616f1,0x67dd16f1,0,0x00
17614,0x000616f2,0x67dd16f2,-1,0xff
17615,0x000616f3,0x67dd16f3,-2,0xfe
17616,0x000616f4,0x67dd16f4,4,0x04
17617,0x000616f5,0x67dd16f5,4,0x04
17618,0x000616f6,0x67dd16f6,2,0x02
17619,0x000616f7,0x67dd16f7,1,0x01
17620,0x000616f8,0x67dd16f8,-2,0xfe
17621,0x000616f9,0x67dd16f9,-2,0xfe
17622,0x000616fa,0x67dd16fa,0,0x00
17623,0x000616fb,0x67dd16fb,1,0x01
17624,0x000616fc,0x67dd16fc,2,0x02
17625,0x000616fd,0x67dd16fd,2,0x02
17626,0x000616fe,0x67dd16fe,1,0x01
17627,0x000616ff,0x67dd16ff,-1,0xff
17628,0x00061700,0x67dd1700,2,0x02
17629,0x00061701,0x67dd1701,1,0x01
17630,0x00061702,0x67dd1702,-1,0xff
17631,0x00061703,0x67dd1703,-1,0xff
17632,0x00061704,0x67dd1704,0,0x00
17633,0x00061705,0x67dd1705,-1,0xff
17634,0x00061706,0x67dd1706,-1,0xff
17635,0x00061707,0x67dd1707,0,0x00
17636,0x00061708,0x67dd1708,2,0x02
17637,0x00061709,0x67dd1709,1,0x01
17638,0x0006170a,0x67dd170a,1,0x01
17639,0x0006170b,0x67dd170b,0,0x00
17640,0x0006170c,0x67dd170c,-3,0xfd
17641,0x0006170d,0x67dd170d,-5,0xfb
17642,0x0006170e,0x67dd170e,-9,0xf7
17643,0x0006170f,0x67dd170f,-10,0xf6
17644,0x00061710,0x67dd1710,1,0x01
17645,0x00061711,0x67dd1711,4,0x04
17646,0x00061712,0x67dd1712,4,0x04
17647,0x00061713,0x67dd1713,1,0x01
17648,0x00061714,0x67dd1714,4,0x04
17649,0x00061715,0x67dd1715,0,0x00
17650,0x00061716,0x67dd1716,-2,0xfe
17651,0x00061717,0x67dd1717,-2,0xfe
17652,0x00061718,0x67dd1718,7,0x07
17653,0x00061719,0x67dd1719,1,0x01
17654,0x0006171a,0x67dd171a,-4,0xfc
17655,0x0006171b,0x67dd171b,-3,0xfd
17656,0x0006171c,0x67dd171c,10,0x0a
17657,0x0006171d,0x67dd171d,5,0x05
17658,0x0006171e,0x67dd171e,-1,0xff
17659,0x0006171f,0x67dd171f,-2,0xfe
17660,0x00061720,0x67dd1720,5,0x05
17661,0x00061721,0x67dd1721,1,0x01
17662,0x00061722,0x67dd1722,-3,0xfd
17663,0x00061723,0x67dd1723,-4,0xfc
17664,0x00061724,0x67dd1724,-2,0xfe
17665,0x00061725,0x67dd1725,-2,0xfe
17666,0x00061726,0x67dd1726,-1,0xff
17667,0x00061727,0x67dd1727,0,0x00
17668,0x00061728,0x67dd1728,-2,0xfe
17669,0x00061729,0x67dd1729,0,0x00
17670,0x0006172a,0x67dd172a,1,0x01
17671,0x0006172b,0x67dd172b,1,0x01
17672,0x0006172c,0x67dd172c,0,0x00
17673,0x0006172d,0x67dd172d,1,0x01
17674,0x0006172e,0x67dd172e,1,0x01
17675,0x0006172f,0x67dd172f,0,0x00
17676,0x00061730,0x67dd1730,-3,0xfd
17677,0x00061731,0x67dd1731,-1,0xff
17678,0x00061732,0x67dd1732,-1,0xff
17679,0x00061733,0x67dd1733,-2,0xfe
17680,0x00061734,0x67dd1734,2,0x02
17681,0x00061735,0x67dd1735,1,0x01
17682,0x00061736,0x67dd1736,-1,0xff
17683,0x00061737,0x67dd1737,-3,0xfd
17684,0x00061738,0x67dd1738,-2,0xfe
17685,0x00061739,0x67dd1739,-1,0xff
17686,0x0006173a,0x67dd173a,3,0x03
17687,0x0006173b,0x67dd173b,0,0x00
17688,0x0006173c,0x67dd173c,-3,0xfd
17689,0x0006173d,0x67dd173d,1,0x01
17690,0x0006173e,0x67dd173e,7,0x07
17691,0x0006173f,0x67dd173f,2,0x02
17692,0x00061740,0x67dd1740,-2,0xfe
17693,0x00061741,0x67dd1741,4,0x04
17694,0x00061742,0x67dd1742,8,0x08
17695,0x00061743,0x67dd1743,-1,0xff
17696,0x00061744,0x67dd1744,-3,0xfd
17697,0x00061745,0x67dd1745,1,0x01
17698,0x00061746,0x67dd1746,1,0x01
17699,0x00061747,0x67dd1747,-1,0xff
17700,0x00061748,0x67dd1748,-1,0xff
17701,0x00061749,0x67dd1749,1,0x01
17702,0x0006174a,0x67dd174a,1,0x01
17703,0x0006174b,0x67dd174b,0,0x00
17704,0x0006174c,0x67dd174c,-3,0xfd
17705,0x0006174d,0x67dd174d,-2,0xfe
17706,0x0006174e,0x67dd174e,-1,0xff
17707,0x0006174f,0x67dd174f,0,0x00
17708,0x00061750,0x67dd1750,-8,0xf8
17709,0x00061751,0x67dd1751,-5,0xfb
17710,0x00061752,0x67dd1752,0,0x00
17711,0x00061753,0x67dd1753,2,0x02
17712,0x00061754,0x67dd1754,-4,0xfc
17713,0x00061755,0x67dd1755,-1,0xff
17714,0x00061756,0x67dd1756,1,0x01
17715,0x00061757,0x67dd1757,2,0x02
17716,0x00061758,0x67dd1758,-5,0xfb
17717,0x00061759,0x67dd1759,-3,0xfd
17718,0x0006175a,0x67dd175a,-2,0xfe
17719,0x0006175b,0x67dd175b,1,0x01
17720,0x0006175c,0x67dd175c,-3,0xfd
17721,0x0006175d,0x67dd175d,-2,0xfe
17722,0x0006175e,0x67dd175e,-4,0xfc
17723,0x0006175f,0x67dd175f,-3,0xfd
17724,0x00061760,0x67dd1760,2,0x02
17725,0x00061761,0x67dd1761,2,0x02
17726,0x00061762,0x67dd1762,2,0x02
17727,0x00061763,0x67dd1763,1,0x01
17728,0x00061764,0x67dd1764,1,0x01
17729,0x00061765,0x67dd1765,-3,0xfd
17730,0x00061766,0x67dd1766,-4,0xfc
17731,0x00061767,0x67dd1767,-2,0xfe
17732,0x00061768,0x67dd1768,4,0x04
17733,0x00061769,0x67dd1769,4,0x04
17734,0x0006176a,0x67dd176a,4,0x04
17735,0x0006176b,0x67dd176b,6,0x06
17736,0x0006176c,0x67dd176c,0,0x00
17737,0x0006176d,0x67dd176d,1,0x01
17738,0x0006176e,0x67dd176e,1,0x01
17739,0x0006176f,0x67dd176f,2,0x02
17740,0x00061770,0x67dd1770,2,0x02
17741,0x00061771,0x67dd1771,1,0x01
17742,0x00061772,0x67dd1772,-1,0xff
17743,0x00061773,0x67dd1773,-1,0xff
17744,0x00061774,0x67dd1774,-4,0xfc
17745,0x00061775,0x67dd1775,-1,0xff
17746,0x00061776,0x67dd1776,0,0x00
17747,0x00061777,0x67dd1777,-1,0xff
17748,0x00061778,0x67dd1778,1,0x01
17749,0x00061779,0x67dd1779,4,0x04
17750,0x0006177a,0x67dd177a,4,0x04
17751,0x0006177b,0x67dd177b,2,0x02
17752,0x0006177c,0x67dd177c,4,0x04
17753,0x0006177d,0x67dd177d,6,0x06
17754,0x0006177e,0x67dd177e,5,0x05
17755,0x0006177f,0x67dd177f,3,0x03
17756,0x00061780,0x67dd1780,0,0x00
17757,0x00061781,0x67dd1781,1,0x01
17758,0x00061782,0x67dd1782,1,0x01
17759,0x00061783,0x67dd1783,1,0x01
17760,0x00061784,0x67dd1784,-3,0xfd
17761,0x00061785,0x67dd1785,-3,0xfd
17762,0x00061786,0x67dd1786,-1,0xff
17763,0x00061787,0x67dd1787,-1,0xff
17764,0x00061788,0x67dd1788,0,0x00
17765,0x00061789,0x67dd1789,-1,0xff
17766,0x0006178a,0x67dd178a,-2,0xfe
17767,0x0006178b,0x67dd178b,-3,0xfd
17768,0x0006178c,0x67dd178c,2,0x02
17769,0x0006178d,0x67dd178d,1,0x01
17770,0x0006178e,0x67dd178e,-2,0xfe
17771,0x0006178f,0x67dd178f,-4,0xfc
17772,0x00061790,0x67dd1790,1,0x01
17773,0x00061791,0x67dd1791,-1,0xff
17774,0x00061792,0x67dd1792,-4,0xfc
17775,0x00061793,0x67dd1793,-6,0xfa
17776,0x00061794,0x67dd1794,1,0x01
17777,0x00061795,0x67dd1795,2,0x02
17778,0x00061796,0x67dd1796,2,0x02
17779,0x00061797,0x67dd1797,-1,0xff
17780,0x00061798,0x67dd1798,-3,0xfd
17781,0x00061799,0x67dd1799,-2,0xfe
17782,0x0006179a,0x67dd179a,1,0x01
17783,0x0006179b,0x67dd179b,1,0x01
17784,0x0006179c,0x67dd179c,-2,0xfe
17785,0x0006179d,0x67dd179d,-1,0xff
17786,0x0006179e,0x67dd179e,2,0x02
17787,0x0006179f,0x67dd179f,2,0x02
17788,0x000617a0,0x67dd17a0,-2,0xfe
17789,0x000617a1,0x67dd17a1,-2,0xfe
17790,0x000617a2,0x67dd17a2,2,0x02
17791,0x000617a3,0x67dd17a3,6,0x06
17792,0x000617a4,0x67dd17a4,-6,0xfa
17793,0x000617a5,0x67dd17a5,-5,0xfb
17794,0x000617a6,0x67dd17a6,-1,0xff
17795,0x000617a7,0x67dd17a7,2,0x02
17796,0x000617a8,0x67dd17a8,-4,0xfc
17797,0x000617a9,0x67dd17a9,-3,0xfd
17798,0x000617aa,0x67dd17aa,2,0x02
17799,0x000617ab,0x67dd17ab,5,0x05
17800,0x000617ac,0x67dd17ac,-3,0xfd
17801,0x000617ad,0x67dd17ad,-4,0xfc
17802,0x000617ae,0x67dd17ae,0,0x00
17803,0x000617af,0x67dd17af,3,0x03
17804,0x000617b0,0x67dd17b0,5,0x05
17805,0x000617b1,0x67dd17b1,2,0x02
17806,0x000617b2,0x67dd17b2,1,0x01
17807,0x000617b3,0x67dd17b3,2,0x02
17808,0x000617b4,0x67dd17b4,2,0x02
17809,0x000617b5,0x67dd17b5,-3,0xfd
17810,0x000617b6,0x67dd17b6,-3,0xfd
17811,0x000617b7,0x67dd17b7,0,0x00
17812,0x000617b8,0x67dd17b8,3,0x03
17813,0x000617b9,0x67dd17b9,-1,0xff
17814,0x000617ba,0x67dd17ba,1,0x01
17815,0x000617bb,0x67dd17bb,3,0x03
17816,0x000617bc,0x67dd17bc,-5,0xfb
17817,0x000617bd,0x67dd17bd,-7,0xf9
17818,0x000617be,0x67dd17be,-4,0xfc
17819,0x000617bf,0x67dd17bf,-2,0xfe
17820,0x000617c0,0x67dd17c0,-1,0xff
17821,0x000617c1,0x67dd17c1,0,0x00
17822,0x000617c2,0x67dd17c2,2,0x02
17823,0x000617c3,0x67dd17c3,0,0x00
17824,0x000617c4,0x67dd17c4,0,0x00
17825,0x000617c5,0x67dd17c5,2,0x02
17826,0x000617c6,0x67dd17c6,3,0x03
17827,0x000617c7,0x67dd17c7,1,0x01
17828,0x000617c8,0x67dd17c8,1,0x01
17829,0x000617c9,0x67dd17c9,2,0x02
17830,0x000617ca,0x67dd17ca,-1,0xff
17831,0x000617cb,0x67dd17cb,-5,0xfb
17832,0x000617cc,0x67dd17cc,1,0x01
17833,0x000617cd,0x67dd17cd,8,0x08
17834,0x000617ce,0x67dd17ce,8,0x08
17835,0x000617cf,0x67dd17cf,1,0x01
17836,0x000617d0,0x67dd17d0,-3,0xfd
17837,0x000617d1,0x67dd17d1,0,0x00
17838,0x000617d2,0x67dd17d2,1,0x01
17839,0x000617d3,0x67dd17d3,-3,0xfd
17840,0x000617d4,0x67dd17d4,-2,0xfe
17841,0x000617d5,0x67dd17d5,-5,0xfb
17842,0x000617d6,0x67dd17d6,-5,0xfb
17843,0x000617d7,0x67dd17d7,-2,0xfe
17844,0x000617d8,0x67dd17d8,-1,0xff
17845,0x000617d9,0x67dd17d9,-4,0xfc
17846,0x000617da,0x67dd17da,0,0x00
17847,0x000617db,0x67dd17db,4,0x04
17848,0x000617dc,0x67dd17dc,0,0x00
17849,0x000617dd,0x67dd17dd,0,0x00
17850,0x000617de,0x67dd17de,8,0x08
17851,0x000617df,0x67dd17df,10,0x0a
17852,0x000617e0,0x67dd17e0,-4,0xfc
17853,0x000617e1,0x67dd17e1,-3,0xfd
17854,0x000617e2,0x67dd17e2,2,0x02
17855,0x000617e3,0x67dd17e3,3,0x03
17856,0x000617e4,0x67dd17e4,-3,0xfd
17857,0x000617e5,0x67dd17e5,-1,0xff
17858,0x000617e6,0x67dd17e6,0,0x00
17859,0x000617e7,0x67dd17e7,-2,0xfe
17860,0x000617e8,0x67dd17e8,0,0x00
17861,0x000617e9,0x67dd17e9,2,0x02
17862,0x000617ea,0x67dd17ea,4,0x04
17863,0x000617eb,0x67dd17eb,0,0x00
17864,0x000617ec,0x67dd17ec,2,0x02
17865,0x000617ed,0x67dd17ed,1,0x01
17866,0x000617ee,0x67dd17ee,3,0x03
17867,0x000617ef,0x67dd17ef,-1,0xff
17868,0x000617f0,0x67dd17f0,-3,0xfd
17869,0x000617f1,0x67dd17f1,-3,0xfd
17870,0x000617f2,0x67dd17f2,1,0x01
17871,0x000617f3,0x67dd17f3,-1,0xff
17872,0x000617f4,0x67dd17f4,1,0x01
17873,0x000617f5,0x67dd17f5,-2,0xfe
17874,0x000617f6,0x67dd17f6,-4,0xfc
17875,0x000617f7,0x67dd17f7,2,0x02
17876,0x000617f8,0x67dd17f8,6,0x06
17877,0x000617f9,0x67dd17f9,4,0x04
17878,0x000617fa,0x67dd17fa,-2,0xfe
17879,0x000617fb,0x67dd17fb,-1,0xff
17880,0x000617fc,0x67dd17fc,1,0x01
17881,0x000617fd,0x67dd17fd,1,0x01
17882,0x000617fe,0x67dd17fe,-2,0xfe
17883,0x000617ff,0x67dd17ff,-2,0xfe
17884,0x00061800,0x67dd1800,-6,0xfa
17885,0x00061801,0x67dd1801,-2,0xfe
17886,0x00061802,0x67dd1802,1,0x01
17887,0x00061803,0x67dd1803,1,0x01
17888,0x00061804,0x67dd1804,7,0x07
17889,0x00061805,0x67dd1805,3,0x03
17890,0x00061806,0x67dd1806,-2,0xfe
17891,0x00061807,0x67dd1807,-1,0xff
17892,0x00061808,0x67dd1808,2,0x02
17893,0x00061809,0x67dd1809,0,0x00
17894,0x0006180a,0x67dd180a,-1,0xff
17895,0x0006180b,0x67dd180b,3,0x03
17896,0x0006180c,0x67dd180c,-2,0xfe
17897,0x0006180d,0x67dd180d,-5,0xfb
17898,0x0006180e,0x67dd180e,-3,0xfd
17899,0x0006180f,0x67dd180f,4,0x04
17900,0x00061810,0x67dd1810,-1,0xff
17901,0x00061811,0x67dd1811,-4,0xfc
17902,0x00061812,0x67dd1812,-2,0xfe
17903,0x00061813,0x67dd1813,4,0x04
17904,0x00061814,0x67dd1814,-2,0xfe
17905,0x00061815,0x67dd1815,-1,0xff
17906,0x00061816,0x67dd1816,-2,0xfe
17907,0x00061817,0x67dd1817,-2,0xfe
17908,0x00061818,0x67dd1818,-1,0xff
17909,0x00061819,0x67dd1819,1,0x01
17910,0x0006181a,0x67dd181a,0,0x00
17911,0x0006181b,0x67dd181b,-1,0xff
17912,0x0006181c,0x67dd181c,0,0x00
17913,0x0006181d,0x67dd181d,1,0x01
17914,0x0006181e,0x67dd181e,-2,0xfe
17915,0x0006181f,0x67dd181f,-4,0xfc
17916,0x00061820,0x67dd1820,6,0x06
17917,0x00061821,0x67dd1821,8,0x08
17918,0x00061822,0x67dd1822,5,0x05
17919,0x00061823,0x67dd1823,0,0x00
17920,0x00061824,0x67dd1824,0,0x00
17921,0x00061825,0x67dd1825,1,0x01
17922,0x00061826,0x67dd1826,0,0x00
17923,0x00061827,0x67dd1827,-2,0xfe
17924,0x00061828,0x67dd1828,0,0x00
17925,0x00061829,0x67dd1829,0,0x00
17926,0x0006182a,0x67dd182a,-1,0xff
17927,0x0006182b,0x67dd182b,-3,0xfd
17928,0x0006182c,0x67dd182c,-3,0xfd
17929,0x0006182d,0x67dd182d,-1,0xff
17930,0x0006182e,0x67dd182e,0,0x00
17931,0x0006182f,0x67dd182f,0,0x00
17932,0x00061830,0x67dd1830,0,0x00
17933,0x00061831,0x67dd1831,1,0x01
17934,0x00061832,0x67dd1832,2,0x02
17935,0x00061833,0x67dd1833,3,0x03
17936,0x00061834,0x67dd1834,-2,0xfe
17937,0x00061835,0x67dd1835,-2,0xfe
17938,0x00061836,0x67dd1836,2,0x02
17939,0x00061837,0x67dd1837,5,0x05
17940,0x00061838,0x67dd1838,2,0x02
17941,0x00061839,0x67dd1839,-2,0xfe
17942,0x0006183a,0x67dd183a,-2,0xfe
17943,0x0006183b,0x67dd183b,-1,0xff
17944,0x0006183c,0x67dd183c,2,0x02
17945,0x0006183d,0x67dd183d,-1,0xff
17946,0x0006183e,0x67dd183e,0,0x00
17947,0x0006183f,0x67dd183f,1,0x01
17948,0x00061840,0x67dd1840,-8,0xf8
17949,0x00061841,0x67dd1841,-7,0xf9
17950,0x00061842,0x67dd1842,-1,0xff
17951,0x00061843,0x67dd1843,1,0x01
17952,0x00061844,0x67dd1844,2,0x02
17953,0x00061845,0x67dd1845,0,0x00
17954,0x00061846,0x67dd1846,0,0x00
17955,0x00061847,0x67dd1847,1,0x01
17956,0x00061848,0x67dd1848,-1,0xff
17957,0x00061849,0x67dd1849,1,0x01
17958,0x0006184a,0x67dd184a,2,0x02
17959,0x0006184b,0x67dd184b,4,0x04
17960,0x0006184c,0x67dd184c,0,0x00
17961,0x0006184d,0x67dd184d,0,0x00
17962,0x0006184e,0x67dd184e,0,0x00
17963,0x0006184f,0x67dd184f,1,0x01
17964,0x00061850,0x67dd1850,-1,0xff
17965,0x00061851,0x67dd1851,-1,0xff
17966,0x00061852,0x67dd1852,1,0x01
17967,0x00061853,0x67dd1853,3,0x03
17968,0x00061854,0x67dd1854,0,0x00
17969,0x00061855,0x67dd1855,3,0x03
17970,0x00061856,0x67dd1856,6,0x06
17971,0x00061857,0x67dd1857,2,0x02
17972,0x00061858,0x67dd1858,-10,0xf6
17973,0x00061859,0x67dd1859,-7,0xf9
17974,0x0006185a,0x67dd185a,-1,0xff
17975,0x0006185b,0x67dd185b,0,0x00
17976,0x0006185c,0x67dd185c,0,0x00
17977,0x0006185d,0x67dd185d,0,0x00
17978,0x0006185e,0x67dd185e,2,0x02
17979,0x0006185f,0x67dd185f,2,0x02
17980,0x00061860,0x67dd1860,3,0x03
17981,0x00061861,0x67dd1861,0,0x00
17982,0x00061862,0x67dd1862,-2,0xfe
17983,0x00061863,0x67dd1863,-2,0xfe
17984,0x00061864,0x67dd1864,-2,0xfe
17985,0x00061865,0x67dd1865,1,0x01
17986,0x00061866,0x67dd1866,2,0x02
17987,0x00061867,0x67dd1867,0,0x00
17988,0x00061868,0x67dd1868,-3,0xfd
17989,0x00061869,0x67dd1869,-1,0xff
17990,0x0006186a,0x67dd186a,2,0x02
17991,0x0006186b,0x67dd186b,1,0x01
17992,0x0006186c,0x67dd186c,1,0x01
17993,0x0006186d,0x67dd186d,1,0x01
17994,0x0006186e,0x67dd186e,1,0x01
17995,0x0006186f,0x67dd186f,-1,0xff
17996,0x00061870,0x67dd1870,0,0x00
17997,0x00061871,0x67dd1871,2,0x02
17998,0x00061872,0x67dd1872,1,0x01
17999,0x00061873,0x67dd1873,0,0x00
18000,0x00061874,0x67dd1874,8,0x08
18001,0x00061875,0x67dd1875,1,0x01
18002,0x00061876,0x67dd1876,0,0x00
18003,0x00061877,0x67dd1877,0,0x00
18004,0x00061878,0x67dd1878,2,0x02
18005,0x00061879,0x67dd1879,-2,0xfe
18006,0x0006187a,0x67dd187a,2,0x02
18007,0x0006187b,0x67dd187b,5,0x05
18008,0x0006187c,0x67dd187c,-3,0xfd
18009,0x0006187d,0x67dd187d,-6,0xfa
18010,0x0006187e,0x67dd187e,-3,0xfd
18011,0x0006187f,0x67dd187f,-1,0xff
18012,0x00061880,0x67dd1880,2,0x02
18013,0x00061881,0x67dd1881,0,0x00
18014,0x00061882,0x67dd1882,1,0x01
18015,0x00061883,0x67dd1883,2,0x02
18016,0x00061884,0x67dd1884,-2,0xfe
18017,0x00061885,0x67dd1885,-3,0xfd
18018,0x00061886,0x67dd1886,-1,0xff
18019,0x00061887,0x67dd1887,0,0x00
18020,0x00061888,0x67dd1888,1,0x01
18021,0x00061889,0x67dd1889,-2,0xfe
18022,0x0006188a,0x67dd188a,-1,0xff
18023,0x0006188b,0x67dd188b,1,0x01
18024,0x0006188c,0x67dd188c,-3,0xfd
18025,0x0006188d,0x67dd188d,-3,0xfd
18026,0x0006188e,0x67dd188e,-1,0xff
18027,0x0006188f,0x67dd188f,2,0x02
18028,0x00061890,0x67dd1890,2,0x02
18029,0x00061891,0x67dd1891,1,0x01
18030,0x00061892,0x67dd1892,0,0x00
18031,0x00061893,0x67dd1893,0,0x00
18032,0x00061894,0x67dd1894,1,0x01
18033,0x00061895,0x67dd1895,-1,0xff
18034,0x00061896,0x67dd1896,-1,0xff
18035,0x00061897,0x67dd1897,-2,0xfe
18036,0x00061898,0x67dd1898,15,0x0f
18037,0x00061899,0x67dd1899,9,0x09
18038,0x0006189a,0x67dd189a,2,0x02
18039,0x0006189b,0x67dd189b,-1,0xff
18040,0x0006189c,0x67dd189c,0,0x00
18041,0x0006189d,0x67dd189d,-3,0xfd
18042,0x0006189e,0x67dd189e,-2,0xfe
18043,0x0006189f,0x67dd189f,0,0x00
18044,0x000618a0,0x67dd18a0,1,0x01
18045,0x000618a1,0x67dd18a1,0,0x00
18046,0x000618a2,0x67dd18a2,1,0x01
18047,0x000618a3,0x67dd18a3,0,0x00
18048,0x000618a4,0x67dd18a4,-1,0xff
18049,0x000618a5,0x67dd18a5,0,0x00
18050,0x000618a6,0x67dd18a6,1,0x01
18051,0x000618a7,0x67dd18a7,0,0x00
18052,0x000618a8,0x67dd18a8,-2,0xfe
18053,0x000618a9,0x67dd18a9,-3,0xfd
18054,0x000618aa,0x67dd18aa,-3,0xfd
18055,0x000618ab,0x67dd18ab,-3,0xfd
18056,0x000618ac,0x67dd18ac,0,0x00
18057,0x000618ad,0x67dd18ad,-1,0xff
18058,0x000618ae,0x67dd18ae,-1,0xff
18059,0x000618af,0x67dd18af,-1,0xff
18060,0x000618b0,0x67dd18b0,0,0x00
18061,0x000618b1,0x67dd18b1,-1,0xff
18062,0x000618b2,0x67dd18b2,-1,0xff
18063,0x000618b3,0x67dd18b3,-1,0xff
18064,0x000618b4,0x67dd18b4,0,0x00
18065,0x000618b5,0x67dd18b5,2,0x02
18066,0x000618b6,0x67dd18b6,2,0x02
18067,0x000618b7,0x67dd18b7,-2,0xfe
18068,0x000618b8,0x67dd18b8,0,0x00
18069,0x000618b9,0x67dd18b9,2,0x02
18070,0x000618ba,0x67dd18ba,2,0x02
18071,0x000618bb,0x67dd18bb,0,0x00
18072,0x000618bc,0x67dd18bc,1,0x01
18073,0x000618bd,0x67dd18bd,2,0x02
18074,0x000618be,0x67dd18be,2,0x02
18075,0x000618bf,0x67dd18bf,2,0x02
18076,0x000618c0,0x67dd18c0,1,0x01
18077,0x000618c1,0x67dd18c1,0,0x00
18078,0x000618c2,0x67dd18c2,-1,0xff
18079,0x000618c3,0x67dd18c3,-2,0xfe
18080,0x000618c4,0x67dd18c4,-3,0xfd
18081,0x000618c5,0x67dd18c5,-3,0xfd
18082,0x000618c6,0x67dd18c6,-7,0xf9
18083,0x000618c7,0x67dd18c7,-8,0xf8
18084,0x000618c8,0x67dd18c8,1,0x01
18085,0x000618c9,0x67dd18c9,2,0x02
18086,0x000618ca,0x67dd18ca,1,0x01
18087,0x000618cb,0x67dd18cb,1,0x01
18088,0x000618cc,0x67dd18cc,3,0x03
18089,0x000618cd,0x67dd18cd,1,0x01
18090,0x000618ce,0x67dd18ce,0,0x00
18091,0x000618cf,0x67dd18cf,3,0x03
18092,0x000618d0,0x67dd18d0,-1,0xff
18093,0x000618d1,0x67dd18d1,-2,0xfe
18094,0x000618d2,0x67dd18d2,0,0x00
18095,0x000618d3,0x67dd18d3,5,0x05
18096,0x000618d4,0x67dd18d4,-11,0xf5
18097,0x000618d5,0x67dd18d5,-6,0xfa
18098,0x000618d6,0x67dd18d6,-1,0xff
18099,0x000618d7,0x67dd18d7,1,0x01
18100,0x000618d8,0x67dd18d8,1,0x01
18101,0x000618d9,0x67dd18d9,4,0x04
18102,0x000618da,0x67dd18da,3,0x03
18103,0x000618db,0x67dd18db,-1,0xff
18104,0x000618dc,0x67dd18dc,2,0x02
18105,0x000618dd,0x67dd18dd,2,0x02
18106,0x000618de,0x67dd18de,1,0x01
18107,0x000618df,0x67dd18df,-1,0xff
18108,0x000618e0,0x67dd18e0,0,0x00
18109,0x000618e1,0x67dd18e1,0,0x00
18110,0x000618e2,0x67dd18e2,-1,0xff
18111,0x000618e3,0x67dd18e3,-1,0xff
18112,0x000618e4,0x67dd18e4,2,0x02
18113,0x000618e5,0x67dd18e5,3,0x03
18114,0x000618e6,0x67dd18e6,1,0x01
18115,0x000618e7,0x67dd18e7,-3,0xfd
18116,0x000618e8,0x67dd18e8,-2,0xfe
18117,0x000618e9,0x67dd18e9,1,0x01
18118,0x000618ea,0x67dd18ea,2,0x02
18119,0x000618eb,0x67dd18eb,-1,0xff
18120,0x000618ec,0x67dd18ec,-2,0xfe
18121,0x000618ed,0x67dd18ed,0,0x00
18122,0x000618ee,0x67dd18ee,1,0x01
18123,0x000618ef,0x67dd18ef,-1,0xff
18124,0x000618f0,0x67dd18f0,0,0x00
18125,0x000618f1,0x67dd18f1,2,0x02
18126,0x000618f2,0x67dd18f2,3,0x03
18127,0x000618f3,0x67dd18f3,2,0x02
18128,0x000618f4,0x67dd18f4,1,0x01
18129,0x000618f5,0x67dd18f5,1,0x01
18130,0x000618f6,0x67dd18f6,2,0x02
18131,0x000618f7,0x67dd18f7,1,0x01
18132,0x000618f8,0x67dd18f8,0,0x00
18133,0x000618f9,0x67dd18f9,0,0x00
18134,0x000618fa,0x67dd18fa,0,0x00
18135,0x000618fb,0x67dd18fb,-2,0xfe
18136,0x000618fc,0x67dd18fc,-2,0xfe
18137,0x000618fd,0x67dd18fd,-3,0xfd
18138,0x000618fe,0x67dd18fe,0,0x00
18139,0x000618ff,0x67dd18ff,0,0x00
18140,0x00061900,0x67dd1900,0,0x00
18141,0x00061901,0x67dd1901,2,0x02
18142,0x00061902,0x67dd1902,5,0x05
18143,0x00061903,0x67dd1903,5,0x05
18144,0x00061904,0x67dd1904,-1,0xff
18145,0x00061905,0x67dd1905,1,0x01
18146,0x00061906,0x67dd1906,0,0x00
18147,0x00061907,0x67dd1907,-4,0xfc
18148,0x00061908,0x67dd1908,-2,0xfe
18149,0x00061909,0x67dd1909,2,0x02
18150,0x0006190a,0x67dd190a,4,0x04
18151,0x0006190b,0x67dd190b,-2,0xfe
18152,0x0006190c,0x67dd190c,-1,0xff
18153,0x0006190d,0x67dd190d,2,0x02
18154,0x0006190e,0x67dd190e,1,0x01
18155,0x0006190f,0x67dd190f,-6,0xfa
18156,0x00061910,0x67dd1910,3,0x03
18157,0x00061911,0x67dd1911,2,0x02
18158,0x00061912,0x67dd1912,-1,0xff
18159,0x00061913,0x67dd1913,-7,0xf9
18160,0x00061914,0x67dd1914,4,0x04
18161,0x00061915,0x67dd1915,2,0x02
18162,0x00061916,0x67dd1916,0,0x00
18163,0x00061917,0x67dd1917,0,0x00
18164,0x00061918,0x67dd1918,0,0x00
18165,0x00061919,0x67dd1919,-1,0xff
18166,0x0006191a,0x67dd191a,-1,0xff
18167,0x0006191b,0x67dd191b,3,0x03
18168,0x0006191c,0x67dd191c,-2,0xfe
18169,0x0006191d,0x67dd191d,-2,0xfe
18170,0x0006191e,0x67dd191e,0,0x00
18171,0x0006191f,0x67dd191f,2,0x02
18172,0x00061920,0x67dd1920,-1,0xff
18173,0x00061921,0x67dd1921,0,0x00
18174,0x00061922,0x67dd1922,-1,0xff
18175,0x00061923,0x67dd1923,-5,0xfb
18176,0x00061924,0x67dd1924,3,0x03
18177,0x00061925,0x67dd1925,3,0x03
18178,0x00061926,0x67dd1926,1,0x01
18179,0x00061927,0x67dd1927,-1,0xff
18180,0x00061928,0x67dd1928,6,0x06
18181,0x00061929,0x67dd1929,4,0x04
18182,0x0006192a,0x67dd192a,1,0x01
18183,0x0006192b,0x67dd192b,-1,0xff
18184,0x0006192c,0x67dd192c,2,0x02
18185,0x0006192d,0x67dd192d,0,0x00
18186,0x0006192e,0x67dd192e,-2,0xfe
18187,0x0006192f,0x67dd192f,-2,0xfe
18188,0x00061930,0x67dd1930,-7,0xf9
18189,0x00061931,0x67dd1931,-5,0xfb
18190,0x00061932,0x67dd1932,-1,0xff
18191,0x00061933,0x67dd1933,1,0x01
18192,0x00061934,0x67dd1934,5,0x05
18193,0x00061935,0x67dd1935,-1,0xff
18194,0x00061936,0x67dd1936,-2,0xfe
18195,0x00061937,0x67dd1937,0,0x00
18196,0x00061938,0x67dd1938,0,0x00
18197,0x00061939,0x67dd1939,-5,0xfb
18198,0x0006193a,0x67dd193a,-2,0xfe
18199,0x0006193b,0x67dd193b,2,0x02
18200,0x0006193c,0x67dd193c,6,0x06
18201,0x0006193d,0x67dd193d,1,0x01
18202,0x0006193e,0x67dd193e,0,0x00
18203,0x0006193f,0x67dd193f,1,0x01
18204,0x00061940,0x67dd1940,2,0x02
18205,0x00061941,0x67dd1941,-3,0xfd
18206,0x00061942,0x67dd1942,-3,0xfd
18207,0x00061943,0x67dd1943,0,0x00
18208,0x00061944,0x67dd1944,2,0x02
18209,0x00061945,0x67dd1945,4,0x04
18210,0x00061946,0x67dd1946,2,0x02
18211,0x00061947,0x67dd1947,-5,0xfb
18212,0x00061948,0x67dd1948,1,0x01
18213,0x00061949,0x67dd1949,2,0x02
18214,0x0006194a,0x67dd194a,0,0x00
18215,0x0006194b,0x67dd194b,-6,0xfa
18216,0x0006194c,0x67dd194c,-2,0xfe
18217,0x0006194d,0x67dd194d,-1,0xff
18218,0x0006194e,0x67dd194e,4,0x04
18219,0x0006194f,0x67dd194f,2,0x02
18220,0x00061950,0x67dd1950,-1,0xff
18221,0x00061951,0x67dd1951,-2,0xfe
18222,0x00061952,0x67dd1952,0,0x00
18223,0x00061953,0x67dd1953,0,0x00
18224,0x00061954,0x67dd1954,1,0x01
18225,0x00061955,0x67dd1955,-1,0xff
18226,0x00061956,0x67dd1956,0,0x00
18227,0x00061957,0x67dd1957,2,0x02
18228,0x00061958,0x67dd1958,2,0x02
18229,0x00061959,0x67dd1959,-1,0xff
18230,0x0006195a,0x67dd195a,-1,0xff
18231,0x0006195b,0x67dd195b,0,0x00
18232,0x0006195c,0x67dd195c,0,0x00
18233,0x0006195d,0x67dd195d,-2,0xfe
18234,0x0006195e,0x67dd195e,-1,0xff
18235,0x0006195f,0x67dd195f,0,0x00
18236,0x00061960,0x67dd1960,1,0x01
18237,0x00061961,0x67dd1961,-1,0xff
18238,0x00061962,0x67dd1962,-1,0xff
18239,0x00061963,0x67dd1963,-1,0xff
18240,0x00061964,0x67dd1964,0,0x00
18241,0x00061965,0x67dd1965,0,0x00
18242,0x00061966,0x67dd1966,6,0x06
18243,0x00061967,0x67dd1967,11,0x0b
18244,0x00061968,0x67dd1968,-3,0xfd
18245,0x00061969,0x67dd1969,-2,0xfe
18246,0x0006196a,0x67dd196a,3,0x03
18247,0x0006196b,0x67dd196b,5,0x05
18248,0x0006196c,0x67dd196c,-1,0xff
18249,0x0006196d,0x67dd196d,0,0x00
18250,0x0006196e,0x67dd196e,0,0x00
18251,0x0006196f,0x67dd196f,-3,0xfd
18252,0x00061970,0x67dd1970,-2,0xfe
18253,0x00061971,0x67dd1971,-1,0xff
18254,0x00061972,0x67dd1972,-3,0xfd
18255,0x00061973,0x67dd1973,-7,0xf9
18256,0x00061974,0x67dd1974,1,0x01
18257,0x00061975,0x67dd1975,1,0x01
18258,0x00061976,0x67dd1976,-2,0xfe
18259,0x00061977,0x67dd1977,-2,0xfe
18260,0x00061978,0x67dd1978,-1,0xff
18261,0x00061979,0x67dd1979,2,0x02
18262,0x0006197a,0x67dd197a,0,0x00
18263,0x0006197b,0x67dd197b,-1,0xff
18264,0x0006197c,0x67dd197c,-4,0xfc
18265,0x0006197d,0x67dd197d,2,0x02
18266,0x0006197e,0x67dd197e,3,0x03
18267,0x0006197f,0x67dd197f,-1,0xff
18268,0x00061980,0x67dd1980,-11,0xf5
18269,0x00061981,0x67dd1981,-2,0xfe
18270,0x00061982,0x67dd1982,4,0x04
18271,0x00061983,0x67dd1983,5,0x05
18272,0x00061984,0x67dd1984,1,0x01
18273,0x00061985,0x67dd1985,3,0x03
18274,0x00061986,0x67dd1986,1,0x01
18275,0x00061987,0x67dd1987,-2,0xfe
18276,0x00061988,0x67dd1988,-1,0xff
18277,0x00061989,0x67dd1989,1,0x01
18278,0x0006198a,0x67dd198a,0,0x00
18279,0x0006198b,0x67dd198b,0,0x00
18280,0x0006198c,0x67dd198c,-2,0xfe
18281,0x0006198d,0x67dd198d,-2,0xfe
18282,0x0006198e,0x67dd198e,0,0x00
18283,0x0006198f,0x67dd198f,1,0x01
18284,0x00061990,0x67dd1990,6,0x06
18285,0x00061991,0x67dd1991,2,0x02
18286,0x00061992,0x67dd1992,-1,0xff
18287,0x00061993,0x67dd1993,-2,0xfe
18288,0x00061994,0x67dd1994,-6,0xfa
18289,0x00061995,0x67dd1995,-2,0xfe
18290,0x00061996,0x67dd1996,1,0x01
18291,0x00061997,0x67dd1997,-1,0xff
18292,0x00061998,0x67dd1998,-3,0xfd
18293,0x00061999,0x67dd1999,0,0x00
18294,0x0006199a,0x67dd199a,3,0x03
18295,0x0006199b,0x67dd199b,3,0x03
18296,0x0006199c,0x67dd199c,1,0x01
18297,0x0006199d,0x67dd199d,1,0x01
18298,0x0006199e,0x67dd199e,0,0x00
18299,0x0006199f,0x67dd199f,0,0x00
18300,0x000619a0,0x67dd19a0,2,0x02
18301,0x000619a1,0x67dd19a1,0,0x00
18302,0x000619a2,0x67dd19a2,-3,0xfd
18303,0x000619a3,0x67dd19a3,-3,0xfd
18304,0x000619a4,0x67dd19a4,-3,0xfd
18305,0x000619a5,0x67dd19a5,-4,0xfc
18306,0x000619a6,0x67dd19a6,1,0x01
18307,0x000619a7,0x67dd19a7,9,0x09
18308,0x000619a8,0x67dd19a8,2,0x02
18309,0x000619a9,0x67dd19a9,-3,0xfd
18310,0x000619aa,0x67dd19aa,-3,0xfd
18311,0x000619ab,0x67dd19ab,3,0x03
18312,0x000619ac,0x67dd19ac,1,0x01
18313,0x000619ad,0x67dd19ad,-1,0xff
18314,0x000619ae,0x67dd19ae,-2,0xfe
18315,0x000619af,0x67dd19af,3,0x03
18316,0x000619b0,0x67dd19b0,0,0x00
18317,0x000619b1,0x67dd19b1,-1,0xff
18318,0x000619b2,0x67dd19b2,-1,0xff
18319,0x000619b3,0x67dd19b3,3,0x03
18320,0x000619b4,0x67dd19b4,1,0x01
18321,0x000619b5,0x67dd19b5,-1,0xff
18322,0x000619b6,0x67dd19b6,-3,0xfd
18323,0x000619b7,0x67dd19b7,1,0x01
18324,0x000619b8,0x67dd19b8,0,0x00
18325,0x000619b9,0x67dd19b9,-2,0xfe
18326,0x000619ba,0x67dd19ba,-5,0xfb
18327,0x000619bb,0x67dd19bb,-2,0xfe
18328,0x000619bc,0x67dd19bc,2,0x02
18329,0x000619bd,0x67dd19bd,2,0x02
18330,0x000619be,0x67dd19be,1,0x01
18331,0x000619bf,0x67dd19bf,-2,0xfe
18332,0x000619c0,0x67dd19c0,-1,0xff
18333,0x000619c1,0x67dd19c1,1,0x01
18334,0x000619c2,0x67dd19c2,1,0x01
18335,0x000619c3,0x67dd19c3,-2,0xfe
18336,0x000619c4,0x67dd19c4,2,0x02
18337,0x000619c5,0x67dd19c5,-6,0xfa
18338,0x000619c6,0x67dd19c6,-4,0xfc
18339,0x000619c7,0x67dd19c7,6,0x06
18340,0x000619c8,0x67dd19c8,0,0x00
18341,0x000619c9,0x67dd19c9,-3,0xfd
18342,0x000619ca,0x67dd19ca,-2,0xfe
18343,0x000619cb,0x67dd19cb,3,0x03
18344,0x000619cc,0x67dd19cc,-2,0xfe
18345,0x000619cd,0x67dd19cd,1,0x01
18346,0x000619ce,0x67dd19ce,2,0x02
18347,0x000619cf,0x67dd19cf,-1,0xff
18348,0x000619d0,0x67dd19d0,-1,0xff
18349,0x000619d1,0x67dd19d1,6,0x06
18350,0x000619d2,0x67dd19d2,7,0x07
18351,0x000619d3,0x67dd19d3,-1,0xff
18352,0x000619d4,0x67dd19d4,1,0x01
18353,0x000619d5,0x67dd19d5,0,0x00
18354,0x000619d6,0x67dd19d6,-4,0xfc
18355,0x000619d7,0x67dd19d7,-2,0xfe
18356,0x000619d8,0x67dd19d8,-4,0xfc
18357,0x000619d9,0x67dd19d9,0,0x00
18358,0x000619da,0x67dd19da,-3,0xfd
18359,0x000619db,0x67dd19db,-2,0xfe
18360,0x000619dc,0x67dd19dc,-3,0xfd
18361,0x000619dd,0x67dd19dd,4,0x04
18362,0x000619de,0x67dd19de,3,0x03
18363,0x000619df,0x67dd19df,1,0x01
18364,0x000619e0,0x67dd19e0,-3,0xfd
18365,0x000619e1,0x67dd19e1,4,0x04
18366,0x000619e2,0x67dd19e2,1,0x01
18367,0x000619e3,0x67dd19e3,-4,0xfc
18368,0x000619e4,0x67dd19e4,1,0x01
18369,0x000619e5,0x67dd19e5,-2,0xfe
18370,0x000619e6,0x67dd19e6,-3,0xfd
18371,0x000619e7,0x67dd19e7,1,0x01
18372,0x000619e8,0x67dd19e8,2,0x02
18373,0x000619e9,0x67dd19e9,0,0x00
18374,0x000619ea,0x67dd19ea,-3,0xfd
18375,0x000619eb,0x67dd19eb,0,0x00
18376,0x000619ec,0x67dd19ec,8,0x08
18377,0x000619ed,0x67dd19ed,7,0x07
18378,0x000619ee,0x67dd19ee,0,0x00
18379,0x000619ef,0x67dd19ef,-1,0xff
18380,0x000619f0,0x67dd19f0,2,0x02
18381,0x000619f1,0x67dd19f1,3,0x03
18382,0x000619f2,0x67dd19f2,-2,0xfe
18383,0x000619f3,0x67dd19f3,-3,0xfd
18384,0x000619f4,0x67dd19f4,-3,0xfd
18385,0x000619f5,0x67dd19f5,6,0x06
18386,0x000619f6,0x67dd19f6,1,0x01
18387,0x000619f7,0x67dd19f7,-4,0xfc
18388,0x000619f8,0x67dd19f8,-2,0xfe
18389,0x000619f9,0x67dd19f9,4,0x04
18390,0x000619fa,0x67dd19fa,-3,0xfd
18391,0x000619fb,0x67dd19fb,-3,0xfd
18392,0x000619fc,0x67dd19fc,1,0x01
18393,0x000619fd,0x67dd19fd,2,0x02
18394,0x000619fe,0x67dd19fe,-4,0xfc
18395,0x000619ff,0x67dd19ff,2,0x02
18396,0x00061a00,0x67dd1a00,3,0x03
18397,0x00061a01,0x67dd1a01,-1,0xff
18398,0x00061a02,0x67dd1a02,-4,0xfc
18399,0x00061a03,0x67dd1a03,5,0x05
18400,0x00061a04,0x67dd1a04,1,0x01
18401,0x00061a05,0x67dd1a05,1,0x01
18402,0x00061a06,0x67dd1a06,-1,0xff
18403,0x00061a07,0x67dd1a07,-1,0xff
18404,0x00061a08,0x67dd1a08,3,0x03
18405,0x00061a09,0x67dd1a09,0,0x00
18406,0x00061a0a,0x67dd1a0a,-1,0xff
18407,0x00061a0b,0x67dd1a0b,-1,0xff
18408,0x00061a0c,0x67dd1a0c,4,0x04
18409,0x00061a0d,0x67dd1a0d,-3,0xfd
18410,0x00061a0e,0x67dd1a0e,-1,0xff
18411,0x00061a0f,0x67dd1a0f,2,0x02
18412,0x00061a10,0x67dd1a10,4,0x04
18413,0x00061a11,0x67dd1a11,-6,0xfa
18414,0x00061a12,0x67dd1a12,-3,0xfd
18415,0x00061a13,0x67dd1a13,2,0x02
18416,0x00061a14,0x67dd1a14,-11,0xf5
18417,0x00061a15,0x67dd1a15,-3,0xfd
18418,0x00061a16,0x67dd1a16,3,0x03
18419,0x00061a17,0x67dd1a17,6,0x06
18420,0x00061a18,0x67dd1a18,-10,0xf6
18421,0x00061a19,0x67dd1a19,-1,0xff
18422,0x00061a1a,0x67dd1a1a,5,0x05
18423,0x00061a1b,0x67dd1a1b,7,0x07
18424,0x00061a1c,0x67dd1a1c,-9,0xf7
18425,0x00061a1d,0x67dd1a1d,-1,0xff
18426,0x00061a1e,0x67dd1a1e,6,0x06
18427,0x00061a1f,0x67dd1a1f,7,0x07
18428,0x00061a20,0x67dd1a20,-9,0xf7
18429,0x00061a21,0x67dd1a21,-1,0xff
18430,0x00061a22,0x67dd1a22,4,0x04
18431,0x00061a23,0x67dd1a23,6,0x06
18432,0x00061a24,0x67dd1a24,5,0x05
18433,0x00061a25,0x67dd1a25,7,0x07
18434,0x00061a26,0x67dd1a26,0,0x00
18435,0x00061a27,0x67dd1a27,-14,0xf2
18436,0x00061a28,0x67dd1a28,6,0x06
18437,0x00061a29,0x67dd1a29,9,0x09
18438,0x00061a2a,0x67dd1a2a,2,0x02
18439,0x00061a2b,0x67dd1a2b,-15,0xf1
18440,0x00061a2c,0x67dd1a2c,6,0x06
18441,0x00061a2d,0x67dd1a2d,9,0x09
18442,0x00061a2e,0x67dd1a2e,2,0x02
18443,0x00061a2f,0x67dd1a2f,-15,0xf1
18444,0x00061a30,0x67dd1a30,4,0x04
18445,0x00061a31,0x67dd1a31,6,0x06
18446,0x00061a32,0x67dd1a32,0,0x00
18447,0x00061a33,0x67dd1a33,-14,0xf2
18448,0x00061a34,0x67dd1a34,16,0x10
18449,0x00061a35,0x67dd1a35,3,0x03
18450,0x00061a36,0x67dd1a36,-5,0xfb
18451,0x00061a37,0x67dd1a37,-6,0xfa
18452,0x00061a38,0x67dd1a38,16,0x10
18453,0x00061a39,0x67dd1a39,1,0x01
18454,0x00061a3a,0x67dd1a3a,-8,0xf8
18455,0x00061a3b,0x67dd1a3b,-8,0xf8
18456,0x00061a3c,0x67dd1a3c,14,0x0e
18457,0x00061a3d,0x67dd1a3d,-1,0xff
18458,0x00061a3e,0x67dd1a3e,-9,0xf7
18459,0x00061a3f,0x67dd1a3f,-9,0xf7
18460,0x00061a40,0x67dd1a40,12,0x0c
18461,0x00061a41,0x67dd1a41,0,0x00
18462,0x00061a42,0x67dd1a42,-8,0xf8
18463,0x00061a43,0x67dd1a43,-8,0xf8
18464,0x00061a44,0x67dd1a44,8,0x08
18465,0x00061a45,0x67dd1a45,12,0x0c
18466,0x00061a46,0x67dd1a46,16,0x10
18467,0x00061a47,0x67dd1a47,17,0x11
18468,0x00061a48,0x67dd1a48,-2,0xfe
18469,0x00061a49,0x67dd1a49,2,0x02
18470,0x00061a4a,0x67dd1a4a,6,0x06
18471,0x00061a4b,0x67dd1a4b,9,0x09
18472,0x00061a4c,0x67dd1a4c,-10,0xf6
18473,0x00061a4d,0x67dd1a4d,-8,0xf8
18474,0x00061a4e,0x67dd1a4e,-4,0xfc
18475,0x00061a4f,0x67dd1a4f,0,0x00
18476,0x00061a50,0x67dd1a50,-15,0xf1
18477,0x00061a51,0x67dd1a51,-14,0xf2
18478,0x00061a52,0x67dd1a52,-11,0xf5
18479,0x00061a53,0x67dd1a53,-7,0xf9
18480,0x00061a54,0x67dd1a54,-7,0xf9
18481,0x00061a55,0x67dd1a55,-10,0xf6
18482,0x00061a56,0x67dd1a56,-2,0xfe
18483,0x00061a57,0x67dd1a57,16,0x10
18484,0x00061a58,0x67dd1a58,-7,0xf9
18485,0x00061a59,0x67dd1a59,-11,0xf5
18486,0x00061a5a,0x67dd1a5a,-3,0xfd
18487,0x00061a5b,0x67dd1a5b,18,0x12
18488,0x00061a5c,0x67dd1a5c,-7,0xf9
18489,0x00061a5d,0x67dd1a5d,-11,0xf5
18490,0x00061a5e,0x67dd1a5e,-1,0xff
18491,0x00061a5f,0x67dd1a5f,20,0x14
18492,0x00061a60,0x67dd1a60,-6,0xfa
18493,0x00061a61,0x67dd1a61,-8,0xf8
18494,0x00061a62,0x67dd1a62,1,0x01
18495,0x00061a63,0x67dd1a63,19,0x13
18496,0x00061a64,0x67dd1a64,-9,0xf7
18497,0x00061a65,0x67dd1a65,-13,0xf3
18498,0x00061a66,0x67dd1a66,-16,0xf0
18499,0x00061a67,0x67dd1a67,-17,0xef
18500,0x00061a68,0x67dd1a68,2,0x02
18501,0x00061a69,0x67dd1a69,-2,0xfe
18502,0x00061a6a,0x67dd1a6a,-7,0xf9
18503,0x00061a6b,0x67dd1a6b,-9,0xf7
18504,0x00061a6c,0x67dd1a6c,11,0x0b
18505,0x00061a6d,0x67dd1a6d,8,0x08
18506,0x00061a6e,0x67dd1a6e,4,0x04
18507,0x00061a6f,0x67dd1a6f,-1,0xff
18508,0x00061a70,0x67dd1a70,16,0x10
18509,0x00061a71,0x67dd1a71,15,0x0f
18510,0x00061a72,0x67dd1a72,11,0x0b
18511,0x00061a73,0x67dd1a73,7,0x07
18512,0x00061a74,0x67dd1a74,-22,0xea
18513,0x00061a75,0x67dd1a75,-2,0xfe
18514,0x00061a76,0x67dd1a76,13,0x0d
18515,0x00061a77,0x67dd1a77,15,0x0f
18516,0x00061a78,0x67dd1a78,-24,0xe8
18517,0x00061a79,0x67dd1a79,-2,0xfe
18518,0x00061a7a,0x67dd1a7a,14,0x0e
18519,0x00061a7b,0x67dd1a7b,16,0x10
18520,0x00061a7c,0x67dd1a7c,-25,0xe7
18521,0x00061a7d,0x67dd1a7d,-4,0xfc
18522,0x00061a7e,0x67dd1a7e,13,0x0d
18523,0x00061a7f,0x67dd1a7f,15,0x0f
18524,0x00061a80,0x67dd1a80,-25,0xe7
18525,0x00061a81,0x67dd1a81,-6,0xfa
18526,0x00061a82,0x67dd1a82,10,0x0a
18527,0x00061a83,0x67dd1a83,13,0x0d
18528,0x00061a84,0x67dd1a84,26,0x1a
18529,0x00061a85,0x67dd1a85,26,0x1a
18530,0x00061a86,0x67dd1a86,22,0x16
18531,0x00061a87,0x67dd1a87,16,0x10
18532,0x00061a88,0x67dd1a88,17,0x11
18533,0x00061a89,0x67dd1a89,15,0x0f
18534,0x00061a8a,0x67dd1a8a,9,0x09
18535,0x00061a8b,0x67dd1a8b,3,0x03
18536,0x00061a8c,0x67dd1a8c,-2,0xfe
18537,0x00061a8d,0x67dd1a8d,-6,0xfa
18538,0x00061a8e,0x67dd1a8e,-11,0xf5
18539,0x00061a8f,0x67dd1a8f,-14,0xf2
18540,0x00061a90,0x67dd1a90,-20,0xec
18541,0x00061a91,0x67dd1a91,-25,0xe7
18542,0x00061a92,0x67dd1a92,-28,0xe4
18543,0x00061a93,0x67dd1a93,-28,0xe4
18544,0x00061a94,0x67dd1a94,-27,0xe5
18545,0x00061a95,0x67dd1a95,-27,0xe5
18546,0x00061a96,0x67dd1a96,-25,0xe7
18547,0x00061a97,0x67dd1a97,-21,0xeb
18548,0x00061a98,0x67dd1a98,-16,0xf0
18549,0x00061a99,0x67dd1a99,-15,0xf1
18550,0x00061a9a,0x67dd1a9a,-11,0xf5
18551,0x00061a9b,0x67dd1a9b,-7,0xf9
18552,0x00061a9c,0x67dd1a9c,3,0x03
18553,0x00061a9d,0x67dd1a9d,8,0x08
18554,0x00061a9e,0x67dd1a9e,12,0x0c
18555,0x00061a9f,0x67dd1a9f,13,0x0d
18556,0x00061aa0,0x67dd1aa0,23,0x17
18557,0x00061aa1,0x67dd1aa1,28,0x1c
18558,0x00061aa2,0x67dd1aa2,31,0x1f
18559,0x00061aa3,0x67dd1aa3,30,0x1e
18560,0x00061aa4,0x67dd1aa4,20,0x14
18561,0x00061aa5,0x67dd1aa5,16,0x10
18562,0x00061aa6,0x67dd1aa6,-7,0xf9
18563,0x00061aa7,0x67dd1aa7,-33,0xdf
18564,0x00061aa8,0x67dd1aa8,22,0x16
18565,0x00061aa9,0x67dd1aa9,19,0x13
18566,0x00061aaa,0x67dd1aaa,-6,0xfa
18567,0x00061aab,0x67dd1aab,-35,0xdd
18568,0x00061aac,0x67dd1aac,22,0x16
18569,0x00061aad,0x67dd1aad,19,0x13
18570,0x00061aae,0x67dd1aae,-6,0xfa
18571,0x00061aaf,0x67dd1aaf,-34,0xde
18572,0x00061ab0,0x67dd1ab0,20,0x14
18573,0x00061ab1,0x67dd1ab1,17,0x11
18574,0x00061ab2,0x67dd1ab2,-6,0xfa
18575,0x00061ab3,0x67dd1ab3,-32,0xe0
18576,0x00061ab4,0x67dd1ab4,-20,0xec
18577,0x00061ab5,0x67dd1ab5,-20,0xec
18578,0x00061ab6,0x67dd1ab6,2,0x02
18579,0x00061ab7,0x67dd1ab7,38,0x26
18580,0x00061ab8,0x67dd1ab8,-21,0xeb
18581,0x00061ab9,0x67dd1ab9,-22,0xea
18582,0x00061aba,0x67dd1aba,2,0x02
18583,0x00061abb,0x67dd1abb,40,0x28
18584,0x00061abc,0x67dd1abc,-21,0xeb
18585,0x00061abd,0x67dd1abd,-22,0xea
18586,0x00061abe,0x67dd1abe,2,0x02
18587,0x00061abf,0x67dd1abf,40,0x28
18588,0x00061ac0,0x67dd1ac0,-20,0xec
18589,0x00061ac1,0x67dd1ac1,-20,0xec
18590,0x00061ac2,0x67dd1ac2,3,0x03
18591,0x00061ac3,0x67dd1ac3,38,0x26
18592,0x00061ac4,0x67dd1ac4,-47,0xd1
18593,0x00061ac5,0x67dd1ac5,-4,0xfc
18594,0x00061ac6,0x67dd1ac6,24,0x18
18595,0x00061ac7,0x67dd1ac7,26,0x1a
18596,0x00061ac8,0x67dd1ac8,-50,0xce
18597,0x00061ac9,0x67dd1ac9,-3,0xfd
18598,0x00061aca,0x67dd1aca,26,0x1a
18599,0x00061acb,0x67dd1acb,27,0x1b
18600,0x00061acc,0x67dd1acc,-50,0xce
18601,0x00061acd,0x67dd1acd,-3,0xfd
18602,0x00061ace,0x67dd1ace,26,0x1a
18603,0x00061acf,0x67dd1acf,27,0x1b
18604,0x00061ad0,0x67dd1ad0,-47,0xd1
18605,0x00061ad1,0x67dd1ad1,-4,0xfc
18606,0x00061ad2,0x67dd1ad2,24,0x18
18607,0x00061ad3,0x67dd1ad3,26,0x1a
18608,0x00061ad4,0x67dd1ad4,45,0x2d
18609,0x00061ad5,0x67dd1ad5,6,0x06
18610,0x00061ad6,0x67dd1ad6,-23,0xe9
18611,0x00061ad7,0x67dd1ad7,-27,0xe5
18612,0x00061ad8,0x67dd1ad8,48,0x30
18613,0x00061ad9,0x67dd1ad9,5,0x05
18614,0x00061ada,0x67dd1ada,-25,0xe7
18615,0x00061adb,0x67dd1adb,-28,0xe4
18616,0x00061adc,0x67dd1adc,48,0x30
18617,0x00061add,0x67dd1add,5,0x05
18618,0x00061ade,0x67dd1ade,-26,0xe6
18619,0x00061adf,0x67dd1adf,-28,0xe4
18620,0x00061ae0,0x67dd1ae0,44,0x2c
18621,0x00061ae1,0x67dd1ae1,6,0x06
18622,0x00061ae2,0x67dd1ae2,-24,0xe8
18623,0x00061ae3,0x67dd1ae3,-27,0xe5
18624,0x00061ae4,0x67dd1ae4,-30,0xe2
18625,0x00061ae5,0x67dd1ae5,-36,0xdc
18626,0x00061ae6,0x67dd1ae6,-10,0xf6
18627,0x00061ae7,0x67dd1ae7,76,0x4c
18628,0x00061ae8,0x67dd1ae8,-31,0xe1
18629,0x00061ae9,0x67dd1ae9,-37,0xdb
18630,0x00061aea,0x67dd1aea,-11,0xf5
18631,0x00061aeb,0x67dd1aeb,78,0x4e
18632,0x00061aec,0x67dd1aec,-31,0xe1
18633,0x00061aed,0x67dd1aed,-37,0xdb
18634,0x00061aee,0x67dd1aee,-11,0xf5
18635,0x00061aef,0x67dd1aef,78,0x4e
18636,0x00061af0,0x67dd1af0,-31,0xe1
18637,0x00061af1,0x67dd1af1,-36,0xdc
18638,0x00061af2,0x67dd1af2,-10,0xf6
18639,0x00061af3,0x67dd1af3,77,0x4d
18640,0x00061af4,0x67dd1af4,-53,0xcb
18641,0x00061af5,0x67dd1af5,-32,0xe0
18642,0x00061af6,0x67dd1af6,35,0x23
18643,0x00061af7,0x67dd1af7,52,0x34
18644,0x00061af8,0x67dd1af8,-54,0xca
18645,0x00061af9,0x67dd1af9,-34,0xde
18646,0x00061afa,0x67dd1afa,36,0x24
18647,0x00061afb,0x67dd1afb,52,0x34
18648,0x00061afc,0x67dd1afc,-54,0xca
18649,0x00061afd,0x67dd1afd,-34,0xde
18650,0x00061afe,0x67dd1afe,36,0x24
18651,0x00061aff,0x67dd1aff,52,0x34
18652,0x00061b00,0x67dd1b00,-53,0xcb
18653,0x00061b01,0x67dd1b01,-33,0xdf
18654,0x00061b02,0x67dd1b02,34,0x22
18655,0x00061b03,0x67dd1b03,51,0x33
18656,0x00061b04,0x67dd1b04,-93,0xa3
18657,0x00061b05,0x67dd1b05,-34,0xde
18658,0x00061b06,0x67dd1b06,62,0x3e
18659,0x00061b07,0x67dd1b07,65,0x41
18660,0x00061b08,0x67dd1b08,-93,0xa3
18661,0x00061b09,0x67dd1b09,-34,0xde
18662,0x00061b0a,0x67dd1b0a,62,0x3e
18663,0x00061b0b,0x67dd1b0b,66,0x42
18664,0x00061b0c,0x67dd1b0c,-93,0xa3
18665,0x00061b0d,0x67dd1b0d,-34,0xde
18666,0x00061b0e,0x67dd1b0e,62,0x3e
18667,0x00061b0f,0x67dd1b0f,65,0x41
18668,0x00061b10,0x67dd1b10,-93,0xa3
18669,0x00061b11,0x67dd1b11,-34,0xde
18670,0x00061b12,0x67dd1b12,60,0x3c
18671,0x00061b13,0x67dd1b13,64,0x40
18672,0x00061b14,0x67dd1b14,-7,0xf9
18673,0x00061b15,0x67dd1b15,0,0x00
18674,0x00061b16,0x67dd1b16,2,0x02
18675,0x00061b17,0x67dd1b17,2,0x02
18676,0x00061b18,0x67dd1b18,-8,0xf8
18677,0x00061b19,0x67dd1b19,-1,0xff
18678,0x00061b1a,0x67dd1b1a,3,0x03
18679,0x00061b1b,0x67dd1b1b,3,0x03
18680,0x00061b1c,0x67dd1b1c,-8,0xf8
18681,0x00061b1d,0x67dd1b1d,0,0x00
18682,0x00061b1e,0x67dd1b1e,4,0x04
18683,0x00061b1f,0x67dd1b1f,5,0x05
18684,0x00061b20,0x67dd1b20,-6,0xfa
18685,0x00061b21,0x67dd1b21,1,0x01
18686,0x00061b22,0x67dd1b22,5,0x05
18687,0x00061b23,0x67dd1b23,5,0x05
18688,0x00061b24,0x67dd1b24,3,0x03
18689,0x00061b25,0x67dd1b25,7,0x07
18690,0x00061b26,0x67dd1b26,11,0x0b
18691,0x00061b27,0x67dd1b27,11,0x0b
18692,0x00061b28,0x67dd1b28,2,0x02
18693,0x00061b29,0x67dd1b29,2,0x02
18694,0x00061b2a,0x67dd1b2a,3,0x03
18695,0x00061b2b,0x67dd1b2b,3,0x03
18696,0x00061b2c,0x67dd1b2c,1,0x01
18697,0x00061b2d,0x67dd1b2d,-2,0xfe
18698,0x00061b2e,0x67dd1b2e,-6,0xfa
18699,0x00061b2f,0x67dd1b2f,-7,0xf9
18700,0x00061b30,0x67dd1b30,1,0x01
18701,0x00061b31,0x67dd1b31,-5,0xfb
18702,0x00061b32,0x67dd1b32,-11,0xf5
18703,0x00061b33,0x67dd1b33,-13,0xf3
18704,0x00061b34,0x67dd1b34,3,0x03
18705,0x00061b35,0x67dd1b35,-2,0xfe
18706,0x00061b36,0x67dd1b36,-4,0xfc
18707,0x00061b37,0x67dd1b37,-3,0xfd
18708,0x00061b38,0x67dd1b38,7,0x07
18709,0x00061b39,0x67dd1b39,0,0x00
18710,0x00061b3a,0x67dd1b3a,-5,0xfb
18711,0x00061b3b,0x67dd1b3b,-5,0xfb
18712,0x00061b3c,0x67dd1b3c,12,0x0c
18713,0x00061b3d,0x67dd1b3d,4,0x04
18714,0x00061b3e,0x67dd1b3e,-5,0xfb
18715,0x00061b3f,0x67dd1b3f,-7,0xf9
18716,0x00061b40,0x67dd1b40,14,0x0e
18717,0x00061b41,0x67dd1b41,6,0x06
18718,0x00061b42,0x67dd1b42,-4,0xfc
18719,0x00061b43,0x67dd1b43,-7,0xf9
18720,0x00061b44,0x67dd1b44,18,0x12
18721,0x00061b45,0x67dd1b45,14,0x0e
18722,0x00061b46,0x67dd1b46,3,0x03
18723,0x00061b47,0x67dd1b47,-2,0xfe
18724,0x00061b48,0x67dd1b48,6,0x06
18725,0x00061b49,0x67dd1b49,4,0x04
18726,0x00061b4a,0x67dd1b4a,0,0x00
18727,0x00061b4b,0x67dd1b4b,-3,0xfd
18728,0x00061b4c,0x67dd1b4c,-8,0xf8
18729,0x00061b4d,0x67dd1b4d,-5,0xfb
18730,0x00061b4e,0x67dd1b4e,-2,0xfe
18731,0x00061b4f,0x67dd1b4f,0,0x00
18732,0x00061b50,0x67dd1b50,-16,0xf0
18733,0x00061b51,0x67dd1b51,-11,0xf5
18734,0x00061b52,0x67dd1b52,-2,0xfe
18735,0x00061b53,0x67dd1b53,2,0x02
18736,0x00061b54,0x67dd1b54,-8,0xf8
18737,0x00061b55,0x67dd1b55,-6,0xfa
18738,0x00061b56,0x67dd1b56,7,0x07
18739,0x00061b57,0x67dd1b57,18,0x12
18740,0x00061b58,0x67dd1b58,-7,0xf9
18741,0x00061b59,0x67dd1b59,-8,0xf8
18742,0x00061b5a,0x67dd1b5a,2,0x02
18743,0x00061b5b,0x67dd1b5b,13,0x0d
18744,0x00061b5c,0x67dd1b5c,-4,0xfc
18745,0x00061b5d,0x67dd1b5d,-6,0xfa
18746,0x00061b5e,0x67dd1b5e,-2,0xfe
18747,0x00061b5f,0x67dd1b5f,6,0x06
18748,0x00061b60,0x67dd1b60,0,0x00
18749,0x00061b61,0x67dd1b61,-4,0xfc
18750,0x00061b62,0x67dd1b62,-3,0xfd
18751,0x00061b63,0x67dd1b63,1,0x01
18752,0x00061b64,0x67dd1b64,1,0x01
18753,0x00061b65,0x67dd1b65,-3,0xfd
18754,0x00061b66,0x67dd1b66,-13,0xf3
18755,0x00061b67,0x67dd1b67,-18,0xee
18756,0x00061b68,0x67dd1b68,0,0x00
18757,0x00061b69,0x67dd1b69,-1,0xff
18758,0x00061b6a,0x67dd1b6a,-5,0xfb
18759,0x00061b6b,0x67dd1b6b,-7,0xf9
18760,0x00061b6c,0x67dd1b6c,-1,0xff
18761,0x00061b6d,0x67dd1b6d,1,0x01
18762,0x00061b6e,0x67dd1b6e,6,0x06
18763,0x00061b6f,0x67dd1b6f,7,0x07
18764,0x00061b70,0x67dd1b70,-2,0xfe
18765,0x00061b71,0x67dd1b71,4,0x04
18766,0x00061b72,0x67dd1b72,15,0x0f
18767,0x00061b73,0x67dd1b73,17,0x11
18768,0x00061b74,0x67dd1b74,-15,0xf1
18769,0x00061b75,0x67dd1b75,-14,0xf2
18770,0x00061b76,0x67dd1b76,-7,0xf9
18771,0x00061b77,0x67dd1b77,-2,0xfe
18772,0x00061b78,0x67dd1b78,-6,0xfa
18773,0x00061b79,0x67dd1b79,-5,0xfb
18774,0x00061b7a,0x67dd1b7a,-1,0xff
18775,0x00061b7b,0x67dd1b7b,0,0x00
18776,0x00061b7c,0x67dd1b7c,6,0x06
18777,0x00061b7d,0x67dd1b7d,6,0x06
18778,0x00061b7e,0x67dd1b7e,3,0x03
18779,0x00061b7f,0x67dd1b7f,1,0x01
18780,0x00061b80,0x67dd1b80,15,0x0f
18781,0x00061b81,0x67dd1b81,13,0x0d
18782,0x00061b82,0x67dd1b82,6,0x06
18783,0x00061b83,0x67dd1b83,1,0x01
18784,0x00061b84,0x67dd1b84,2,0x02
18785,0x00061b85,0x67dd1b85,-2,0xfe
18786,0x00061b86,0x67dd1b86,-11,0xf5
18787,0x00061b87,0x67dd1b87,10,0x0a
18788,0x00061b88,0x67dd1b88,2,0x02
18789,0x00061b89,0x67dd1b89,-1,0xff
18790,0x00061b8a,0x67dd1b8a,-12,0xf4
18791,0x00061b8b,0x67dd1b8b,11,0x0b
18792,0x00061b8c,0x67dd1b8c,3,0x03
18793,0x00061b8d,0x67dd1b8d,-1,0xff
18794,0x00061b8e,0x67dd1b8e,-12,0xf4
18795,0x00061b8f,0x67dd1b8f,11,0x0b
18796,0x00061b90,0x67dd1b90,2,0x02
18797,0x00061b91,0x67dd1b91,-2,0xfe
18798,0x00061b92,0x67dd1b92,-11,0xf5
18799,0x00061b93,0x67dd1b93,11,0x0b
18800,0x00061b94,0x67dd1b94,-9,0xf7
18801,0x00061b95,0x67dd1b95,14,0x0e
18802,0x00061b96,0x67dd1b96,-1,0xff
18803,0x00061b97,0x67dd1b97,-5,0xfb
18804,0x00061b98,0x67dd1b98,-9,0xf7
18805,0x00061b99,0x67dd1b99,15,0x0f
18806,0x00061b9a,0x67dd1b9a,-2,0xfe
18807,0x00061b9b,0x67dd1b9b,-5,0xfb
18808,0x00061b9c,0x67dd1b9c,-8,0xf8
18809,0x00061b9d,0x67dd1b9d,16,0x10
18810,0x00061b9e,0x67dd1b9e,-2,0xfe
18811,0x00061b9f,0x67dd1b9f,-5,0xfb
18812,0x00061ba0,0x67dd1ba0,-7,0xf9
18813,0x00061ba1,0x67dd1ba1,15,0x0f
18814,0x00061ba2,0x67dd1ba2,-1,0xff
18815,0x00061ba3,0x67dd1ba3,-4,0xfc
18816,0x00061ba4,0x67dd1ba4,2,0x02
18817,0x00061ba5,0x67dd1ba5,6,0x06
18818,0x00061ba6,0x67dd1ba6,8,0x08
18819,0x00061ba7,0x67dd1ba7,8,0x08
18820,0x00061ba8,0x67dd1ba8,-2,0xfe
18821,0x00061ba9,0x67dd1ba9,3,0x03
18822,0x00061baa,0x67dd1baa,9,0x09
18823,0x00061bab,0x67dd1bab,12,0x0c
18824,0x00061bac,0x67dd1bac,-11,0xf5
18825,0x00061bad,0x67dd1bad,-5,0xfb
18826,0x00061bae,0x67dd1bae,4,0x04
18827,0x00061baf,0x67dd1baf,10,0x0a
18828,0x00061bb0,0x67dd1bb0,-19,0xed
18829,0x00061bb1,0x67dd1bb1,-16,0xf0
18830,0x00061bb2,0x67dd1bb2,-8,0xf8
18831,0x00061bb3,0x67dd1bb3,0,0x00
18832,0x00061bb4,0x67dd1bb4,14,0x0e
18833,0x00061bb5,0x67dd1bb5,8,0x08
18834,0x00061bb6,0x67dd1bb6,-7,0xf9
18835,0x00061bb7,0x67dd1bb7,-15,0xf1
18836,0x00061bb8,0x67dd1bb8,12,0x0c
18837,0x00061bb9,0x67dd1bb9,7,0x07
18838,0x00061bba,0x67dd1bba,-7,0xf9
18839,0x00061bbb,0x67dd1bbb,-14,0xf2
18840,0x00061bbc,0x67dd1bbc,8,0x08
18841,0x00061bbd,0x67dd1bbd,5,0x05
18842,0x00061bbe,0x67dd1bbe,-4,0xfc
18843,0x00061bbf,0x67dd1bbf,-9,0xf7
18844,0x00061bc0,0x67dd1bc0,5,0x05
18845,0x00061bc1,0x67dd1bc1,3,0x03
18846,0x00061bc2,0x67dd1bc2,-1,0xff
18847,0x00061bc3,0x67dd1bc3,-4,0xfc
18848,0x00061bc4,0x67dd1bc4,12,0x0c
18849,0x00061bc5,0x67dd1bc5,-14,0xf2
18850,0x00061bc6,0x67dd1bc6,-2,0xfe
18851,0x00061bc7,0x67dd1bc7,2,0x02
18852,0x00061bc8,0x67dd1bc8,13,0x0d
18853,0x00061bc9,0x67dd1bc9,-15,0xf1
18854,0x00061bca,0x67dd1bca,-1,0xff
18855,0x00061bcb,0x67dd1bcb,3,0x03
18856,0x00061bcc,0x67dd1bcc,14,0x0e
18857,0x00061bcd,0x67dd1bcd,-15,0xf1
18858,0x00061bce,0x67dd1bce,-1,0xff
18859,0x00061bcf,0x67dd1bcf,3,0x03
18860,0x00061bd0,0x67dd1bd0,13,0x0d
18861,0x00061bd1,0x67dd1bd1,-14,0xf2
18862,0x00061bd2,0x67dd1bd2,-1,0xff
18863,0x00061bd3,0x67dd1bd3,3,0x03
18864,0x00061bd4,0x67dd1bd4,0,0x00
18865,0x00061bd5,0x67dd1bd5,6,0x06
18866,0x00061bd6,0x67dd1bd6,10,0x0a
18867,0x00061bd7,0x67dd1bd7,-13,0xf3
18868,0x00061bd8,0x67dd1bd8,0,0x00
18869,0x00061bd9,0x67dd1bd9,6,0x06
18870,0x00061bda,0x67dd1bda,10,0x0a
18871,0x00061bdb,0x67dd1bdb,-15,0xf1
18872,0x00061bdc,0x67dd1bdc,0,0x00
18873,0x00061bdd,0x67dd1bdd,7,0x07
18874,0x00061bde,0x67dd1bde,9,0x09
18875,0x00061bdf,0x67dd1bdf,-17,0xef
18876,0x00061be0,0x67dd1be0,1,0x01
18877,0x00061be1,0x67dd1be1,6,0x06
18878,0x00061be2,0x67dd1be2,8,0x08
18879,0x00061be3,0x67dd1be3,-16,0xf0
18880,0x00061be4,0x67dd1be4,-8,0xf8
18881,0x00061be5,0x67dd1be5,-5,0xfb
18882,0x00061be6,0x67dd1be6,15,0x0f
18883,0x00061be7,0x67dd1be7,-2,0xfe
18884,0x00061be8,0x67dd1be8,-8,0xf8
18885,0x00061be9,0x67dd1be9,-6,0xfa
18886,0x00061bea,0x67dd1bea,17,0x11
18887,0x00061beb,0x67dd1beb,-2,0xfe
18888,0x00061bec,0x67dd1bec,-8,0xf8
18889,0x00061bed,0x67dd1bed,-6,0xfa
18890,0x00061bee,0x67dd1bee,16,0x10
18891,0x00061bef,0x67dd1bef,-3,0xfd
18892,0x00061bf0,0x67dd1bf0,-8,0xf8
18893,0x00061bf1,0x67dd1bf1,-5,0xfb
18894,0x00061bf2,0x67dd1bf2,15,0x0f
18895,0x00061bf3,0x67dd1bf3,-2,0xfe
18896,0x00061bf4,0x67dd1bf4,-9,0xf7
18897,0x00061bf5,0x67dd1bf5,-11,0xf5
18898,0x00061bf6,0x67dd1bf6,-11,0xf5
18899,0x00061bf7,0x67dd1bf7,-10,0xf6
18900,0x00061bf8,0x67dd1bf8,9,0x09
18901,0x00061bf9,0x67dd1bf9,10,0x0a
18902,0x00061bfa,0x67dd1bfa,9,0x09
18903,0x00061bfb,0x67dd1bfb,8,0x08
18904,0x00061bfc,0x67dd1bfc,8,0x08
18905,0x00061bfd,0x67dd1bfd,10,0x0a
18906,0x00061bfe,0x67dd1bfe,10,0x0a
18907,0x00061bff,0x67dd1bff,9,0x09
18908,0x00061c00,0x67dd1c00,-8,0xf8
18909,0x00061c01,0x67dd1c01,-9,0xf7
18910,0x00061c02,0x67dd1c02,-8,0xf8
18911,0x00061c03,0x67dd1c03,-7,0xf9
18912,0x00061c04,0x67dd1c04,9,0x09
18913,0x00061c05,0x67dd1c05,10,0x0a
18914,0x00061c06,0x67dd1c06,9,0x09
18915,0x00061c07,0x67dd1c07,7,0x07
18916,0x00061c08,0x67dd1c08,-8,0xf8
18917,0x00061c09,0x67dd1c09,-10,0xf6
18918,0x00061c0a,0x67dd1c0a,-10,0xf6
18919,0x00061c0b,0x67dd1c0b,-10,0xf6
18920,0x00061c0c,0x67dd1c0c,-7,0xf9
18921,0x00061c0d,0x67dd1c0d,-10,0xf6
18922,0x00061c0e,0x67dd1c0e,-11,0xf5
18923,0x00061c0f,0x67dd1c0f,-11,0xf5
18924,0x00061c10,0x67dd1c10,11,0x0b
18925,0x00061c11,0x67dd1c11,12,0x0c
18926,0x00061c12,0x67dd1c12,11,0x0b
18927,0x00061c13,0x67dd1c13,8,0x08
18928,0x00061c14,0x67dd1c14,0,0x00
18929,0x00061c15,0x67dd1c15,10,0x0a
18930,0x00061c16,0x67dd1c16,7,0x07
18931,0x00061c17,0x67dd1c17,0,0x00
18932,0x00061c18,0x67dd1c18,0,0x00
18933,0x00061c19,0x67dd1c19,7,0x07
18934,0x00061c1a,0x67dd1c1a,0,0x00
18935,0x00061c1b,0x67dd1c1b,-6,0xfa
18936,0x00061c1c,0x67dd1c1c,0,0x00
18937,0x00061c1d,0x67dd1c1d,2,0x02
18938,0x00061c1e,0x67dd1c1e,-5,0xfb
18939,0x00061c1f,0x67dd1c1f,-6,0xfa
18940,0x00061c20,0x67dd1c20,-2,0xfe
18941,0x00061c21,0x67dd1c21,-1,0xff
18942,0x00061c22,0x67dd1c22,-4,0xfc
18943,0x00061c23,0x67dd1c23,-1,0xff
18944,0x00061c24,0x67dd1c24,5,0x05
18945,0x00061c25,0x67dd1c25,0,0x00
18946,0x00061c26,0x67dd1c26,-6,0xfa
18947,0x00061c27,0x67dd1c27,-9,0xf7
18948,0x00061c28,0x67dd1c28,2,0x02
18949,0x00061c29,0x67dd1c29,2,0x02
18950,0x00061c2a,0x67dd1c2a,2,0x02
18951,0x00061c2b,0x67dd1c2b,1,0x01
18952,0x00061c2c,0x67dd1c2c,-2,0xfe
18953,0x00061c2d,0x67dd1c2d,0,0x00
18954,0x00061c2e,0x67dd1c2e,5,0x05
18955,0x00061c2f,0x67dd1c2f,7,0x07
18956,0x00061c30,0x67dd1c30,-6,0xfa
18957,0x00061c31,0x67dd1c31,-5,0xfb
18958,0x00061c32,0x67dd1c32,1,0x01
18959,0x00061c33,0x67dd1c33,4,0x04
18960,0x00061c34,0x67dd1c34,3,0x03
18961,0x00061c35,0x67dd1c35,-8,0xf8
18962,0x00061c36,0x67dd1c36,2,0x02
18963,0x00061c37,0x67dd1c37,-1,0xff
18964,0x00061c38,0x67dd1c38,4,0x04
18965,0x00061c39,0x67dd1c39,-9,0xf7
18966,0x00061c3a,0x67dd1c3a,3,0x03
18967,0x00061c3b,0x67dd1c3b,0,0x00
18968,0x00061c3c,0x67dd1c3c,5,0x05
18969,0x00061c3d,0x67dd1c3d,-7,0xf9
18970,0x00061c3e,0x67dd1c3e,3,0x03
18971,0x00061c3f,0x67dd1c3f,0,0x00
18972,0x00061c40,0x67dd1c40,7,0x07
18973,0x00061c41,0x67dd1c41,-5,0xfb
18974,0x00061c42,0x67dd1c42,3,0x03
18975,0x00061c43,0x67dd1c43,0,0x00
18976,0x00061c44,0x67dd1c44,-5,0xfb
18977,0x00061c45,0x67dd1c45,-3,0xfd
18978,0x00061c46,0x67dd1c46,2,0x02
18979,0x00061c47,0x67dd1c47,9,0x09
18980,0x00061c48,0x67dd1c48,-6,0xfa
18981,0x00061c49,0x67dd1c49,-3,0xfd
18982,0x00061c4a,0x67dd1c4a,1,0x01
18983,0x00061c4b,0x67dd1c4b,8,0x08
18984,0x00061c4c,0x67dd1c4c,-6,0xfa
18985,0x00061c4d,0x67dd1c4d,-3,0xfd
18986,0x00061c4e,0x67dd1c4e,1,0x01
18987,0x00061c4f,0x67dd1c4f,7,0x07
18988,0x00061c50,0x67dd1c50,-5,0xfb
18989,0x00061c51,0x67dd1c51,-2,0xfe
18990,0x00061c52,0x67dd1c52,0,0x00
18991,0x00061c53,0x67dd1c53,4,0x04
18992,0x00061c54,0x67dd1c54,13,0x0d
18993,0x00061c55,0x67dd1c55,8,0x08
18994,0x00061c56,0x67dd1c56,3,0x03
18995,0x00061c57,0x67dd1c57,1,0x01
18996,0x00061c58,0x67dd1c58,-3,0xfd
18997,0x00061c59,0x67dd1c59,-5,0xfb
18998,0x00061c5a,0x67dd1c5a,-4,0xfc
18999,0x00061c5b,0x67dd1c5b,-1,0xff
19000,0x00061c5c,0x67dd1c5c,-8,0xf8
19001,0x00061c5d,0x67dd1c5d,-7,0xf9
19002,0x00061c5e,0x67dd1c5e,-3,0xfd
19003,0x00061c5f,0x67dd1c5f,0,0x00
19004,0x00061c60,0x67dd1c60,-1,0xff
19005,0x00061c61,0x67dd1c61,1,0x01
19006,0x00061c62,0x67dd1c62,3,0x03
19007,0x00061c63,0x67dd1c63,2,0x02
19008,0x00061c64,0x67dd1c64,3,0x03
19009,0x00061c65,0x67dd1c65,2,0x02
19010,0x00061c66,0x67dd1c66,-5,0xfb
19011,0x00061c67,0x67dd1c67,-12,0xf4
19012,0x00061c68,0x67dd1c68,4,0x04
19013,0x00061c69,0x67dd1c69,3,0x03
19014,0x00061c6a,0x67dd1c6a,-2,0xfe
19015,0x00061c6b,0x67dd1c6b,-9,0xf7
19016,0x00061c6c,0x67dd1c6c,3,0x03
19017,0x00061c6d,0x67dd1c6d,4,0x04
19018,0x00061c6e,0x67dd1c6e,1,0x01
19019,0x00061c6f,0x67dd1c6f,-4,0xfc
19020,0x00061c70,0x67dd1c70,3,0x03
19021,0x00061c71,0x67dd1c71,5,0x05
19022,0x00061c72,0x67dd1c72,4,0x04
19023,0x00061c73,0x67dd1c73,-1,0xff
19024,0x00061c74,0x67dd1c74,-9,0xf7
19025,0x00061c75,0x67dd1c75,-8,0xf8
19026,0x00061c76,0x67dd1c76,-4,0xfc
19027,0x00061c77,0x67dd1c77,0,0x00
19028,0x00061c78,0x67dd1c78,8,0x08
19029,0x00061c79,0x67dd1c79,6,0x06
19030,0x00061c7a,0x67dd1c7a,2,0x02
19031,0x00061c7b,0x67dd1c7b,0,0x00
19032,0x00061c7c,0x67dd1c7c,10,0x0a
19033,0x00061c7d,0x67dd1c7d,8,0x08
19034,0x00061c7e,0x67dd1c7e,3,0x03
19035,0x00061c7f,0x67dd1c7f,0,0x00
19036,0x00061c80,0x67dd1c80,-6,0xfa
19037,0x00061c81,0x67dd1c81,-5,0xfb
19038,0x00061c82,0x67dd1c82,-3,0xfd
19039,0x00061c83,0x67dd1c83,-1,0xff
19040,0x00061c84,0x67dd1c84,-3,0xfd
19041,0x00061c85,0x67dd1c85,-9,0xf7
19042,0x00061c86,0x67dd1c86,-12,0xf4
19043,0x00061c87,0x67dd1c87,-5,0xfb
19044,0x00061c88,0x67dd1c88,0,0x00
19045,0x00061c89,0x67dd1c89,-3,0xfd
19046,0x00061c8a,0x67dd1c8a,-5,0xfb
19047,0x00061c8b,0x67dd1c8b,0,0x00
19048,0x00061c8c,0x67dd1c8c,2,0x02
19049,0x00061c8d,0x67dd1c8d,3,0x03
19050,0x00061c8e,0x67dd1c8e,2,0x02
19051,0x00061c8f,0x67dd1c8f,4,0x04
19052,0x00061c90,0x67dd1c90,5,0x05
19053,0x00061c91,0x67dd1c91,8,0x08
19054,0x00061c92,0x67dd1c92,7,0x07
19055,0x00061c93,0x67dd1c93,6,0x06
19056,0x00061c94,0x67dd1c94,-1,0xff
19057,0x00061c95,0x67dd1c95,-2,0xfe
19058,0x00061c96,0x67dd1c96,5,0x05
19059,0x00061c97,0x67dd1c97,12,0x0c
19060,0x00061c98,0x67dd1c98,-1,0xff
19061,0x00061c99,0x67dd1c99,-1,0xff
19062,0x00061c9a,0x67dd1c9a,5,0x05
19063,0x00061c9b,0x67dd1c9b,9,0x09
19064,0x00061c9c,0x67dd1c9c,2,0x02
19065,0x00061c9d,0x67dd1c9d,1,0x01
19066,0x00061c9e,0x67dd1c9e,-1,0xff
19067,0x00061c9f,0x67dd1c9f,-2,0xfe
19068,0x00061ca0,0x67dd1ca0,2,0x02
19069,0x00061ca1,0x67dd1ca1,-1,0xff
19070,0x00061ca2,0x67dd1ca2,-11,0xf5
19071,0x00061ca3,0x67dd1ca3,-17,0xef
19072,0x00061ca4,0x67dd1ca4,-7,0xf9
19073,0x00061ca5,0x67dd1ca5,3,0x03
19074,0x00061ca6,0x67dd1ca6,3,0x03
19075,0x00061ca7,0x67dd1ca7,-1,0xff
19076,0x00061ca8,0x67dd1ca8,-9,0xf7
19077,0x00061ca9,0x67dd1ca9,3,0x03
19078,0x00061caa,0x67dd1caa,4,0x04
19079,0x00061cab,0x67dd1cab,-1,0xff
19080,0x00061cac,0x67dd1cac,-10,0xf6
19081,0x00061cad,0x67dd1cad,4,0x04
19082,0x00061cae,0x67dd1cae,6,0x06
19083,0x00061caf,0x67dd1caf,-1,0xff
19084,0x00061cb0,0x67dd1cb0,-9,0xf7
19085,0x00061cb1,0x67dd1cb1,5,0x05
19086,0x00061cb2,0x67dd1cb2,7,0x07
19087,0x00061cb3,0x67dd1cb3,0,0x00
19088,0x00061cb4,0x67dd1cb4,-18,0xee
19089,0x00061cb5,0x67dd1cb5,-7,0xf9
19090,0x00061cb6,0x67dd1cb6,2,0x02
19091,0x00061cb7,0x67dd1cb7,2,0x02
19092,0x00061cb8,0x67dd1cb8,-8,0xf8
19093,0x00061cb9,0x67dd1cb9,1,0x01
19094,0x00061cba,0x67dd1cba,5,0x05
19095,0x00061cbb,0x67dd1cbb,3,0x03
19096,0x00061cbc,0x67dd1cbc,3,0x03
19097,0x00061cbd,0x67dd1cbd,4,0x04
19098,0x00061cbe,0x67dd1cbe,1,0x01
19099,0x00061cbf,0x67dd1cbf,0,0x00
19100,0x00061cc0,0x67dd1cc0,9,0x09
19101,0x00061cc1,0x67dd1cc1,5,0x05
19102,0x00061cc2,0x67dd1cc2,-2,0xfe
19103,0x00061cc3,0x67dd1cc3,-3,0xfd
19104,0x00061cc4,0x67dd1cc4,-2,0xfe
19105,0x00061cc5,0x67dd1cc5,0,0x00
19106,0x00061cc6,0x67dd1cc6,6,0x06
19107,0x00061cc7,0x67dd1cc7,8,0x08
19108,0x00061cc8,0x67dd1cc8,-4,0xfc
19109,0x00061cc9,0x67dd1cc9,-5,0xfb
19110,0x00061cca,0x67dd1cca,-5,0xfb
19111,0x00061ccb,0x67dd1ccb,-3,0xfd
19112,0x00061ccc,0x67dd1ccc,1,0x01
19113,0x00061ccd,0x67dd1ccd,-2,0xfe
19114,0x00061cce,0x67dd1cce,-6,0xfa
19115,0x00061ccf,0x67dd1ccf,-8,0xf8
19116,0x00061cd0,0x67dd1cd0,10,0x0a
19117,0x00061cd1,0x67dd1cd1,9,0x09
19118,0x00061cd2,0x67dd1cd2,3,0x03
19119,0x00061cd3,0x67dd1cd3,-1,0xff
19120,0x00061cd4,0x67dd1cd4,0,0x00
19121,0x00061cd5,0x67dd1cd5,-2,0xfe
19122,0x00061cd6,0x67dd1cd6,-2,0xfe
19123,0x00061cd7,0x67dd1cd7,0,0x00
19124,0x00061cd8,0x67dd1cd8,0,0x00
19125,0x00061cd9,0x67dd1cd9,-4,0xfc
19126,0x00061cda,0x67dd1cda,-5,0xfb
19127,0x00061cdb,0x67dd1cdb,0,0x00
19128,0x00061cdc,0x67dd1cdc,-2,0xfe
19129,0x00061cdd,0x67dd1cdd,-8,0xf8
19130,0x00061cde,0x67dd1cde,-4,0xfc
19131,0x00061cdf,0x67dd1cdf,8,0x08
19132,0x00061ce0,0x67dd1ce0,-5,0xfb
19133,0x00061ce1,0x67dd1ce1,-7,0xf9
19134,0x00061ce2,0x67dd1ce2,6,0x06
19135,0x00061ce3,0x67dd1ce3,24,0x18
19136,0x00061ce4,0x67dd1ce4,9,0x09
19137,0x00061ce5,0x67dd1ce5,1,0x01
19138,0x00061ce6,0x67dd1ce6,-7,0xf9
19139,0x00061ce7,0x67dd1ce7,1,0x01
19140,0x00061ce8,0x67dd1ce8,9,0x09
19141,0x00061ce9,0x67dd1ce9,1,0x01
19142,0x00061cea,0x67dd1cea,-8,0xf8
19143,0x00061ceb,0x67dd1ceb,1,0x01
19144,0x00061cec,0x67dd1cec,8,0x08
19145,0x00061ced,0x67dd1ced,0,0x00
19146,0x00061cee,0x67dd1cee,-10,0xf6
19147,0x00061cef,0x67dd1cef,1,0x01
19148,0x00061cf0,0x67dd1cf0,8,0x08
19149,0x00061cf1,0x67dd1cf1,-1,0xff
19150,0x00061cf2,0x67dd1cf2,-11,0xf5
19151,0x00061cf3,0x67dd1cf3,-1,0xff
19152,0x00061cf4,0x67dd1cf4,8,0x08
19153,0x00061cf5,0x67dd1cf5,8,0x08
19154,0x00061cf6,0x67dd1cf6,6,0x06
19155,0x00061cf7,0x67dd1cf7,3,0x03
19156,0x00061cf8,0x67dd1cf8,5,0x05
19157,0x00061cf9,0x67dd1cf9,4,0x04
19158,0x00061cfa,0x67dd1cfa,3,0x03
19159,0x00061cfb,0x67dd1cfb,2,0x02
19160,0x00061cfc,0x67dd1cfc,-2,0xfe
19161,0x00061cfd,0x67dd1cfd,-3,0xfd
19162,0x00061cfe,0x67dd1cfe,-1,0xff
19163,0x00061cff,0x67dd1cff,0,0x00
19164,0x00061d00,0x67dd1d00,-10,0xf6
19165,0x00061d01,0x67dd1d01,-13,0xf3
19166,0x00061d02,0x67dd1d02,-8,0xf8
19167,0x00061d03,0x67dd1d03,-4,0xfc
19168,0x00061d04,0x67dd1d04,0,0x00
19169,0x00061d05,0x67dd1d05,4,0x04
19170,0x00061d06,0x67dd1d06,2,0x02
19171,0x00061d07,0x67dd1d07,-3,0xfd
19172,0x00061d08,0x67dd1d08,0,0x00
19173,0x00061d09,0x67dd1d09,6,0x06
19174,0x00061d0a,0x67dd1d0a,3,0x03
19175,0x00061d0b,0x67dd1d0b,-5,0xfb
19176,0x00061d0c,0x67dd1d0c,3,0x03
19177,0x00061d0d,0x67dd1d0d,10,0x0a
19178,0x00061d0e,0x67dd1d0e,2,0x02
19179,0x00061d0f,0x67dd1d0f,-12,0xf4
19180,0x00061d10,0x67dd1d10,5,0x05
19181,0x00061d11,0x67dd1d11,10,0x0a
19182,0x00061d12,0x67dd1d12,-4,0xfc
19183,0x00061d13,0x67dd1d13,-22,0xea
19184,0x00061d14,0x67dd1d14,0,0x00
19185,0x00061d15,0x67dd1d15,-4,0xfc
19186,0x00061d16,0x67dd1d16,-1,0xff
19187,0x00061d17,0x67dd1d17,3,0x03
19188,0x00061d18,0x67dd1d18,1,0x01
19189,0x00061d19,0x67dd1d19,-4,0xfc
19190,0x00061d1a,0x67dd1d1a,-1,0xff
19191,0x00061d1b,0x67dd1d1b,5,0x05
19192,0x00061d1c,0x67dd1d1c,1,0x01
19193,0x00061d1d,0x67dd1d1d,-5,0xfb
19194,0x00061d1e,0x67dd1d1e,0,0x00
19195,0x00061d1f,0x67dd1d1f,8,0x08
19196,0x00061d20,0x67dd1d20,-1,0xff
19197,0x00061d21,0x67dd1d21,-6,0xfa
19198,0x00061d22,0x67dd1d22,-2,0xfe
19199,0x00061d23,0x67dd1d23,7,0x07
19200,0x00061d24,0x67dd1d24,-1,0xff
19201,0x00061d25,0x67dd1d25,-1,0xff
19202,0x00061d26,0x67dd1d26,-2,0xfe
19203,0x00061d27,0x67dd1d27,-4,0xfc
19204,0x00061d28,0x67dd1d28,-1,0xff
19205,0x00061d29,0x67dd1d29,-2,0xfe
19206,0x00061d2a,0x67dd1d2a,-4,0xfc
19207,0x00061d2b,0x67dd1d2b,-6,0xfa
19208,0x00061d2c,0x67dd1d2c,-1,0xff
19209,0x00061d2d,0x67dd1d2d,-1,0xff
19210,0x00061d2e,0x67dd1d2e,-1,0xff
19211,0x00061d2f,0x67dd1d2f,-2,0xfe
19212,0x00061d30,0x67dd1d30,1,0x01
19213,0x00061d31,0x67dd1d31,5,0x05
19214,0x00061d32,0x67dd1d32,10,0x0a
19215,0x00061d33,0x67dd1d33,9,0x09
19216,0x00061d34,0x67dd1d34,10,0x0a
19217,0x00061d35,0x67dd1d35,3,0x03
19218,0x00061d36,0x67dd1d36,0,0x00
19219,0x00061d37,0x67dd1d37,-2,0xfe
19220,0x00061d38,0x67dd1d38,6,0x06
19221,0x00061d39,0x67dd1d39,-1,0xff
19222,0x00061d3a,0x67dd1d3a,-2,0xfe
19223,0x00061d3b,0x67dd1d3b,-5,0xfb
19224,0x00061d3c,0x67dd1d3c,3,0x03
19225,0x00061d3d,0x67dd1d3d,-1,0xff
19226,0x00061d3e,0x67dd1d3e,-2,0xfe
19227,0x00061d3f,0x67dd1d3f,-6,0xfa
19228,0x00061d40,0x67dd1d40,2,0x02
19229,0x00061d41,0x67dd1d41,0,0x00
19230,0x00061d42,0x67dd1d42,0,0x00
19231,0x00061d43,0x67dd1d43,-5,0xfb
19232,0x00061d44,0x67dd1d44,6,0x06
19233,0x00061d45,0x67dd1d45,3,0x03
19234,0x00061d46,0x67dd1d46,0,0x00
19235,0x00061d47,0x67dd1d47,0,0x00
19236,0x00061d48,0x67dd1d48,6,0x06
19237,0x00061d49,0x67dd1d49,3,0x03
19238,0x00061d4a,0x67dd1d4a,1,0x01
19239,0x00061d4b,0x67dd1d4b,1,0x01
19240,0x00061d4c,0x67dd1d4c,4,0x04
19241,0x00061d4d,0x67dd1d4d,-2,0xfe
19242,0x00061d4e,0x67dd1d4e,-2,0xfe
19243,0x00061d4f,0x67dd1d4f,1,0x01
19244,0x00061d50,0x67dd1d50,0,0x00
19245,0x00061d51,0x67dd1d51,-9,0xf7
19246,0x00061d52,0x67dd1d52,-9,0xf7
19247,0x00061d53,0x67dd1d53,-2,0xfe
19248,0x00061d54,0x67dd1d54,-11,0xf5
19249,0x00061d55,0x67dd1d55,-3,0xfd
19250,0x00061d56,0x67dd1d56,1,0x01
19251,0x00061d57,0x67dd1d57,2,0x02
19252,0x00061d58,0x67dd1d58,-6,0xfa
19253,0x00061d59,0x67dd1d59,2,0x02
19254,0x00061d5a,0x67dd1d5a,4,0x04
19255,0x00061d5b,0x67dd1d5b,5,0x05
19256,0x00061d5c,0x67dd1d5c,-3,0xfd
19257,0x00061d5d,0x67dd1d5d,2,0x02
19258,0x00061d5e,0x67dd1d5e,3,0x03
19259,0x00061d5f,0x67dd1d5f,4,0x04
19260,0x00061d60,0x67dd1d60,-2,0xfe
19261,0x00061d61,0x67dd1d61,1,0x01
19262,0x00061d62,0x67dd1d62,1,0x01
19263,0x00061d63,0x67dd1d63,2,0x02
19264,0x00061d64,0x67dd1d64,-6,0xfa
19265,0x00061d65,0x67dd1d65,-4,0xfc
19266,0x00061d66,0x67dd1d66,-1,0xff
19267,0x00061d67,0x67dd1d67,-2,0xfe
19268,0x00061d68,0x67dd1d68,2,0x02
19269,0x00061d69,0x67dd1d69,-1,0xff
19270,0x00061d6a,0x67dd1d6a,-1,0xff
19271,0x00061d6b,0x67dd1d6b,-2,0xfe
19272,0x00061d6c,0x67dd1d6c,10,0x0a
19273,0x00061d6d,0x67dd1d6d,2,0x02
19274,0x00061d6e,0x67dd1d6e,-2,0xfe
19275,0x00061d6f,0x67dd1d6f,-2,0xfe
19276,0x00061d70,0x67dd1d70,11,0x0b
19277,0x00061d71,0x67dd1d71,2,0x02
19278,0x00061d72,0x67dd1d72,-4,0xfc
19279,0x00061d73,0x67dd1d73,-1,0xff
19280,0x00061d74,0x67dd1d74,6,0x06
19281,0x00061d75,0x67dd1d75,0,0x00
19282,0x00061d76,0x67dd1d76,-2,0xfe
19283,0x00061d77,0x67dd1d77,2,0x02
19284,0x00061d78,0x67dd1d78,3,0x03
19285,0x00061d79,0x67dd1d79,3,0x03
19286,0x00061d7a,0x67dd1d7a,0,0x00
19287,0x00061d7b,0x67dd1d7b,0,0x00
19288,0x00061d7c,0x67dd1d7c,-6,0xfa
19289,0x00061d7d,0x67dd1d7d,3,0x03
19290,0x00061d7e,0x67dd1d7e,3,0x03
19291,0x00061d7f,0x67dd1d7f,0,0x00
19292,0x00061d80,0x67dd1d80,-17,0xef
19293,0x00061d81,0x67dd1d81,-1,0xff
19294,0x00061d82,0x67dd1d82,5,0x05
19295,0x00061d83,0x67dd1d83,0,0x00
19296,0x00061d84,0x67dd1d84,-1,0xff
19297,0x00061d85,0x67dd1d85,4,0x04
19298,0x00061d86,0x67dd1d86,10,0x0a
19299,0x00061d87,0x67dd1d87,11,0x0b
19300,0x00061d88,0x67dd1d88,-3,0xfd
19301,0x00061d89,0x67dd1d89,-2,0xfe
19302,0x00061d8a,0x67dd1d8a,0,0x00
19303,0x00061d8b,0x67dd1d8b,1,0x01
19304,0x00061d8c,0x67dd1d8c,-3,0xfd
19305,0x00061d8d,0x67dd1d8d,-4,0xfc
19306,0x00061d8e,0x67dd1d8e,-5,0xfb
19307,0x00061d8f,0x67dd1d8f,-3,0xfd
19308,0x00061d90,0x67dd1d90,-1,0xff
19309,0x00061d91,0x67dd1d91,-2,0xfe
19310,0x00061d92,0x67dd1d92,-2,0xfe
19311,0x00061d93,0x67dd1d93,-1,0xff
19312,0x00061d94,0x67dd1d94,2,0x02
19313,0x00061d95,0x67dd1d95,-3,0xfd
19314,0x00061d96,0x67dd1d96,-9,0xf7
19315,0x00061d97,0x67dd1d97,-12,0xf4
19316,0x00061d98,0x67dd1d98,3,0x03
19317,0x00061d99,0x67dd1d99,3,0x03
19318,0x00061d9a,0x67dd1d9a,3,0x03
19319,0x00061d9b,0x67dd1d9b,2,0x02
19320,0x00061d9c,0x67dd1d9c,2,0x02
19321,0x00061d9d,0x67dd1d9d,2,0x02
19322,0x00061d9e,0x67dd1d9e,4,0x04
19323,0x00061d9f,0x67dd1d9f,4,0x04
19324,0x00061da0,0x67dd1da0,2,0x02
19325,0x00061da1,0x67dd1da1,1,0x01
19326,0x00061da2,0x67dd1da2,-1,0xff
19327,0x00061da3,0x67dd1da3,-2,0xfe
19328,0x00061da4,0x67dd1da4,-2,0xfe
19329,0x00061da5,0x67dd1da5,9,0x09
19330,0x00061da6,0x67dd1da6,5,0x05
19331,0x00061da7,0x67dd1da7,-10,0xf6
19332,0x00061da8,0x67dd1da8,-3,0xfd
19333,0x00061da9,0x67dd1da9,5,0x05
19334,0x00061daa,0x67dd1daa,5,0x05
19335,0x00061dab,0x67dd1dab,-5,0xfb
19336,0x00061dac,0x67dd1dac,-2,0xfe
19337,0x00061dad,0x67dd1dad,1,0x01
19338,0x00061dae,0x67dd1dae,2,0x02
19339,0x00061daf,0x67dd1daf,0,0x00
19340,0x00061db0,0x67dd1db0,-1,0xff
19341,0x00061db1,0x67dd1db1,-2,0xfe
19342,0x00061db2,0x67dd1db2,-2,0xfe
19343,0x00061db3,0x67dd1db3,1,0x01
19344,0x00061db4,0x67dd1db4,-2,0xfe
19345,0x00061db5,0x67dd1db5,-3,0xfd
19346,0x00061db6,0x67dd1db6,7,0x07
19347,0x00061db7,0x67dd1db7,-2,0xfe
19348,0x00061db8,0x67dd1db8,-1,0xff
19349,0x00061db9,0x67dd1db9,-3,0xfd
19350,0x00061dba,0x67dd1dba,7,0x07
19351,0x00061dbb,0x67dd1dbb,-3,0xfd
19352,0x00061dbc,0x67dd1dbc,-1,0xff
19353,0x00061dbd,0x67dd1dbd,-2,0xfe
19354,0x00061dbe,0x67dd1dbe,8,0x08
19355,0x00061dbf,0x67dd1dbf,-4,0xfc
19356,0x00061dc0,0x67dd1dc0,-2,0xfe
19357,0x00061dc1,0x67dd1dc1,-2,0xfe
19358,0x00061dc2,0x67dd1dc2,7,0x07
19359,0x00061dc3,0x67dd1dc3,-3,0xfd
19360,0x00061dc4,0x67dd1dc4,1,0x01
19361,0x00061dc5,0x67dd1dc5,-8,0xf8
19362,0x00061dc6,0x67dd1dc6,-3,0xfd
19363,0x00061dc7,0x67dd1dc7,12,0x0c
19364,0x00061dc8,0x67dd1dc8,2,0x02
19365,0x00061dc9,0x67dd1dc9,-2,0xfe
19366,0x00061dca,0x67dd1dca,-2,0xfe
19367,0x00061dcb,0x67dd1dcb,4,0x04
19368,0x00061dcc,0x67dd1dcc,1,0x01
19369,0x00061dcd,0x67dd1dcd,3,0x03
19370,0x00061dce,0x67dd1dce,0,0x00
19371,0x00061dcf,0x67dd1dcf,-5,0xfb
19372,0x00061dd0,0x67dd1dd0,-1,0xff
19373,0x00061dd1,0x67dd1dd1,5,0x05
19374,0x00061dd2,0x67dd1dd2,2,0x02
19375,0x00061dd3,0x67dd1dd3,-7,0xf9
19376,0x00061dd4,0x67dd1dd4,-1,0xff
19377,0x00061dd5,0x67dd1dd5,3,0x03
19378,0x00061dd6,0x67dd1dd6,1,0x01
19379,0x00061dd7,0x67dd1dd7,-5,0xfb
19380,0x00061dd8,0x67dd1dd8,-7,0xf9
19381,0x00061dd9,0x67dd1dd9,-2,0xfe
19382,0x00061dda,0x67dd1dda,3,0x03
19383,0x00061ddb,0x67dd1ddb,1,0x01
19384,0x00061ddc,0x67dd1ddc,-2,0xfe
19385,0x00061ddd,0x67dd1ddd,-7,0xf9
19386,0x00061dde,0x67dd1dde,-2,0xfe
19387,0x00061ddf,0x67dd1ddf,2,0x02
19388,0x00061de0,0x67dd1de0,20,0x14
19389,0x00061de1,0x67dd1de1,3,0x03
19390,0x00061de2,0x67dd1de2,-5,0xfb
19391,0x00061de3,0x67dd1de3,-1,0xff
19392,0x00061de4,0x67dd1de4,5,0x05
19393,0x00061de5,0x67dd1de5,0,0x00
19394,0x00061de6,0x67dd1de6,-3,0xfd
19395,0x00061de7,0x67dd1de7,-2,0xfe
19396,0x00061de8,0x67dd1de8,-7,0xf9
19397,0x00061de9,0x67dd1de9,-7,0xf9
19398,0x00061dea,0x67dd1dea,0,0x00
19399,0x00061deb,0x67dd1deb,6,0x06
19400,0x00061dec,0x67dd1dec,-6,0xfa
19401,0x00061ded,0x67dd1ded,0,0x00
19402,0x00061dee,0x67dd1dee,7,0x07
19403,0x00061def,0x67dd1def,6,0x06
19404,0x00061df0,0x67dd1df0,2,0x02
19405,0x00061df1,0x67dd1df1,6,0x06
19406,0x00061df2,0x67dd1df2,0,0x00
19407,0x00061df3,0x67dd1df3,-7,0xf9
19408,0x00061df4,0x67dd1df4,-2,0xfe
19409,0x00061df5,0x67dd1df5,6,0x06
19410,0x00061df6,0x67dd1df6,-7,0xf9
19411,0x00061df7,0x67dd1df7,1,0x01
19412,0x00061df8,0x67dd1df8,-2,0xfe
19413,0x00061df9,0x67dd1df9,7,0x07
19414,0x00061dfa,0x67dd1dfa,-8,0xf8
19415,0x00061dfb,0x67dd1dfb,3,0x03
19416,0x00061dfc,0x67dd1dfc,-2,0xfe
19417,0x00061dfd,0x67dd1dfd,7,0x07
19418,0x00061dfe,0x67dd1dfe,-7,0xf9
19419,0x00061dff,0x67dd1dff,3,0x03
19420,0x00061e00,0x67dd1e00,-1,0xff
19421,0x00061e01,0x67dd1e01,7,0x07
19422,0x00061e02,0x67dd1e02,-6,0xfa
19423,0x00061e03,0x67dd1e03,2,0x02
19424,0x00061e04,0x67dd1e04,-5,0xfb
19425,0x00061e05,0x67dd1e05,-2,0xfe
19426,0x00061e06,0x67dd1e06,5,0x05
19427,0x00061e07,0x67dd1e07,7,0x07
19428,0x00061e08,0x67dd1e08,4,0x04
19429,0x00061e09,0x67dd1e09,1,0x01
19430,0x00061e0a,0x67dd1e0a,-4,0xfc
19431,0x00061e0b,0x67dd1e0b,-8,0xf8
19432,0x00061e0c,0x67dd1e0c,6,0x06
19433,0x00061e0d,0x67dd1e0d,3,0x03
19434,0x00061e0e,0x67dd1e0e,-2,0xfe
19435,0x00061e0f,0x67dd1e0f,-5,0xfb
19436,0x00061e10,0x67dd1e10,-7,0xf9
19437,0x00061e11,0x67dd1e11,-5,0xfb
19438,0x00061e12,0x67dd1e12,3,0x03
19439,0x00061e13,0x67dd1e13,7,0x07
19440,0x00061e14,0x67dd1e14,-1,0xff
19441,0x00061e15,0x67dd1e15,-1,0xff
19442,0x00061e16,0x67dd1e16,6,0x06
19443,0x00061e17,0x67dd1e17,5,0x05
19444,0x00061e18,0x67dd1e18,0,0x00
19445,0x00061e19,0x67dd1e19,-1,0xff
19446,0x00061e1a,0x67dd1e1a,1,0x01
19447,0x00061e1b,0x67dd1e1b,-4,0xfc
19448,0x00061e1c,0x67dd1e1c,2,0x02
19449,0x00061e1d,0x67dd1e1d,1,0x01
19450,0x00061e1e,0x67dd1e1e,0,0x00
19451,0x00061e1f,0x67dd1e1f,-7,0xf9
19452,0x00061e20,0x67dd1e20,1,0x01
19453,0x00061e21,0x67dd1e21,0,0x00
19454,0x00061e22,0x67dd1e22,0,0x00
19455,0x00061e23,0x67dd1e23,-4,0xfc
19456,0x00061e24,0x67dd1e24,-8,0xf8
19457,0x00061e25,0x67dd1e25,0,0x00
19458,0x00061e26,0x67dd1e26,3,0x03
19459,0x00061e27,0x67dd1e27,1,0x01
19460,0x00061e28,0x67dd1e28,-2,0xfe
19461,0x00061e29,0x67dd1e29,1,0x01
19462,0x00061e2a,0x67dd1e2a,-1,0xff
19463,0x00061e2b,0x67dd1e2b,-1,0xff
19464,0x00061e2c,0x67dd1e2c,1,0x01
19465,0x00061e2d,0x67dd1e2d,-1,0xff
19466,0x00061e2e,0x67dd1e2e,-3,0xfd
19467,0x00061e2f,0x67dd1e2f,1,0x01
19468,0x00061e30,0x67dd1e30,1,0x01
19469,0x00061e31,0x67dd1e31,-2,0xfe
19470,0x00061e32,0x67dd1e32,1,0x01
19471,0x00061e33,0x67dd1e33,9,0x09
19472,0x00061e34,0x67dd1e34,5,0x05
19473,0x00061e35,0x67dd1e35,2,0x02
19474,0x00061e36,0x67dd1e36,-3,0xfd
19475,0x00061e37,0x67dd1e37,-4,0xfc
19476,0x00061e38,0x67dd1e38,-1,0xff
19477,0x00061e39,0x67dd1e39,0,0x00
19478,0x00061e3a,0x67dd1e3a,-1,0xff
19479,0x00061e3b,0x67dd1e3b,-3,0xfd
19480,0x00061e3c,0x67dd1e3c,-3,0xfd
19481,0x00061e3d,0x67dd1e3d,1,0x01
19482,0x00061e3e,0x67dd1e3e,3,0x03
19483,0x00061e3f,0x67dd1e3f,1,0x01
19484,0x00061e40,0x67dd1e40,-4,0xfc
19485,0x00061e41,0x67dd1e41,0,0x00
19486,0x00061e42,0x67dd1e42,4,0x04
19487,0x00061e43,0x67dd1e43,2,0x02
19488,0x00061e44,0x67dd1e44,2,0x02
19489,0x00061e45,0x67dd1e45,-2,0xfe
19490,0x00061e46,0x67dd1e46,-2,0xfe
19491,0x00061e47,0x67dd1e47,12,0x0c
19492,0x00061e48,0x67dd1e48,0,0x00
19493,0x00061e49,0x67dd1e49,-2,0xfe
19494,0x00061e4a,0x67dd1e4a,-5,0xfb
19495,0x00061e4b,0x67dd1e4b,3,0x03
19496,0x00061e4c,0x67dd1e4c,-1,0xff
19497,0x00061e4d,0x67dd1e4d,0,0x00
19498,0x00061e4e,0x67dd1e4e,-3,0xfd
19499,0x00061e4f,0x67dd1e4f,1,0x01
19500,0x00061e50,0x67dd1e50,-3,0xfd
19501,0x00061e51,0x67dd1e51,-1,0xff
19502,0x00061e52,0x67dd1e52,-2,0xfe
19503,0x00061e53,0x67dd1e53,1,0x01
19504,0x00061e54,0x67dd1e54,1,0x01
19505,0x00061e55,0x67dd1e55,5,0x05
19506,0x00061e56,0x67dd1e56,3,0x03
19507,0x00061e57,0x67dd1e57,0,0x00
19508,0x00061e58,0x67dd1e58,-6,0xfa
19509,0x00061e59,0x67dd1e59,-4,0xfc
19510,0x00061e5a,0x67dd1e5a,-2,0xfe
19511,0x00061e5b,0x67dd1e5b,1,0x01
19512,0x00061e5c,0x67dd1e5c,0,0x00
19513,0x00061e5d,0x67dd1e5d,-2,0xfe
19514,0x00061e5e,0x67dd1e5e,-2,0xfe
19515,0x00061e5f,0x67dd1e5f,2,0x02
19516,0x00061e60,0x67dd1e60,6,0x06
19517,0x00061e61,0x67dd1e61,1,0x01
19518,0x00061e62,0x67dd1e62,-4,0xfc
19519,0x00061e63,0x67dd1e63,-1,0xff
19520,0x00061e64,0x67dd1e64,-3,0xfd
19521,0x00061e65,0x67dd1e65,-5,0xfb
19522,0x00061e66,0x67dd1e66,-5,0xfb
19523,0x00061e67,0x67dd1e67,-1,0xff
19524,0x00061e68,0x67dd1e68,3,0x03
19525,0x00061e69,0x67dd1e69,5,0x05
19526,0x00061e6a,0x67dd1e6a,5,0x05
19527,0x00061e6b,0x67dd1e6b,4,0x04
19528,0x00061e6c,0x67dd1e6c,0,0x00
19529,0x00061e6d,0x67dd1e6d,3,0x03
19530,0x00061e6e,0x67dd1e6e,1,0x01
19531,0x00061e6f,0x67dd1e6f,-1,0xff
19532,0x00061e70,0x67dd1e70,-2,0xfe
19533,0x00061e71,0x67dd1e71,1,0x01
19534,0x00061e72,0x67dd1e72,-2,0xfe
19535,0x00061e73,0x67dd1e73,-3,0xfd
19536,0x00061e74,0x67dd1e74,2,0x02
19537,0x00061e75,0x67dd1e75,-4,0xfc
19538,0x00061e76,0x67dd1e76,-5,0xfb
19539,0x00061e77,0x67dd1e77,-3,0xfd
19540,0x00061e78,0x67dd1e78,4,0x04
19541,0x00061e79,0x67dd1e79,-2,0xfe
19542,0x00061e7a,0x67dd1e7a,-3,0xfd
19543,0x00061e7b,0x67dd1e7b,-2,0xfe
19544,0x00061e7c,0x67dd1e7c,6,0x06
19545,0x00061e7d,0x67dd1e7d,0,0x00
19546,0x00061e7e,0x67dd1e7e,-1,0xff
19547,0x00061e7f,0x67dd1e7f,-1,0xff
19548,0x00061e80,0x67dd1e80,7,0x07
19549,0x00061e81,0x67dd1e81,1,0x01
19550,0x00061e82,0x67dd1e82,0,0x00
19551,0x00061e83,0x67dd1e83,0,0x00
19552,0x00061e84,0x67dd1e84,-3,0xfd
19553,0x00061e85,0x67dd1e85,-2,0xfe
19554,0x00061e86,0x67dd1e86,-2,0xfe
19555,0x00061e87,0x67dd1e87,0,0x00
19556,0x00061e88,0x67dd1e88,-2,0xfe
19557,0x00061e89,0x67dd1e89,-3,0xfd
19558,0x00061e8a,0x67dd1e8a,-5,0xfb
19559,0x00061e8b,0x67dd1e8b,-1,0xff
19560,0x00061e8c,0x67dd1e8c,-2,0xfe
19561,0x00061e8d,0x67dd1e8d,2,0x02
19562,0x00061e8e,0x67dd1e8e,0,0x00
19563,0x00061e8f,0x67dd1e8f,-1,0xff
19564,0x00061e90,0x67dd1e90,-1,0xff
19565,0x00061e91,0x67dd1e91,11,0x0b
19566,0x00061e92,0x67dd1e92,9,0x09
19567,0x00061e93,0x67dd1e93,-1,0xff
19568,0x00061e94,0x67dd1e94,0,0x00
19569,0x00061e95,0x67dd1e95,1,0x01
19570,0x00061e96,0x67dd1e96,-1,0xff
19571,0x00061e97,0x67dd1e97,-10,0xf6
19572,0x00061e98,0x67dd1e98,-1,0xff
19573,0x00061e99,0x67dd1e99,1,0x01
19574,0x00061e9a,0x67dd1e9a,0,0x00
19575,0x00061e9b,0x67dd1e9b,-6,0xfa
19576,0x00061e9c,0x67dd1e9c,1,0x01
19577,0x00061e9d,0x67dd1e9d,0,0x00
19578,0x00061e9e,0x67dd1e9e,1,0x01
19579,0x00061e9f,0x67dd1e9f,4,0x04
19580,0x00061ea0,0x67dd1ea0,2,0x02
19581,0x00061ea1,0x67dd1ea1,-5,0xfb
19582,0x00061ea2,0x67dd1ea2,-1,0xff
19583,0x00061ea3,0x67dd1ea3,13,0x0d
19584,0x00061ea4,0x67dd1ea4,-2,0xfe
19585,0x00061ea5,0x67dd1ea5,4,0x04
19586,0x00061ea6,0x67dd1ea6,5,0x05
19587,0x00061ea7,0x67dd1ea7,0,0x00
19588,0x00061ea8,0x67dd1ea8,-5,0xfb
19589,0x00061ea9,0x67dd1ea9,1,0x01
19590,0x00061eaa,0x67dd1eaa,6,0x06
19591,0x00061eab,0x67dd1eab,3,0x03
19592,0x00061eac,0x67dd1eac,-6,0xfa
19593,0x00061ead,0x67dd1ead,-2,0xfe
19594,0x00061eae,0x67dd1eae,3,0x03
19595,0x00061eaf,0x67dd1eaf,2,0x02
19596,0x00061eb0,0x67dd1eb0,-5,0xfb
19597,0x00061eb1,0x67dd1eb1,-2,0xfe
19598,0x00061eb2,0x67dd1eb2,0,0x00
19599,0x00061eb3,0x67dd1eb3,-2,0xfe
19600,0x00061eb4,0x67dd1eb4,-1,0xff
19601,0x00061eb5,0x67dd1eb5,1,0x01
19602,0x00061eb6,0x67dd1eb6,1,0x01
19603,0x00061eb7,0x67dd1eb7,-2,0xfe
19604,0x00061eb8,0x67dd1eb8,-1,0xff
19605,0x00061eb9,0x67dd1eb9,-2,0xfe
19606,0x00061eba,0x67dd1eba,0,0x00
19607,0x00061ebb,0x67dd1ebb,2,0x02
19608,0x00061ebc,0x67dd1ebc,5,0x05
19609,0x00061ebd,0x67dd1ebd,5,0x05
19610,0x00061ebe,0x67dd1ebe,5,0x05
19611,0x00061ebf,0x67dd1ebf,7,0x07
19612,0x00061ec0,0x67dd1ec0,0,0x00
19613,0x00061ec1,0x67dd1ec1,-4,0xfc
19614,0x00061ec2,0x67dd1ec2,-8,0xf8
19615,0x00061ec3,0x67dd1ec3,-7,0xf9
19616,0x00061ec4,0x67dd1ec4,0,0x00
19617,0x00061ec5,0x67dd1ec5,2,0x02
19618,0x00061ec6,0x67dd1ec6,-1,0xff
19619,0x00061ec7,0x67dd1ec7,-5,0xfb
19620,0x00061ec8,0x67dd1ec8,-1,0xff
19621,0x00061ec9,0x67dd1ec9,2,0x02
19622,0x00061eca,0x67dd1eca,2,0x02
19623,0x00061ecb,0x67dd1ecb,-3,0xfd
19624,0x00061ecc,0x67dd1ecc,0,0x00
19625,0x00061ecd,0x67dd1ecd,5,0x05
19626,0x00061ece,0x67dd1ece,3,0x03
19627,0x00061ecf,0x67dd1ecf,-5,0xfb
19628,0x00061ed0,0x67dd1ed0,3,0x03
19629,0x00061ed1,0x67dd1ed1,8,0x08
19630,0x00061ed2,0x67dd1ed2,2,0x02
19631,0x00061ed3,0x67dd1ed3,-12,0xf4
19632,0x00061ed4,0x67dd1ed4,8,0x08
19633,0x00061ed5,0x67dd1ed5,4,0x04
19634,0x00061ed6,0x67dd1ed6,0,0x00
19635,0x00061ed7,0x67dd1ed7,-2,0xfe
19636,0x00061ed8,0x67dd1ed8,10,0x0a
19637,0x00061ed9,0x67dd1ed9,-1,0xff
19638,0x00061eda,0x67dd1eda,-4,0xfc
19639,0x00061edb,0x67dd1edb,-1,0xff
19640,0x00061edc,0x67dd1edc,3,0x03
19641,0x00061edd,0x67dd1edd,-6,0xfa
19642,0x00061ede,0x67dd1ede,-3,0xfd
19643,0x00061edf,0x67dd1edf,0,0x00
19644,0x00061ee0,0x67dd1ee0,-4,0xfc
19645,0x00061ee1,0x67dd1ee1,-5,0xfb
19646,0x00061ee2,0x67dd1ee2,0,0x00
19647,0x00061ee3,0x67dd1ee3,0,0x00
19648,0x00061ee4,0x67dd1ee4,0,0x00
19649,0x00061ee5,0x67dd1ee5,-10,0xf6
19650,0x00061ee6,0x67dd1ee6,-4,0xfc
19651,0x00061ee7,0x67dd1ee7,2,0x02
19652,0x00061ee8,0x67dd1ee8,-1,0xff
19653,0x00061ee9,0x67dd1ee9,-6,0xfa
19654,0x00061eea,0x67dd1eea,3,0x03
19655,0x00061eeb,0x67dd1eeb,5,0x05
19656,0x00061eec,0x67dd1eec,-1,0xff
19657,0x00061eed,0x67dd1eed,-3,0xfd
19658,0x00061eee,0x67dd1eee,6,0x06
19659,0x00061eef,0x67dd1eef,4,0x04
19660,0x00061ef0,0x67dd1ef0,0,0x00
19661,0x00061ef1,0x67dd1ef1,-2,0xfe
19662,0x00061ef2,0x67dd1ef2,4,0x04
19663,0x00061ef3,0x67dd1ef3,2,0x02
19664,0x00061ef4,0x67dd1ef4,0,0x00
19665,0x00061ef5,0x67dd1ef5,8,0x08
19666,0x00061ef6,0x67dd1ef6,1,0x01
19667,0x00061ef7,0x67dd1ef7,-1,0xff
19668,0x00061ef8,0x67dd1ef8,0,0x00
19669,0x00061ef9,0x67dd1ef9,11,0x0b
19670,0x00061efa,0x67dd1efa,1,0x01
19671,0x00061efb,0x67dd1efb,-3,0xfd
19672,0x00061efc,0x67dd1efc,-1,0xff
19673,0x00061efd,0x67dd1efd,6,0x06
19674,0x00061efe,0x67dd1efe,-2,0xfe
19675,0x00061eff,0x67dd1eff,-4,0xfc
19676,0x00061f00,0x67dd1f00,-3,0xfd
19677,0x00061f01,0x67dd1f01,-2,0xfe
19678,0x00061f02,0x67dd1f02,-7,0xf9
19679,0x00061f03,0x67dd1f03,-4,0xfc
19680,0x00061f04,0x67dd1f04,0,0x00
19681,0x00061f05,0x67dd1f05,-1,0xff
19682,0x00061f06,0x67dd1f06,-1,0xff
19683,0x00061f07,0x67dd1f07,-1,0xff
19684,0x00061f08,0x67dd1f08,4,0x04
19685,0x00061f09,0x67dd1f09,5,0x05
19686,0x00061f0a,0x67dd1f0a,6,0x06
19687,0x00061f0b,0x67dd1f0b,5,0x05
19688,0x00061f0c,0x67dd1f0c,-5,0xfb
19689,0x00061f0d,0x67dd1f0d,-9,0xf7
19690,0x00061f0e,0x67dd1f0e,-8,0xf8
19691,0x00061f0f,0x67dd1f0f,-5,0xfb
19692,0x00061f10,0x67dd1f10,2,0x02
19693,0x00061f11,0x67dd1f11,2,0x02
19694,0x00061f12,0x67dd1f12,3,0x03
19695,0x00061f13,0x67dd1f13,2,0x02
19696,0x00061f14,0x67dd1f14,0,0x00
19697,0x00061f15,0x67dd1f15,2,0x02
19698,0x00061f16,0x67dd1f16,6,0x06
19699,0x00061f17,0x67dd1f17,1,0x01
19700,0x00061f18,0x67dd1f18,2,0x02
19701,0x00061f19,0x67dd1f19,0,0x00
19702,0x00061f1a,0x67dd1f1a,3,0x03
19703,0x00061f1b,0x67dd1f1b,0,0x00
19704,0x00061f1c,0x67dd1f1c,1,0x01
19705,0x00061f1d,0x67dd1f1d,-2,0xfe
19706,0x00061f1e,0x67dd1f1e,-1,0xff
19707,0x00061f1f,0x67dd1f1f,-2,0xfe
19708,0x00061f20,0x67dd1f20,0,0x00
19709,0x00061f21,0x67dd1f21,-1,0xff
19710,0x00061f22,0x67dd1f22,-3,0xfd
19711,0x00061f23,0x67dd1f23,-6,0xfa
19712,0x00061f24,0x67dd1f24,0,0x00
19713,0x00061f25,0x67dd1f25,0,0x00
19714,0x00061f26,0x67dd1f26,2,0x02
19715,0x00061f27,0x67dd1f27,0,0x00
19716,0x00061f28,0x67dd1f28,4,0x04
19717,0x00061f29,0x67dd1f29,0,0x00
19718,0x00061f2a,0x67dd1f2a,2,0x02
19719,0x00061f2b,0x67dd1f2b,1,0x01
19720,0x00061f2c,0x67dd1f2c,5,0x05
19721,0x00061f2d,0x67dd1f2d,-2,0xfe
19722,0x00061f2e,0x67dd1f2e,0,0x00
19723,0x00061f2f,0x67dd1f2f,0,0x00
19724,0x00061f30,0x67dd1f30,-2,0xfe
19725,0x00061f31,0x67dd1f31,-9,0xf7
19726,0x00061f32,0x67dd1f32,-1,0xff
19727,0x00061f33,0x67dd1f33,2,0x02
19728,0x00061f34,0x67dd1f34,0,0x00
19729,0x00061f35,0x67dd1f35,1,0x01
19730,0x00061f36,0x67dd1f36,0,0x00
19731,0x00061f37,0x67dd1f37,-10,0xf6
19732,0x00061f38,0x67dd1f38,-1,0xff
19733,0x00061f39,0x67dd1f39,1,0x01
19734,0x00061f3a,0x67dd1f3a,8,0x08
19735,0x00061f3b,0x67dd1f3b,0,0x00
19736,0x00061f3c,0x67dd1f3c,-1,0xff
19737,0x00061f3d,0x67dd1f3d,-2,0xfe
19738,0x00061f3e,0x67dd1f3e,4,0x04
19739,0x00061f3f,0x67dd1f3f,0,0x00
19740,0x00061f40,0x67dd1f40,1,0x01
19741,0x00061f41,0x67dd1f41,-1,0xff
19742,0x00061f42,0x67dd1f42,2,0x02
19743,0x00061f43,0x67dd1f43,-1,0xff
19744,0x00061f44,0x67dd1f44,-3,0xfd
19745,0x00061f45,0x67dd1f45,-2,0xfe
19746,0x00061f46,0x67dd1f46,2,0x02
19747,0x00061f47,0x67dd1f47,-1,0xff
19748,0x00061f48,0x67dd1f48,-3,0xfd
19749,0x00061f49,0x67dd1f49,-1,0xff
19750,0x00061f4a,0x67dd1f4a,2,0x02
19751,0x00061f4b,0x67dd1f4b,-3,0xfd
19752,0x00061f4c,0x67dd1f4c,0,0x00
19753,0x00061f4d,0x67dd1f4d,-1,0xff
19754,0x00061f4e,0x67dd1f4e,1,0x01
19755,0x00061f4f,0x67dd1f4f,0,0x00
19756,0x00061f50,0x67dd1f50,8,0x08
19757,0x00061f51,0x67dd1f51,1,0x01
19758,0x00061f52,0x67dd1f52,-1,0xff
19759,0x00061f53,0x67dd1f53,3,0x03
19760,0x00061f54,0x67dd1f54,0,0x00
19761,0x00061f55,0x67dd1f55,1,0x01
19762,0x00061f56,0x67dd1f56,1,0x01
19763,0x00061f57,0x67dd1f57,2,0x02
19764,0x00061f58,0x67dd1f58,0,0x00
19765,0x00061f59,0x67dd1f59,-4,0xfc
19766,0x00061f5a,0x67dd1f5a,-2,0xfe
19767,0x00061f5b,0x67dd1f5b,0,0x00
19768,0x00061f5c,0x67dd1f5c,-1,0xff
19769,0x00061f5d,0x67dd1f5d,-5,0xfb
19770,0x00061f5e,0x67dd1f5e,1,0x01
19771,0x00061f5f,0x67dd1f5f,-1,0xff
19772,0x00061f60,0x67dd1f60,-2,0xfe
19773,0x00061f61,0x67dd1f61,-1,0xff
19774,0x00061f62,0x67dd1f62,11,0x0b
19775,0x00061f63,0x67dd1f63,2,0x02
19776,0x00061f64,0x67dd1f64,1,0x01
19777,0x00061f65,0x67dd1f65,5,0x05
19778,0x00061f66,0x67dd1f66,-2,0xfe
19779,0x00061f67,0x67dd1f67,-2,0xfe
19780,0x00061f68,0x67dd1f68,0,0x00
19781,0x00061f69,0x67dd1f69,2,0x02
19782,0x00061f6a,0x67dd1f6a,-4,0xfc
19783,0x00061f6b,0x67dd1f6b,0,0x00
19784,0x00061f6c,0x67dd1f6c,-2,0xfe
19785,0x00061f6d,0x67dd1f6d,1,0x01
19786,0x00061f6e,0x67dd1f6e,-5,0xfb
19787,0x00061f6f,0x67dd1f6f,1,0x01
19788,0x00061f70,0x67dd1f70,0,0x00
19789,0x00061f71,0x67dd1f71,5,0x05
19790,0x00061f72,0x67dd1f72,0,0x00
19791,0x00061f73,0x67dd1f73,1,0x01
19792,0x00061f74,0x67dd1f74,-5,0xfb
19793,0x00061f75,0x67dd1f75,-3,0xfd
19794,0x00061f76,0x67dd1f76,0,0x00
19795,0x00061f77,0x67dd1f77,6,0x06
19796,0x00061f78,0x67dd1f78,-4,0xfc
19797,0x00061f79,0x67dd1f79,2,0x02
19798,0x00061f7a,0x67dd1f7a,0,0x00
19799,0x00061f7b,0x67dd1f7b,0,0x00
19800,0x00061f7c,0x67dd1f7c,-3,0xfd
19801,0x00061f7d,0x67dd1f7d,5,0x05
19802,0x00061f7e,0x67dd1f7e,1,0x01
19803,0x00061f7f,0x67dd1f7f,0,0x00
19804,0x00061f80,0x67dd1f80,-3,0xfd
19805,0x00061f81,0x67dd1f81,3,0x03
19806,0x00061f82,0x67dd1f82,0,0x00
19807,0x00061f83,0x67dd1f83,0,0x00
19808,0x00061f84,0x67dd1f84,3,0x03
19809,0x00061f85,0x67dd1f85,-2,0xfe
19810,0x00061f86,0x67dd1f86,-3,0xfd
19811,0x00061f87,0x67dd1f87,1,0x01
19812,0x00061f88,0x67dd1f88,1,0x01
19813,0x00061f89,0x67dd1f89,-4,0xfc
19814,0x00061f8a,0x67dd1f8a,0,0x00
19815,0x00061f8b,0x67dd1f8b,8,0x08
19816,0x00061f8c,0x67dd1f8c,-2,0xfe
19817,0x00061f8d,0x67dd1f8d,-3,0xfd
19818,0x00061f8e,0x67dd1f8e,-2,0xfe
19819,0x00061f8f,0x67dd1f8f,3,0x03
19820,0x00061f90,0x67dd1f90,1,0x01
19821,0x00061f91,0x67dd1f91,2,0x02
19822,0x00061f92,0x67dd1f92,-1,0xff
19823,0x00061f93,0x67dd1f93,-1,0xff
19824,0x00061f94,0x67dd1f94,1,0x01
19825,0x00061f95,0x67dd1f95,1,0x01
19826,0x00061f96,0x67dd1f96,0,0x00
19827,0x00061f97,0x67dd1f97,2,0x02
19828,0x00061f98,0x67dd1f98,2,0x02
19829,0x00061f99,0x67dd1f99,0,0x00
19830,0x00061f9a,0x67dd1f9a,1,0x01
19831,0x00061f9b,0x67dd1f9b,6,0x06
19832,0x00061f9c,0x67dd1f9c,1,0x01
19833,0x00061f9d,0x67dd1f9d,-1,0xff
19834,0x00061f9e,0x67dd1f9e,2,0x02
19835,0x00061f9f,0x67dd1f9f,1,0x01
19836,0x00061fa0,0x67dd1fa0,0,0x00
19837,0x00061fa1,0x67dd1fa1,3,0x03
19838,0x00061fa2,0x67dd1fa2,0,0x00
19839,0x00061fa3,0x67dd1fa3,-19,0xed
19840,0x00061fa4,0x67dd1fa4,1,0x01
19841,0x00061fa5,0x67dd1fa5,-3,0xfd
19842,0x00061fa6,0x67dd1fa6,-2,0xfe
19843,0x00061fa7,0x67dd1fa7,2,0x02
19844,0x00061fa8,0x67dd1fa8,6,0x06
19845,0x00061fa9,0x67dd1fa9,5,0x05
19846,0x00061faa,0x67dd1faa,-2,0xfe
19847,0x00061fab,0x67dd1fab,-7,0xf9
19848,0x00061fac,0x67dd1fac,-3,0xfd
19849,0x00061fad,0x67dd1fad,1,0x01
19850,0x00061fae,0x67dd1fae,3,0x03
19851,0x00061faf,0x67dd1faf,1,0x01
19852,0x00061fb0,0x67dd1fb0,-1,0xff
19853,0x00061fb1,0x67dd1fb1,-1,0xff
19854,0x00061fb2,0x67dd1fb2,0,0x00
19855,0x00061fb3,0x67dd1fb3,2,0x02
19856,0x00061fb4,0x67dd1fb4,-8,0xf8
19857,0x00061fb5,0x67dd1fb5,-1,0xff
19858,0x00061fb6,0x67dd1fb6,-1,0xff
19859,0x00061fb7,0x67dd1fb7,-4,0xfc
19860,0x00061fb8,0x67dd1fb8,1,0x01
19861,0x00061fb9,0x67dd1fb9,1,0x01
19862,0x00061fba,0x67dd1fba,-1,0xff
19863,0x00061fbb,0x67dd1fbb,2,0x02
19864,0x00061fbc,0x67dd1fbc,4,0x04
19865,0x00061fbd,0x67dd1fbd,3,0x03
19866,0x00061fbe,0x67dd1fbe,2,0x02
19867,0x00061fbf,0x67dd1fbf,3,0x03
19868,0x00061fc0,0x67dd1fc0,-5,0xfb
19869,0x00061fc1,0x67dd1fc1,1,0x01
19870,0x00061fc2,0x67dd1fc2,3,0x03
19871,0x00061fc3,0x67dd1fc3,0,0x00
19872,0x00061fc4,0x67dd1fc4,0,0x00
19873,0x00061fc5,0x67dd1fc5,2,0x02
19874,0x00061fc6,0x67dd1fc6,-1,0xff
19875,0x00061fc7,0x67dd1fc7,1,0x01
19876,0x00061fc8,0x67dd1fc8,-3,0xfd
19877,0x00061fc9,0x67dd1fc9,0,0x00
19878,0x00061fca,0x67dd1fca,0,0x00
19879,0x00061fcb,0x67dd1fcb,5,0x05
19880,0x00061fcc,0x67dd1fcc,-5,0xfb
19881,0x00061fcd,0x67dd1fcd,-2,0xfe
19882,0x00061fce,0x67dd1fce,0,0x00
19883,0x00061fcf,0x67dd1fcf,8,0x08
19884,0x00061fd0,0x67dd1fd0,-4,0xfc
19885,0x00061fd1,0x67dd1fd1,-4,0xfc
19886,0x00061fd2,0x67dd1fd2,-4,0xfc
19887,0x00061fd3,0x67dd1fd3,6,0x06
19888,0x00061fd4,0x67dd1fd4,1,0x01
19889,0x00061fd5,0x67dd1fd5,2,0x02
19890,0x00061fd6,0x67dd1fd6,1,0x01
19891,0x00061fd7,0x67dd1fd7,2,0x02
19892,0x00061fd8,0x67dd1fd8,2,0x02
19893,0x00061fd9,0x67dd1fd9,2,0x02
19894,0x00061fda,0x67dd1fda,-3,0xfd
19895,0x00061fdb,0x67dd1fdb,2,0x02
19896,0x00061fdc,0x67dd1fdc,4,0x04
19897,0x00061fdd,0x67dd1fdd,0,0x00
19898,0x00061fde,0x67dd1fde,-9,0xf7
19899,0x00061fdf,0x67dd1fdf,0,0x00
19900,0x00061fe0,0x67dd1fe0,7,0x07
19901,0x00061fe1,0x67dd1fe1,0,0x00
19902,0x00061fe2,0x67dd1fe2,-11,0xf5
19903,0x00061fe3,0x67dd1fe3,1,0x01
19904,0x00061fe4,0x67dd1fe4,0,0x00
19905,0x00061fe5,0x67dd1fe5,0,0x00
19906,0x00061fe6,0x67dd1fe6,0,0x00
19907,0x00061fe7,0x67dd1fe7,-2,0xfe
19908,0x00061fe8,0x67dd1fe8,3,0x03
19909,0x00061fe9,0x67dd1fe9,3,0x03
19910,0x00061fea,0x67dd1fea,-1,0xff
19911,0x00061feb,0x67dd1feb,-6,0xfa
19912,0x00061fec,0x67dd1fec,4,0x04
19913,0x00061fed,0x67dd1fed,3,0x03
19914,0x00061fee,0x67dd1fee,-3,0xfd
19915,0x00061fef,0x67dd1fef,-10,0xf6
19916,0x00061ff0,0x67dd1ff0,-1,0xff
19917,0x00061ff1,0x67dd1ff1,2,0x02
19918,0x00061ff2,0x67dd1ff2,6,0x06
19919,0x00061ff3,0x67dd1ff3,2,0x02
19920,0x00061ff4,0x67dd1ff4,7,0x07
19921,0x00061ff5,0x67dd1ff5,-2,0xfe
19922,0x00061ff6,0x67dd1ff6,-3,0xfd
19923,0x00061ff7,0x67dd1ff7,5,0x05
19924,0x00061ff8,0x67dd1ff8,-4,0xfc
19925,0x00061ff9,0x67dd1ff9,0,0x00
19926,0x00061ffa,0x67dd1ffa,3,0x03
19927,0x00061ffb,0x67dd1ffb,-1,0xff
19928,0x00061ffc,0x67dd1ffc,-4,0xfc
19929,0x00061ffd,0x67dd1ffd,2,0x02
19930,0x00061ffe,0x67dd1ffe,1,0x01
19931,0x00061fff,0x67dd1fff,-7,0xf9
19932,0x00062000,0x67dd2000,2,0x02
19933,0x00062001,0x67dd2001,-1,0xff
19934,0x00062002,0x67dd2002,-1,0xff
19935,0x00062003,0x67dd2003,3,0x03
19936,0x00062004,0x67dd2004,3,0x03
19937,0x00062005,0x67dd2005,2,0x02
19938,0x00062006,0x67dd2006,2,0x02
19939,0x00062007,0x67dd2007,2,0x02
19940,0x00062008,0x67dd2008,-5,0xfb
19941,0x00062009,0x67dd2009,-7,0xf9
19942,0x0006200a,0x67dd200a,-7,0xf9
19943,0x0006200b,0x67dd200b,-5,0xfb
19944,0x0006200c,0x67dd200c,5,0x05
19945,0x0006200d,0x67dd200d,6,0x06
19946,0x0006200e,0x67dd200e,4,0x04
19947,0x0006200f,0x67dd200f,2,0x02
19948,0x00062010,0x67dd2010,-2,0xfe
19949,0x00062011,0x67dd2011,-1,0xff
19950,0x00062012,0x67dd2012,0,0x00
19951,0x00062013,0x67dd2013,1,0x01
19952,0x00062014,0x67dd2014,4,0x04
19953,0x00062015,0x67dd2015,0,0x00
19954,0x00062016,0x67dd2016,-6,0xfa
19955,0x00062017,0x67dd2017,-7,0xf9
19956,0x00062018,0x67dd2018,-4,0xfc
19957,0x00062019,0x67dd2019,-8,0xf8
19958,0x0006201a,0x67dd201a,-13,0xf3
19959,0x0006201b,0x67dd201b,-9,0xf7
19960,0x0006201c,0x67dd201c,-8,0xf8
19961,0x0006201d,0x67dd201d,-8,0xf8
19962,0x0006201e,0x67dd201e,-1,0xff
19963,0x0006201f,0x67dd201f,6,0x06
19964,0x00062020,0x67dd2020,-2,0xfe
19965,0x00062021,0x67dd2021,5,0x05
19966,0x00062022,0x67dd2022,22,0x16
19967,0x00062023,0x67dd2023,27,0x1b
19968,0x00062024,0x67dd2024,-16,0xf0
19969,0x00062025,0x67dd2025,-7,0xf9
19970,0x00062026,0x67dd2026,11,0x0b
19971,0x00062027,0x67dd2027,10,0x0a
19972,0x00062028,0x67dd2028,-18,0xee
19973,0x00062029,0x67dd2029,-7,0xf9
19974,0x0006202a,0x67dd202a,13,0x0d
19975,0x0006202b,0x67dd202b,10,0x0a
19976,0x0006202c,0x67dd202c,-15,0xf1
19977,0x0006202d,0x67dd202d,-4,0xfc
19978,0x0006202e,0x67dd202e,12,0x0c
19979,0x0006202f,0x67dd202f,8,0x08
19980,0x00062030,0x67dd2030,-9,0xf7
19981,0x00062031,0x67dd2031,-1,0xff
19982,0x00062032,0x67dd2032,9,0x09
19983,0x00062033,0x67dd2033,5,0x05
19984,0x00062034,0x67dd2034,-2,0xfe
19985,0x00062035,0x67dd2035,2,0x02
19986,0x00062036,0x67dd2036,15,0x0f
19987,0x00062037,0x67dd2037,-16,0xf0
19988,0x00062038,0x67dd2038,-3,0xfd
19989,0x00062039,0x67dd2039,2,0x02
19990,0x0006203a,0x67dd203a,19,0x13
19991,0x0006203b,0x67dd203b,-19,0xed
19992,0x0006203c,0x67dd203c,-3,0xfd
19993,0x0006203d,0x67dd203d,2,0x02
19994,0x0006203e,0x67dd203e,19,0x13
19995,0x0006203f,0x67dd203f,-19,0xed
19996,0x00062040,0x67dd2040,-2,0xfe
19997,0x00062041,0x67dd2041,3,0x03
19998,0x00062042,0x67dd2042,15,0x0f
19999,0x00062043,0x67dd2043,-14,0xf2
20000,0x00062044,0x67dd2044,17,0x11
20001,0x00062045,0x67dd2045,22,0x16
20002,0x00062046,0x67dd2046,22,0x16
20003,0x00062047,0x67dd2047,16,0x10
20004,0x00062048,0x67dd2048,-6,0xfa
20005,0x00062049,0x67dd2049,-7,0xf9
20006,0x0006204a,0x67dd204a,-5,0xfb
20007,0x0006204b,0x67dd204b,-2,0xfe
20008,0x0006204c,0x67dd204c,-12,0xf4
20009,0x0006204d,0x67dd204d,-16,0xf0
20010,0x0006204e,0x67dd204e,-16,0xf0
20011,0x0006204f,0x67dd204f,-12,0xf4
20012,0x00062050,0x67dd2050,1,0x01
20013,0x00062051,0x67dd2051,1,0x01
20014,0x00062052,0x67dd2052,-1,0xff
20015,0x00062053,0x67dd2053,-3,0xfd
20016,0x00062054,0x67dd2054,11,0x0b
20017,0x00062055,0x67dd2055,-17,0xef
20018,0x00062056,0x67dd2056,0,0x00
20019,0x00062057,0x67dd2057,8,0x08
20020,0x00062058,0x67dd2058,14,0x0e
20021,0x00062059,0x67dd2059,-21,0xeb
20022,0x0006205a,0x67dd205a,-1,0xff
20023,0x0006205b,0x67dd205b,9,0x09
20024,0x0006205c,0x67dd205c,14,0x0e
20025,0x0006205d,0x67dd205d,-21,0xeb
20026,0x0006205e,0x67dd205e,-2,0xfe
20027,0x0006205f,0x67dd205f,8,0x08
20028,0x00062060,0x67dd2060,11,0x0b
20029,0x00062061,0x67dd2061,-16,0xf0
20030,0x00062062,0x67dd2062,-2,0xfe
20031,0x00062063,0x67dd2063,6,0x06
20032,0x00062064,0x67dd2064,7,0x07
20033,0x00062065,0x67dd2065,-2,0xfe
20034,0x00062066,0x67dd2066,-16,0xf0
20035,0x00062067,0x67dd2067,11,0x0b
20036,0x00062068,0x67dd2068,9,0x09
20037,0x00062069,0x67dd2069,-2,0xfe
20038,0x0006206a,0x67dd206a,-21,0xeb
20039,0x0006206b,0x67dd206b,14,0x0e
20040,0x0006206c,0x67dd206c,10,0x0a
20041,0x0006206d,0x67dd206d,-1,0xff
20042,0x0006206e,0x67dd206e,-22,0xea
20043,0x0006206f,0x67dd206f,14,0x0e
20044,0x00062070,0x67dd2070,8,0x08
20045,0x00062071,0x67dd2071,-1,0xff
20046,0x00062072,0x67dd2072,-18,0xee
20047,0x00062073,0x67dd2073,10,0x0a
20048,0x00062074,0x67dd2074,-10,0xf6
20049,0x00062075,0x67dd2075,16,0x10
20050,0x00062076,0x67dd2076,3,0x03
20051,0x00062077,0x67dd2077,-9,0xf7
20052,0x00062078,0x67dd2078,-13,0xf3
20053,0x00062079,0x67dd2079,20,0x14
20054,0x0006207a,0x67dd207a,4,0x04
20055,0x0006207b,0x67dd207b,-11,0xf5
20056,0x0006207c,0x67dd207c,-14,0xf2
20057,0x0006207d,0x67dd207d,21,0x15
20058,0x0006207e,0x67dd207e,4,0x04
20059,0x0006207f,0x67dd207f,-10,0xf6
20060,0x00062080,0x67dd2080,-11,0xf5
20061,0x00062081,0x67dd2081,16,0x10
20062,0x00062082,0x67dd2082,3,0x03
20063,0x00062083,0x67dd2083,-8,0xf8
20064,0x00062084,0x67dd2084,11,0x0b
20065,0x00062085,0x67dd2085,4,0x04
20066,0x00062086,0x67dd2086,-9,0xf7
20067,0x00062087,0x67dd2087,-9,0xf7
20068,0x00062088,0x67dd2088,15,0x0f
20069,0x00062089,0x67dd2089,6,0x06
20070,0x0006208a,0x67dd208a,-12,0xf4
20071,0x0006208b,0x67dd208b,-14,0xf2
20072,0x0006208c,0x67dd208c,17,0x11
20073,0x0006208d,0x67dd208d,8,0x08
20074,0x0006208e,0x67dd208e,-12,0xf4
20075,0x0006208f,0x67dd208f,-14,0xf2
20076,0x00062090,0x67dd2090,16,0x10
20077,0x00062091,0x67dd2091,10,0x0a
20078,0x00062092,0x67dd2092,-7,0xf9
20079,0x00062093,0x67dd2093,-11,0xf5
20080,0x00062094,0x67dd2094,4,0x04
20081,0x00062095,0x67dd2095,10,0x0a
20082,0x00062096,0x67dd2096,14,0x0e
20083,0x00062097,0x67dd2097,13,0x0d
20084,0x00062098,0x67dd2098,-1,0xff
20085,0x00062099,0x67dd2099,7,0x07
20086,0x0006209a,0x67dd209a,15,0x0f
20087,0x0006209b,0x67dd209b,16,0x10
20088,0x0006209c,0x67dd209c,-12,0xf4
20089,0x0006209d,0x67dd209d,-7,0xf9
20090,0x0006209e,0x67dd209e,3,0x03
20091,0x0006209f,0x67dd209f,8,0x08
20092,0x000620a0,0x67dd20a0,-20,0xec
20093,0x000620a1,0x67dd20a1,-23,0xe9
20094,0x000620a2,0x67dd20a2,-18,0xee
20095,0x000620a3,0x67dd20a3,-10,0xf6
20096,0x000620a4,0x67dd20a4,-10,0xf6
20097,0x000620a5,0x67dd20a5,-18,0xee
20098,0x000620a6,0x67dd20a6,-26,0xe6
20099,0x000620a7,0x67dd20a7,-25,0xe7
20100,0x000620a8,0x67dd20a8,4,0x04
20101,0x000620a9,0x67dd20a9,1,0x01
20102,0x000620aa,0x67dd20aa,-6,0xfa
20103,0x000620ab,0x67dd20ab,-11,0xf5
20104,0x000620ac,0x67dd20ac,13,0x0d
20105,0x000620ad,0x67dd20ad,15,0x0f
20106,0x000620ae,0x67dd20ae,11,0x0b
20107,0x000620af,0x67dd20af,3,0x03
20108,0x000620b0,0x67dd20b0,12,0x0c
20109,0x000620b1,0x67dd20b1,15,0x0f
20110,0x000620b2,0x67dd20b2,13,0x0d
20111,0x000620b3,0x67dd20b3,8,0x08
20112,0x000620b4,0x67dd20b4,-16,0xf0
20113,0x000620b5,0x67dd20b5,-19,0xed
20114,0x000620b6,0x67dd20b6,-16,0xf0
20115,0x000620b7,0x67dd20b7,-11,0xf5
20116,0x000620b8,0x67dd20b8,7,0x07
20117,0x000620b9,0x67dd20b9,12,0x0c
20118,0x000620ba,0x67dd20ba,15,0x0f
20119,0x000620bb,0x67dd20bb,11,0x0b
20120,0x000620bc,0x67dd20bc,11,0x0b
20121,0x000620bd,0x67dd20bd,16,0x10
20122,0x000620be,0x67dd20be,16,0x10
20123,0x000620bf,0x67dd20bf,11,0x0b
20124,0x000620c0,0x67dd20c0,-6,0xfa
20125,0x000620c1,0x67dd20c1,-9,0xf7
20126,0x000620c2,0x67dd20c2,-11,0xf5
20127,0x000620c3,0x67dd20c3,-10,0xf6
20128,0x000620c4,0x67dd20c4,18,0x12
20129,0x000620c5,0x67dd20c5,19,0x13
20130,0x000620c6,0x67dd20c6,12,0x0c
20131,0x000620c7,0x67dd20c7,5,0x05
20132,0x000620c8,0x67dd20c8,18,0x12
20133,0x000620c9,0x67dd20c9,16,0x10
20134,0x000620ca,0x67dd20ca,5,0x05
20135,0x000620cb,0x67dd20cb,-4,0xfc
20136,0x000620cc,0x67dd20cc,6,0x06
20137,0x000620cd,0x67dd20cd,0,0x00
20138,0x000620ce,0x67dd20ce,-10,0xf6
20139,0x000620cf,0x67dd20cf,-15,0xf1
20140,0x000620d0,0x67dd20d0,-9,0xf7
20141,0x000620d1,0x67dd20d1,-17,0xef
20142,0x000620d2,0x67dd20d2,-23,0xe9
20143,0x000620d3,0x67dd20d3,-22,0xea
20144,0x000620d4,0x67dd20d4,-10,0xf6
20145,0x000620d5,0x67dd20d5,-14,0xf2
20146,0x000620d6,0x67dd20d6,-1,0xff
20147,0x000620d7,0x67dd20d7,21,0x15
20148,0x000620d8,0x67dd20d8,-11,0xf5
20149,0x000620d9,0x67dd20d9,-17,0xef
20150,0x000620da,0x67dd20da,0,0x00
20151,0x000620db,0x67dd20db,29,0x1d
20152,0x000620dc,0x67dd20dc,-11,0xf5
20153,0x000620dd,0x67dd20dd,-16,0xf0
20154,0x000620de,0x67dd20de,1,0x01
20155,0x000620df,0x67dd20df,30,0x1e
20156,0x000620e0,0x67dd20e0,-10,0xf6
20157,0x000620e1,0x67dd20e1,-14,0xf2
20158,0x000620e2,0x67dd20e2,0,0x00
20159,0x000620e3,0x67dd20e3,23,0x17
20160,0x000620e4,0x67dd20e4,-16,0xf0
20161,0x000620e5,0x67dd20e5,-17,0xef
20162,0x000620e6,0x67dd20e6,-12,0xf4
20163,0x000620e7,0x67dd20e7,-6,0xfa
20164,0x000620e8,0x67dd20e8,-19,0xed
20165,0x000620e9,0x67dd20e9,-19,0xed
20166,0x000620ea,0x67dd20ea,-14,0xf2
20167,0x000620eb,0x67dd20eb,-7,0xf9
20168,0x000620ec,0x67dd20ec,-3,0xfd
20169,0x000620ed,0x67dd20ed,-1,0xff
20170,0x000620ee,0x67dd20ee,1,0x01
20171,0x000620ef,0x67dd20ef,2,0x02
20172,0x000620f0,0x67dd20f0,27,0x1b
20173,0x000620f1,0x67dd20f1,35,0x23
20174,0x000620f2,0x67dd20f2,29,0x1d
20175,0x000620f3,0x67dd20f3,19,0x13
20176,0x000620f4,0x67dd20f4,-37,0xdb
20177,0x000620f5,0x67dd20f5,-8,0xf8
20178,0x000620f6,0x67dd20f6,23,0x17
20179,0x000620f7,0x67dd20f7,23,0x17
20180,0x000620f8,0x67dd20f8,-42,0xd6
20181,0x000620f9,0x67dd20f9,-9,0xf7
20182,0x000620fa,0x67dd20fa,28,0x1c
20183,0x000620fb,0x67dd20fb,29,0x1d
20184,0x000620fc,0x67dd20fc,-43,0xd5
20185,0x000620fd,0x67dd20fd,-10,0xf6
20186,0x000620fe,0x67dd20fe,26,0x1a
20187,0x000620ff,0x67dd20ff,28,0x1c
20188,0x00062100,0x67dd2100,-38,0xda
20189,0x00062101,0x67dd2101,-11,0xf5
20190,0x00062102,0x67dd2102,19,0x13
20191,0x00062103,0x67dd2103,22,0x16
20192,0x00062104,0x67dd2104,32,0x20
20193,0x00062105,0x67dd2105,16,0x10
20194,0x00062106,0x67dd2106,-16,0xf0
20195,0x00062107,0x67dd2107,-33,0xdf
20196,0x00062108,0x67dd2108,39,0x27
20197,0x00062109,0x67dd2109,20,0x14
20198,0x0006210a,0x67dd210a,-18,0xee
20199,0x0006210b,0x67dd210b,-37,0xdb
20200,0x0006210c,0x67dd210c,38,0x26
20201,0x0006210d,0x67dd210d,19,0x13
20202,0x0006210e,0x67dd210e,-19,0xed
20203,0x0006210f,0x67dd210f,-38,0xda
20204,0x00062110,0x67dd2110,32,0x20
20205,0x00062111,0x67dd2111,15,0x0f
20206,0x00062112,0x67dd2112,-17,0xef
20207,0x00062113,0x67dd2113,-34,0xde
20208,0x00062114,0x67dd2114,24,0x18
20209,0x00062115,0x67dd2115,9,0x09
20210,0x00062116,0x67dd2116,-6,0xfa
20211,0x00062117,0x67dd2117,-4,0xfc
20212,0x00062118,0x67dd2118,-1,0xff
20213,0x00062119,0x67dd2119,-10,0xf6
20214,0x0006211a,0x67dd211a,-6,0xfa
20215,0x0006211b,0x67dd211b,3,0x03
20216,0x0006211c,0x67dd211c,-8,0xf8
20217,0x0006211d,0x67dd211d,-9,0xf7
20218,0x0006211e,0x67dd211e,-1,0xff
20219,0x0006211f,0x67dd211f,3,0x03
20220,0x00062120,0x67dd2120,3,0x03
20221,0x00062121,0x67dd2121,7,0x07
20222,0x00062122,0x67dd2122,2,0x02
20223,0x00062123,0x67dd2123,-6,0xfa
20224,0x00062124,0x67dd2124,-1,0xff
20225,0x00062125,0x67dd2125,-3,0xfd
20226,0x00062126,0x67dd2126,-1,0xff
20227,0x00062127,0x67dd2127,0,0x00
20228,0x00062128,0x67dd2128,-1,0xff
20229,0x00062129,0x67dd2129,4,0x04
20230,0x0006212a,0x67dd212a,2,0x02
20231,0x0006212b,0x67dd212b,-7,0xf9
20232,0x0006212c,0x67dd212c,-3,0xfd
20233,0x0006212d,0x67dd212d,11,0x0b
20234,0x0006212e,0x67dd212e,3,0x03
20235,0x0006212f,0x67dd212f,-16,0xf0
20236,0x00062130,0x67dd2130,1,0x01
20237,0x00062131,0x67dd2131,20,0x14
20238,0x00062132,0x67dd2132,9,0x09
20239,0x00062133,0x67dd2133,-18,0xee
20240,0x00062134,0x67dd2134,-3,0xfd
20241,0x00062135,0x67dd2135,-8,0xf8
20242,0x00062136,0x67dd2136,6,0x06
20243,0x00062137,0x67dd2137,12,0x0c
20244,0x00062138,0x67dd2138,-5,0xfb
20245,0x00062139,0x67dd2139,-10,0xf6
20246,0x0006213a,0x67dd213a,7,0x07
20247,0x0006213b,0x67dd213b,13,0x0d
20248,0x0006213c,0x67dd213c,-6,0xfa
20249,0x0006213d,0x67dd213d,-9,0xf7
20250,0x0006213e,0x67dd213e,5,0x05
20251,0x0006213f,0x67dd213f,7,0x07
20252,0x00062140,0x67dd2140,-5,0xfb
20253,0x00062141,0x67dd2141,-5,0xfb
20254,0x00062142,0x67dd2142,2,0x02
20255,0x00062143,0x67dd2143,-1,0xff
20256,0x00062144,0x67dd2144,-8,0xf8
20257,0x00062145,0x67dd2145,12,0x0c
20258,0x00062146,0x67dd2146,-3,0xfd
20259,0x00062147,0x67dd2147,-1,0xff
20260,0x00062148,0x67dd2148,-10,0xf6
20261,0x00062149,0x67dd2149,15,0x0f
20262,0x0006214a,0x67dd214a,-3,0xfd
20263,0x0006214b,0x67dd214b,1,0x01
20264,0x0006214c,0x67dd214c,-11,0xf5
20265,0x0006214d,0x67dd214d,13,0x0d
20266,0x0006214e,0x67dd214e,-4,0xfc
20267,0x0006214f,0x67dd214f,1,0x01
20268,0x00062150,0x67dd2150,-11,0xf5
20269,0x00062151,0x67dd2151,8,0x08
20270,0x00062152,0x67dd2152,-3,0xfd
20271,0x00062153,0x67dd2153,2,0x02
20272,0x00062154,0x67dd2154,9,0x09
20273,0x00062155,0x67dd2155,6,0x06
20274,0x00062156,0x67dd2156,-5,0xfb
20275,0x00062157,0x67dd2157,-12,0xf4
20276,0x00062158,0x67dd2158,3,0x03
20277,0x00062159,0x67dd2159,0,0x00
20278,0x0006215a,0x67dd215a,-8,0xf8
20279,0x0006215b,0x67dd215b,-13,0xf3
20280,0x0006215c,0x67dd215c,-4,0xfc
20281,0x0006215d,0x67dd215d,-4,0xfc
20282,0x0006215e,0x67dd215e,-1,0xff
20283,0x0006215f,0x67dd215f,-1,0xff
20284,0x00062160,0x67dd2160,-4,0xfc
20285,0x00062161,0x67dd2161,1,0x01
20286,0x00062162,0x67dd2162,15,0x0f
20287,0x00062163,0x67dd2163,18,0x12
20288,0x00062164,0x67dd2164,9,0x09
20289,0x00062165,0x67dd2165,13,0x0d
20290,0x00062166,0x67dd2166,14,0x0e
20291,0x00062167,0x67dd2167,12,0x0c
20292,0x00062168,0x67dd2168,4,0x04
20293,0x00062169,0x67dd2169,3,0x03
20294,0x0006216a,0x67dd216a,-1,0xff
20295,0x0006216b,0x67dd216b,-2,0xfe
20296,0x0006216c,0x67dd216c,-2,0xfe
20297,0x0006216d,0x67dd216d,-5,0xfb
20298,0x0006216e,0x67dd216e,-8,0xf8
20299,0x0006216f,0x67dd216f,-5,0xfb
20300,0x00062170,0x67dd2170,-7,0xf9
20301,0x00062171,0x67dd2171,-11,0xf5
20302,0x00062172,0x67dd2172,-9,0xf7
20303,0x00062173,0x67dd2173,-4,0xfc
20304,0x00062174,0x67dd2174,7,0x07
20305,0x00062175,0x67dd2175,-5,0xfb
20306,0x00062176,0x67dd2176,-7,0xf9
20307,0x00062177,0x67dd2177,-4,0xfc
20308,0x00062178,0x67dd2178,14,0x0e
20309,0x00062179,0x67dd2179,-2,0xfe
20310,0x0006217a,0x67dd217a,-7,0xf9
20311,0x0006217b,0x67dd217b,-4,0xfc
20312,0x0006217c,0x67dd217c,17,0x11
20313,0x0006217d,0x67dd217d,0,0x00
20314,0x0006217e,0x67dd217e,-8,0xf8
20315,0x0006217f,0x67dd217f,-5,0xfb
20316,0x00062180,0x67dd2180,15,0x0f
20317,0x00062181,0x67dd2181,1,0x01
20318,0x00062182,0x67dd2182,-7,0xf9
20319,0x00062183,0x67dd2183,-5,0xfb
20320,0x00062184,0x67dd2184,-10,0xf6
20321,0x00062185,0x67dd2185,-1,0xff
20322,0x00062186,0x67dd2186,6,0x06
20323,0x00062187,0x67dd2187,4,0x04
20324,0x00062188,0x67dd2188,-15,0xf1
20325,0x00062189,0x67dd2189,-9,0xf7
20326,0x0006218a,0x67dd218a,2,0x02
20327,0x0006218b,0x67dd218b,4,0x04
20328,0x0006218c,0x67dd218c,2,0x02
20329,0x0006218d,0x67dd218d,-1,0xff
20330,0x0006218e,0x67dd218e,-3,0xfd
20331,0x0006218f,0x67dd218f,0,0x00
20332,0x00062190,0x67dd2190,25,0x19
20333,0x00062191,0x67dd2191,13,0x0d
20334,0x00062192,0x67dd2192,-8,0xf8
20335,0x00062193,0x67dd2193,-10,0xf6
20336,0x00062194,0x67dd2194,7,0x07
20337,0x00062195,0x67dd2195,11,0x0b
20338,0x00062196,0x67dd2196,-3,0xfd
20339,0x00062197,0x67dd2197,-16,0xf0
20340,0x00062198,0x67dd2198,7,0x07
20341,0x00062199,0x67dd2199,11,0x0b
20342,0x0006219a,0x67dd219a,-3,0xfd
20343,0x0006219b,0x67dd219b,-15,0xf1
20344,0x0006219c,0x67dd219c,6,0x06
20345,0x0006219d,0x67dd219d,7,0x07
20346,0x0006219e,0x67dd219e,-2,0xfe
20347,0x0006219f,0x67dd219f,-9,0xf7
20348,0x000621a0,0x67dd21a0,4,0x04
20349,0x000621a1,0x67dd21a1,2,0x02
20350,0x000621a2,0x67dd21a2,-3,0xfd
20351,0x000621a3,0x67dd21a3,-5,0xfb
20352,0x000621a4,0x67dd21a4,-7,0xf9
20353,0x000621a5,0x67dd21a5,-1,0xff
20354,0x000621a6,0x67dd21a6,-1,0xff
20355,0x000621a7,0x67dd21a7,0,0x00
20356,0x000621a8,0x67dd21a8,-9,0xf7
20357,0x000621a9,0x67dd21a9,-2,0xfe
20358,0x000621aa,0x67dd21aa,2,0x02
20359,0x000621ab,0x67dd21ab,6,0x06
20360,0x000621ac,0x67dd21ac,-12,0xf4
20361,0x000621ad,0x67dd21ad,-4,0xfc
20362,0x000621ae,0x67dd21ae,6,0x06
20363,0x000621af,0x67dd21af,14,0x0e
20364,0x000621b0,0x67dd21b0,-13,0xf3
20365,0x000621b1,0x67dd21b1,-6,0xfa
20366,0x000621b2,0x67dd21b2,8,0x08
20367,0x000621b3,0x67dd21b3,19,0x13
20368,0x000621b4,0x67dd21b4,-18,0xee
20369,0x000621b5,0x67dd21b5,-18,0xee
20370,0x000621b6,0x67dd21b6,-11,0xf5
20371,0x000621b7,0x67dd21b7,-5,0xfb
20372,0x000621b8,0x67dd21b8,-3,0xfd
20373,0x000621b9,0x67dd21b9,0,0x00
20374,0x000621ba,0x67dd21ba,3,0x03
20375,0x000621bb,0x67dd21bb,4,0x04
20376,0x000621bc,0x67dd21bc,6,0x06
20377,0x000621bd,0x67dd21bd,8,0x08
20378,0x000621be,0x67dd21be,6,0x06
20379,0x000621bf,0x67dd21bf,6,0x06
20380,0x000621c0,0x67dd21c0,6,0x06
20381,0x000621c1,0x67dd21c1,6,0x06
20382,0x000621c2,0x67dd21c2,6,0x06
20383,0x000621c3,0x67dd21c3,6,0x06
20384,0x000621c4,0x67dd21c4,-5,0xfb
20385,0x000621c5,0x67dd21c5,3,0x03
20386,0x000621c6,0x67dd21c6,13,0x0d
20387,0x000621c7,0x67dd21c7,-10,0xf6
20388,0x000621c8,0x67dd21c8,-6,0xfa
20389,0x000621c9,0x67dd21c9,1,0x01
20390,0x000621ca,0x67dd21ca,15,0x0f
20391,0x000621cb,0x67dd21cb,-9,0xf7
20392,0x000621cc,0x67dd21cc,-6,0xfa
20393,0x000621cd,0x67dd21cd,-3,0xfd
20394,0x000621ce,0x67dd21ce,15,0x0f
20395,0x000621cf,0x67dd21cf,-6,0xfa
20396,0x000621d0,0x67dd21d0,-6,0xfa
20397,0x000621d1,0x67dd21d1,-6,0xfa
20398,0x000621d2,0x67dd21d2,10,0x0a
20399,0x000621d3,0x67dd21d3,-3,0xfd
20400,0x000621d4,0x67dd21d4,9,0x09
20401,0x000621d5,0x67dd21d5,1,0x01
20402,0x000621d6,0x67dd21d6,-9,0xf7
20403,0x000621d7,0x67dd21d7,-9,0xf7
20404,0x000621d8,0x67dd21d8,11,0x0b
20405,0x000621d9,0x67dd21d9,9,0x09
20406,0x000621da,0x67dd21da,6,0x06
20407,0x000621db,0x67dd21db,5,0x05
20408,0x000621dc,0x67dd21dc,0,0x00
20409,0x000621dd,0x67dd21dd,3,0x03
20410,0x000621de,0x67dd21de,8,0x08
20411,0x000621df,0x67dd21df,7,0x07
20412,0x000621e0,0x67dd21e0,-15,0xf1
20413,0x000621e1,0x67dd21e1,-14,0xf2
20414,0x000621e2,0x67dd21e2,-6,0xfa
20415,0x000621e3,0x67dd21e3,-5,0xfb
20416,0x000621e4,0x67dd21e4,-11,0xf5
20417,0x000621e5,0x67dd21e5,-6,0xfa
20418,0x000621e6,0x67dd21e6,11,0x0b
20419,0x000621e7,0x67dd21e7,19,0x13
20420,0x000621e8,0x67dd21e8,-2,0xfe
20421,0x000621e9,0x67dd21e9,-5,0xfb
20422,0x000621ea,0x67dd21ea,-9,0xf7
20423,0x000621eb,0x67dd21eb,-8,0xf8
20424,0x000621ec,0x67dd21ec,6,0x06
20425,0x000621ed,0x67dd21ed,2,0x02
20426,0x000621ee,0x67dd21ee,-9,0xf7
20427,0x000621ef,0x67dd21ef,-10,0xf6
20428,0x000621f0,0x67dd21f0,6,0x06
20429,0x000621f1,0x67dd21f1,5,0x05
20430,0x000621f2,0x67dd21f2,4,0x04
20431,0x000621f3,0x67dd21f3,5,0x05
20432,0x000621f4,0x67dd21f4,-7,0xf9
20433,0x000621f5,0x67dd21f5,-3,0xfd
20434,0x000621f6,0x67dd21f6,8,0x08
20435,0x000621f7,0x67dd21f7,15,0x0f
20436,0x000621f8,0x67dd21f8,-1,0xff
20437,0x000621f9,0x67dd21f9,3,0x03
20438,0x000621fa,0x67dd21fa,10,0x0a
20439,0x000621fb,0x67dd21fb,15,0x0f
20440,0x000621fc,0x67dd21fc,5,0x05
20441,0x000621fd,0x67dd21fd,5,0x05
20442,0x000621fe,0x67dd21fe,-1,0xff
20443,0x000621ff,0x67dd21ff,-2,0xfe
20444,0x00062200,0x67dd2200,4,0x04
20445,0x00062201,0x67dd2201,-2,0xfe
20446,0x00062202,0x67dd2202,-21,0xeb
20447,0x00062203,0x67dd2203,-25,0xe7
20448,0x00062204,0x67dd2204,6,0x06
20449,0x00062205,0x67dd2205,-6,0xfa
20450,0x00062206,0x67dd2206,-6,0xfa
20451,0x00062207,0x67dd2207,5,0x05
20452,0x00062208,0x67dd2208,8,0x08
20453,0x00062209,0x67dd2209,-9,0xf7
20454,0x0006220a,0x67dd220a,-7,0xf9
20455,0x0006220b,0x67dd220b,9,0x09
20456,0x0006220c,0x67dd220c,8,0x08
20457,0x0006220d,0x67dd220d,-12,0xf4
20458,0x0006220e,0x67dd220e,-7,0xf9
20459,0x0006220f,0x67dd220f,13,0x0d
20460,0x00062210,0x67dd2210,4,0x04
20461,0x00062211,0x67dd2211,-14,0xf2
20462,0x00062212,0x67dd2212,-7,0xf9
20463,0x00062213,0x67dd2213,14,0x0e
20464,0x00062214,0x67dd2214,-4,0xfc
20465,0x00062215,0x67dd2215,-3,0xfd
20466,0x00062216,0x67dd2216,1,0x01
20467,0x00062217,0x67dd2217,1,0x01
20468,0x00062218,0x67dd2218,-3,0xfd
20469,0x00062219,0x67dd2219,-5,0xfb
20470,0x0006221a,0x67dd221a,-2,0xfe
20471,0x0006221b,0x67dd221b,-3,0xfd
20472,0x0006221c,0x67dd221c,7,0x07
20473,0x0006221d,0x67dd221d,0,0x00
20474,0x0006221e,0x67dd221e,-2,0xfe
20475,0x0006221f,0x67dd221f,-4,0xfc
20476,0x00062220,0x67dd2220,20,0x14
20477,0x00062221,0x67dd2221,7,0x07
20478,0x00062222,0x67dd2222,-4,0xfc
20479,0x00062223,0x67dd2223,-4,0xfc
20480,0x00062224,0x67dd2224,-3,0xfd
20481,0x00062225,0x67dd2225,-20,0xec
20482,0x00062226,0x67dd2226,-6,0xfa
20483,0x00062227,0x67dd2227,10,0x0a
20484,0x00062228,0x67dd2228,6,0x06
20485,0x00062229,0x67dd2229,0,0x00
20486,0x0006222a,0x67dd222a,0,0x00
20487,0x0006222b,0x67dd222b,1,0x01
20488,0x0006222c,0x67dd222c,5,0x05
20489,0x0006222d,0x67dd222d,8,0x08
20490,0x0006222e,0x67dd222e,5,0x05
20491,0x0006222f,0x67dd222f,-1,0xff
20492,0x00062230,0x67dd2230,-3,0xfd
20493,0x00062231,0x67dd2231,0,0x00
20494,0x00062232,0x67dd2232,0,0x00
20495,0x00062233,0x67dd2233,-2,0xfe
20496,0x00062234,0x67dd2234,13,0x0d
20497,0x00062235,0x67dd2235,6,0x06
20498,0x00062236,0x67dd2236,-1,0xff
20499,0x00062237,0x67dd2237,2,0x02
20500,0x00062238,0x67dd2238,5,0x05
20501,0x00062239,0x67dd2239,3,0x03
20502,0x0006223a,0x67dd223a,2,0x02
20503,0x0006223b,0x67dd223b,3,0x03
20504,0x0006223c,0x67dd223c,-3,0xfd
20505,0x0006223d,0x67dd223d,0,0x00
20506,0x0006223e,0x67dd223e,3,0x03
20507,0x0006223f,0x67dd223f,0,0x00
20508,0x00062240,0x67dd2240,-16,0xf0
20509,0x00062241,0x67dd2241,-8,0xf8
20510,0x00062242,0x67dd2242,-2,0xfe
20511,0x00062243,0x67dd2243,-5,0xfb
20512,0x00062244,0x67dd2244,-2,0xfe
20513,0x00062245,0x67dd2245,-7,0xf9
20514,0x00062246,0x67dd2246,-6,0xfa
20515,0x00062247,0x67dd2247,0,0x00
20516,0x00062248,0x67dd2248,-3,0xfd
20517,0x00062249,0x67dd2249,-6,0xfa
20518,0x0006224a,0x67dd224a,-3,0xfd
20519,0x0006224b,0x67dd224b,1,0x01
20520,0x0006224c,0x67dd224c,-5,0xfb
20521,0x0006224d,0x67dd224d,-1,0xff
20522,0x0006224e,0x67dd224e,2,0x02
20523,0x0006224f,0x67dd224f,-1,0xff
20524,0x00062250,0x67dd2250,-1,0xff
20525,0x00062251,0x67dd2251,12,0x0c
20526,0x00062252,0x67dd2252,16,0x10
20527,0x00062253,0x67dd2253,5,0x05
20528,0x00062254,0x67dd2254,-7,0xf9
20529,0x00062255,0x67dd2255,1,0x01
20530,0x00062256,0x67dd2256,9,0x09
20531,0x00062257,0x67dd2257,8,0x08
20532,0x00062258,0x67dd2258,-10,0xf6
20533,0x00062259,0x67dd2259,-2,0xfe
20534,0x0006225a,0x67dd225a,5,0x05
20535,0x0006225b,0x67dd225b,3,0x03
20536,0x0006225c,0x67dd225c,-6,0xfa
20537,0x0006225d,0x67dd225d,2,0x02
20538,0x0006225e,0x67dd225e,7,0x07
20539,0x0006225f,0x67dd225f,3,0x03
20540,0x00062260,0x67dd2260,-4,0xfc
20541,0x00062261,0x67dd2261,0,0x00
20542,0x00062262,0x67dd2262,-1,0xff
20543,0x00062263,0x67dd2263,-7,0xf9
20544,0x00062264,0x67dd2264,3,0x03
20545,0x00062265,0x67dd2265,4,0x04
20546,0x00062266,0x67dd2266,-9,0xf7
20547,0x00062267,0x67dd2267,-24,0xe8
20548,0x00062268,0x67dd2268,0,0x00
20549,0x00062269,0x67dd2269,2,0x02
20550,0x0006226a,0x67dd226a,6,0x06
20551,0x0006226b,0x67dd226b,3,0x03
20552,0x0006226c,0x67dd226c,-1,0xff
20553,0x0006226d,0x67dd226d,-1,0xff
20554,0x0006226e,0x67dd226e,4,0x04
20555,0x0006226f,0x67dd226f,7,0x07
20556,0x00062270,0x67dd2270,5,0x05
20557,0x00062271,0x67dd2271,3,0x03
20558,0x00062272,0x67dd2272,-1,0xff
20559,0x00062273,0x67dd2273,-2,0xfe
20560,0x00062274,0x67dd2274,3,0x03
20561,0x00062275,0x67dd2275,6,0x06
20562,0x00062276,0x67dd2276,-9,0xf7
20563,0x00062277,0x67dd2277,2,0x02
20564,0x00062278,0x67dd2278,1,0x01
20565,0x00062279,0x67dd2279,6,0x06
20566,0x0006227a,0x67dd227a,-13,0xf3
20567,0x0006227b,0x67dd227b,1,0x01
20568,0x0006227c,0x67dd227c,1,0x01
20569,0x0006227d,0x67dd227d,8,0x08
20570,0x0006227e,0x67dd227e,-10,0xf6
20571,0x0006227f,0x67dd227f,2,0x02
20572,0x00062280,0x67dd2280,1,0x01
20573,0x00062281,0x67dd2281,8,0x08
20574,0x00062282,0x67dd2282,-7,0xf9
20575,0x00062283,0x67dd2283,1,0x01
20576,0x00062284,0x67dd2284,-3,0xfd
20577,0x00062285,0x67dd2285,-3,0xfd
20578,0x00062286,0x67dd2286,2,0x02
20579,0x00062287,0x67dd2287,22,0x16
20580,0x00062288,0x67dd2288,-2,0xfe
20581,0x00062289,0x67dd2289,-3,0xfd
20582,0x0006228a,0x67dd228a,-5,0xfb
20583,0x0006228b,0x67dd228b,12,0x0c
20584,0x0006228c,0x67dd228c,-2,0xfe
20585,0x0006228d,0x67dd228d,-3,0xfd
20586,0x0006228e,0x67dd228e,-10,0xf6
20587,0x0006228f,0x67dd228f,2,0x02
20588,0x00062290,0x67dd2290,-3,0xfd
20589,0x00062291,0x67dd2291,-1,0xff
20590,0x00062292,0x67dd2292,-4,0xfc
20591,0x00062293,0x67dd2293,2,0x02
20592,0x00062294,0x67dd2294,11,0x0b
20593,0x00062295,0x67dd2295,12,0x0c
20594,0x00062296,0x67dd2296,8,0x08
20595,0x00062297,0x67dd2297,2,0x02
20596,0x00062298,0x67dd2298,-5,0xfb
20597,0x00062299,0x67dd2299,-5,0xfb
20598,0x0006229a,0x67dd229a,-5,0xfb
20599,0x0006229b,0x67dd229b,-8,0xf8
20600,0x0006229c,0x67dd229c,-6,0xfa
20601,0x0006229d,0x67dd229d,-4,0xfc
20602,0x0006229e,0x67dd229e,0,0x00
20603,0x0006229f,0x67dd229f,-3,0xfd
20604,0x000622a0,0x67dd22a0,-2,0xfe
20605,0x000622a1,0x67dd22a1,-1,0xff
20606,0x000622a2,0x67dd22a2,3,0x03
20607,0x000622a3,0x67dd22a3,3,0x03
20608,0x000622a4,0x67dd22a4,12,0x0c
20609,0x000622a5,0x67dd22a5,-6,0xfa
20610,0x000622a6,0x67dd22a6,-2,0xfe
20611,0x000622a7,0x67dd22a7,-1,0xff
20612,0x000622a8,0x67dd22a8,12,0x0c
20613,0x000622a9,0x67dd22a9,-8,0xf8
20614,0x000622aa,0x67dd22aa,-2,0xfe
20615,0x000622ab,0x67dd22ab,-2,0xfe
20616,0x000622ac,0x67dd22ac,9,0x09
20617,0x000622ad,0x67dd22ad,-7,0xf9
20618,0x000622ae,0x67dd22ae,0,0x00
20619,0x000622af,0x67dd22af,-3,0xfd
20620,0x000622b0,0x67dd22b0,4,0x04
20621,0x000622b1,0x67dd22b1,-6,0xfa
20622,0x000622b2,0x67dd22b2,2,0x02
20623,0x000622b3,0x67dd22b3,-2,0xfe
20624,0x000622b4,0x67dd22b4,-19,0xed
20625,0x000622b5,0x67dd22b5,1,0x01
20626,0x000622b6,0x67dd22b6,12,0x0c
20627,0x000622b7,0x67dd22b7,-3,0xfd
20628,0x000622b8,0x67dd22b8,-4,0xfc
20629,0x000622b9,0x67dd22b9,4,0x04
20630,0x000622ba,0x67dd22ba,5,0x05
20631,0x000622bb,0x67dd22bb,-4,0xfc
20632,0x000622bc,0x67dd22bc,6,0x06
20633,0x000622bd,0x67dd22bd,1,0x01
20634,0x000622be,0x67dd22be,-2,0xfe
20635,0x000622bf,0x67dd22bf,-1,0xff
20636,0x000622c0,0x67dd22c0,4,0x04
20637,0x000622c1,0x67dd22c1,-4,0xfc
20638,0x000622c2,0x67dd22c2,-2,0xfe
20639,0x000622c3,0x67dd22c3,7,0x07
20640,0x000622c4,0x67dd22c4,-3,0xfd
20641,0x000622c5,0x67dd22c5,-4,0xfc
20642,0x000622c6,0x67dd22c6,-7,0xf9
20643,0x000622c7,0x67dd22c7,-8,0xf8
20644,0x000622c8,0x67dd22c8,-4,0xfc
20645,0x000622c9,0x67dd22c9,-4,0xfc
20646,0x000622ca,0x67dd22ca,-2,0xfe
20647,0x000622cb,0x67dd22cb,0,0x00
20648,0x000622cc,0x67dd22cc,-1,0xff
20649,0x000622cd,0x67dd22cd,2,0x02
20650,0x000622ce,0x67dd22ce,14,0x0e
20651,0x000622cf,0x67dd22cf,16,0x10
20652,0x000622d0,0x67dd22d0,-4,0xfc
20653,0x000622d1,0x67dd22d1,-2,0xfe
20654,0x000622d2,0x67dd22d2,4,0x04
20655,0x000622d3,0x67dd22d3,4,0x04
20656,0x000622d4,0x67dd22d4,-1,0xff
20657,0x000622d5,0x67dd22d5,7,0x07
20658,0x000622d6,0x67dd22d6,2,0x02
20659,0x000622d7,0x67dd22d7,-5,0xfb
20660,0x000622d8,0x67dd22d8,-2,0xfe
20661,0x000622d9,0x67dd22d9,0,0x00
20662,0x000622da,0x67dd22da,-1,0xff
20663,0x000622db,0x67dd22db,1,0x01
20664,0x000622dc,0x67dd22dc,4,0x04
20665,0x000622dd,0x67dd22dd,-3,0xfd
20666,0x000622de,0x67dd22de,-1,0xff
20667,0x000622df,0x67dd22df,13,0x0d
20668,0x000622e0,0x67dd22e0,6,0x06
20669,0x000622e1,0x67dd22e1,-12,0xf4
20670,0x000622e2,0x67dd22e2,-14,0xf2
20671,0x000622e3,0x67dd22e3,8,0x08
20672,0x000622e4,0x67dd22e4,-1,0xff
20673,0x000622e5,0x67dd22e5,5,0x05
20674,0x000622e6,0x67dd22e6,4,0x04
20675,0x000622e7,0x67dd22e7,-5,0xfb
20676,0x000622e8,0x67dd22e8,-2,0xfe
20677,0x000622e9,0x67dd22e9,5,0x05
20678,0x000622ea,0x67dd22ea,3,0x03
20679,0x000622eb,0x67dd22eb,-9,0xf7
20680,0x000622ec,0x67dd22ec,-2,0xfe
20681,0x000622ed,0x67dd22ed,7,0x07
20682,0x000622ee,0x67dd22ee,4,0x04
20683,0x000622ef,0x67dd22ef,-12,0xf4
20684,0x000622f0,0x67dd22f0,-1,0xff
20685,0x000622f1,0x67dd22f1,7,0x07
20686,0x000622f2,0x67dd22f2,4,0x04
20687,0x000622f3,0x67dd22f3,-9,0xf7
20688,0x000622f4,0x67dd22f4,-6,0xfa
20689,0x000622f5,0x67dd22f5,-3,0xfd
20690,0x000622f6,0x67dd22f6,1,0x01
20691,0x000622f7,0x67dd22f7,1,0x01
20692,0x000622f8,0x67dd22f8,11,0x0b
20693,0x000622f9,0x67dd22f9,11,0x0b
20694,0x000622fa,0x67dd22fa,0,0x00
20695,0x000622fb,0x67dd22fb,-6,0xfa
20696,0x000622fc,0x67dd22fc,6,0x06
20697,0x000622fd,0x67dd22fd,4,0x04
20698,0x000622fe,0x67dd22fe,-2,0xfe
20699,0x000622ff,0x67dd22ff,-7,0xf9
20700,0x00062300,0x67dd2300,-12,0xf4
20701,0x00062301,0x67dd2301,-10,0xf6
20702,0x00062302,0x67dd2302,3,0x03
20703,0x00062303,0x67dd2303,10,0x0a
20704,0x00062304,0x67dd2304,-2,0xfe
20705,0x00062305,0x67dd2305,-3,0xfd
20706,0x00062306,0x67dd2306,-3,0xfd
20707,0x00062307,0x67dd2307,-2,0xfe
20708,0x00062308,0x67dd2308,6,0x06
20709,0x00062309,0x67dd2309,11,0x0b
20710,0x0006230a,0x67dd230a,14,0x0e
20711,0x0006230b,0x67dd230b,10,0x0a
20712,0x0006230c,0x67dd230c,-9,0xf7
20713,0x0006230d,0x67dd230d,-11,0xf5
20714,0x0006230e,0x67dd230e,-10,0xf6
20715,0x0006230f,0x67dd230f,-10,0xf6
20716,0x00062310,0x67dd2310,2,0x02
20717,0x00062311,0x67dd2311,2,0x02
20718,0x00062312,0x67dd2312,3,0x03
20719,0x00062313,0x67dd2313,2,0x02
20720,0x00062314,0x67dd2314,-7,0xf9
20721,0x00062315,0x67dd2315,-5,0xfb
20722,0x00062316,0x67dd2316,-7,0xf9
20723,0x00062317,0x67dd2317,-1,0xff
20724,0x00062318,0x67dd2318,-1,0xff
20725,0x00062319,0x67dd2319,2,0x02
20726,0x0006231a,0x67dd231a,0,0x00
20727,0x0006231b,0x67dd231b,7,0x07
20728,0x0006231c,0x67dd231c,-1,0xff
20729,0x0006231d,0x67dd231d,1,0x01
20730,0x0006231e,0x67dd231e,0,0x00
20731,0x0006231f,0x67dd231f,9,0x09
20732,0x00062320,0x67dd2320,3,0x03
20733,0x00062321,0x67dd2321,4,0x04
20734,0x00062322,0x67dd2322,-5,0xfb
20735,0x00062323,0x67dd2323,-1,0xff
20736,0x00062324,0x67dd2324,10,0x0a
20737,0x00062325,0x67dd2325,-1,0xff
20738,0x00062326,0x67dd2326,-15,0xf1
20739,0x00062327,0x67dd2327,-1,0xff
20740,0x00062328,0x67dd2328,4,0x04
20741,0x00062329,0x67dd2329,1,0x01
20742,0x0006232a,0x67dd232a,-5,0xfb
20743,0x0006232b,0x67dd232b,2,0x02
20744,0x0006232c,0x67dd232c,-3,0xfd
20745,0x0006232d,0x67dd232d,1,0x01
20746,0x0006232e,0x67dd232e,-1,0xff
20747,0x0006232f,0x67dd232f,1,0x01
20748,0x00062330,0x67dd2330,-3,0xfd
20749,0x00062331,0x67dd2331,1,0x01
20750,0x00062332,0x67dd2332,4,0x04
20751,0x00062333,0x67dd2333,4,0x04
20752,0x00062334,0x67dd2334,2,0x02
20753,0x00062335,0x67dd2335,-1,0xff
20754,0x00062336,0x67dd2336,4,0x04
20755,0x00062337,0x67dd2337,10,0x0a
20756,0x00062338,0x67dd2338,6,0x06
20757,0x00062339,0x67dd2339,2,0x02
20758,0x0006233a,0x67dd233a,-1,0xff
20759,0x0006233b,0x67dd233b,0,0x00
20760,0x0006233c,0x67dd233c,2,0x02
20761,0x0006233d,0x67dd233d,2,0x02
20762,0x0006233e,0x67dd233e,-7,0xf9
20763,0x0006233f,0x67dd233f,-12,0xf4
20764,0x00062340,0x67dd2340,-4,0xfc
20765,0x00062341,0x67dd2341,2,0x02
20766,0x00062342,0x67dd2342,0,0x00
20767,0x00062343,0x67dd2343,-3,0xfd
20768,0x00062344,0x67dd2344,-1,0xff
20769,0x00062345,0x67dd2345,-4,0xfc
20770,0x00062346,0x67dd2346,-1,0xff
20771,0x00062347,0x67dd2347,-8,0xf8
20772,0x00062348,0x67dd2348,3,0x03
20773,0x00062349,0x67dd2349,-1,0xff
20774,0x0006234a,0x67dd234a,2,0x02
20775,0x0006234b,0x67dd234b,-9,0xf7
20776,0x0006234c,0x67dd234c,4,0x04
20777,0x0006234d,0x67dd234d,0,0x00
20778,0x0006234e,0x67dd234e,5,0x05
20779,0x0006234f,0x67dd234f,-5,0xfb
20780,0x00062350,0x67dd2350,2,0x02
20781,0x00062351,0x67dd2351,0,0x00
20782,0x00062352,0x67dd2352,8,0x08
20783,0x00062353,0x67dd2353,3,0x03
20784,0x00062354,0x67dd2354,3,0x03
20785,0x00062355,0x67dd2355,2,0x02
20786,0x00062356,0x67dd2356,1,0x01
20787,0x00062357,0x67dd2357,1,0x01
20788,0x00062358,0x67dd2358,4,0x04
20789,0x00062359,0x67dd2359,-2,0xfe
20790,0x0006235a,0x67dd235a,0,0x00
20791,0x0006235b,0x67dd235b,3,0x03
20792,0x0006235c,0x67dd235c,2,0x02
20793,0x0006235d,0x67dd235d,-1,0xff
20794,0x0006235e,0x67dd235e,4,0x04
20795,0x0006235f,0x67dd235f,1,0x01
20796,0x00062360,0x67dd2360,0,0x00
20797,0x00062361,0x67dd2361,6,0x06
20798,0x00062362,0x67dd2362,-1,0xff
20799,0x00062363,0x67dd2363,-25,0xe7
20800,0x00062364,0x67dd2364,-1,0xff
20801,0x00062365,0x67dd2365,-2,0xfe
20802,0x00062366,0x67dd2366,-2,0xfe
20803,0x00062367,0x67dd2367,-4,0xfc
20804,0x00062368,0x67dd2368,-3,0xfd
20805,0x00062369,0x67dd2369,0,0x00
20806,0x0006236a,0x67dd236a,-1,0xff
20807,0x0006236b,0x67dd236b,-4,0xfc
20808,0x0006236c,0x67dd236c,-1,0xff
20809,0x0006236d,0x67dd236d,-1,0xff
20810,0x0006236e,0x67dd236e,-4,0xfc
20811,0x0006236f,0x67dd236f,2,0x02
20812,0x00062370,0x67dd2370,0,0x00
20813,0x00062371,0x67dd2371,-6,0xfa
20814,0x00062372,0x67dd2372,2,0x02
20815,0x00062373,0x67dd2373,25,0x19
20816,0x00062374,0x67dd2374,-11,0xf5
20817,0x00062375,0x67dd2375,-1,0xff
20818,0x00062376,0x67dd2376,5,0x05
20819,0x00062377,0x67dd2377,0,0x00
20820,0x00062378,0x67dd2378,7,0x07
20821,0x00062379,0x67dd2379,0,0x00
20822,0x0006237a,0x67dd237a,-2,0xfe
20823,0x0006237b,0x67dd237b,2,0x02
20824,0x0006237c,0x67dd237c,10,0x0a
20825,0x0006237d,0x67dd237d,-1,0xff
20826,0x0006237e,0x67dd237e,-3,0xfd
20827,0x0006237f,0x67dd237f,4,0x04
20828,0x00062380,0x67dd2380,-5,0xfb
20829,0x00062381,0x67dd2381,-5,0xfb
20830,0x00062382,0x67dd2382,-2,0xfe
20831,0x00062383,0x67dd2383,-1,0xff
20832,0x00062384,0x67dd2384,0,0x00
20833,0x00062385,0x67dd2385,6,0x06
20834,0x00062386,0x67dd2386,3,0x03
20835,0x00062387,0x67dd2387,-1,0xff
20836,0x00062388,0x67dd2388,-2,0xfe
20837,0x00062389,0x67dd2389,-1,0xff
20838,0x0006238a,0x67dd238a,-1,0xff
20839,0x0006238b,0x67dd238b,1,0x01
20840,0x0006238c,0x67dd238c,-1,0xff
20841,0x0006238d,0x67dd238d,-7,0xf9
20842,0x0006238e,0x67dd238e,-12,0xf4
20843,0x0006238f,0x67dd238f,-5,0xfb
20844,0x00062390,0x67dd2390,8,0x08
20845,0x00062391,0x67dd2391,6,0x06
20846,0x00062392,0x67dd2392,2,0x02
20847,0x00062393,0x67dd2393,4,0x04
20848,0x00062394,0x67dd2394,2,0x02
20849,0x00062395,0x67dd2395,6,0x06
20850,0x00062396,0x67dd2396,-1,0xff
20851,0x00062397,0x67dd2397,-6,0xfa
20852,0x00062398,0x67dd2398,9,0x09
20853,0x00062399,0x67dd2399,10,0x0a
20854,0x0006239a,0x67dd239a,-1,0xff
20855,0x0006239b,0x67dd239b,-4,0xfc
20856,0x0006239c,0x67dd239c,1,0x01
20857,0x0006239d,0x67dd239d,0,0x00
20858,0x0006239e,0x67dd239e,-4,0xfc
20859,0x0006239f,0x67dd239f,0,0x00
20860,0x000623a0,0x67dd23a0,3,0x03
20861,0x000623a1,0x67dd23a1,-2,0xfe
20862,0x000623a2,0x67dd23a2,-9,0xf7
20863,0x000623a3,0x67dd23a3,-5,0xfb
20864,0x000623a4,0x67dd23a4,-4,0xfc
20865,0x000623a5,0x67dd23a5,3,0x03
20866,0x000623a6,0x67dd23a6,4,0x04
20867,0x000623a7,0x67dd23a7,0,0x00
20868,0x000623a8,0x67dd23a8,-4,0xfc
20869,0x000623a9,0x67dd23a9,3,0x03
20870,0x000623aa,0x67dd23aa,3,0x03
20871,0x000623ab,0x67dd23ab,0,0x00
20872,0x000623ac,0x67dd23ac,-11,0xf5
20873,0x000623ad,0x67dd23ad,0,0x00
20874,0x000623ae,0x67dd23ae,3,0x03
20875,0x000623af,0x67dd23af,2,0x02
20876,0x000623b0,0x67dd23b0,-11,0xf5
20877,0x000623b1,0x67dd23b1,3,0x03
20878,0x000623b2,0x67dd23b2,7,0x07
20879,0x000623b3,0x67dd23b3,2,0x02
20880,0x000623b4,0x67dd23b4,2,0x02
20881,0x000623b5,0x67dd23b5,-4,0xfc
20882,0x000623b6,0x67dd23b6,7,0x07
20883,0x000623b7,0x67dd23b7,3,0x03
20884,0x000623b8,0x67dd23b8,1,0x01
20885,0x000623b9,0x67dd23b9,-8,0xf8
20886,0x000623ba,0x67dd23ba,7,0x07
20887,0x000623bb,0x67dd23bb,1,0x01
20888,0x000623bc,0x67dd23bc,-1,0xff
20889,0x000623bd,0x67dd23bd,-12,0xf4
20890,0x000623be,0x67dd23be,4,0x04
20891,0x000623bf,0x67dd23bf,1,0x01
20892,0x000623c0,0x67dd23c0,3,0x03
20893,0x000623c1,0x67dd23c1,-9,0xf7
20894,0x000623c2,0x67dd23c2,2,0x02
20895,0x000623c3,0x67dd23c3,2,0x02
20896,0x000623c4,0x67dd23c4,2,0x02
20897,0x000623c5,0x67dd23c5,-2,0xfe
20898,0x000623c6,0x67dd23c6,-2,0xfe
20899,0x000623c7,0x67dd23c7,9,0x09
20900,0x000623c8,0x67dd23c8,-17,0xef
20901,0x000623c9,0x67dd23c9,-3,0xfd
20902,0x000623ca,0x67dd23ca,3,0x03
20903,0x000623cb,0x67dd23cb,1,0x01
20904,0x000623cc,0x67dd23cc,-4,0xfc
20905,0x000623cd,0x67dd23cd,7,0x07
20906,0x000623ce,0x67dd23ce,1,0x01
20907,0x000623cf,0x67dd23cf,-6,0xfa
20908,0x000623d0,0x67dd23d0,5,0x05
20909,0x000623d1,0x67dd23d1,4,0x04
20910,0x000623d2,0x67dd23d2,-1,0xff
20911,0x000623d3,0x67dd23d3,3,0x03
20912,0x000623d4,0x67dd23d4,-1,0xff
20913,0x000623d5,0x67dd23d5,2,0x02
20914,0x000623d6,0x67dd23d6,0,0x00
20915,0x000623d7,0x67dd23d7,-4,0xfc
20916,0x000623d8,0x67dd23d8,-7,0xf9
20917,0x000623d9,0x67dd23d9,8,0x08
20918,0x000623da,0x67dd23da,12,0x0c
20919,0x000623db,0x67dd23db,-1,0xff
20920,0x000623dc,0x67dd23dc,-2,0xfe
20921,0x000623dd,0x67dd23dd,5,0x05
20922,0x000623de,0x67dd23de,4,0x04
20923,0x000623df,0x67dd23df,-5,0xfb
20924,0x000623e0,0x67dd23e0,3,0x03
20925,0x000623e1,0x67dd23e1,-5,0xfb
20926,0x000623e2,0x67dd23e2,-8,0xf8
20927,0x000623e3,0x67dd23e3,-2,0xfe
20928,0x000623e4,0x67dd23e4,0,0x00
20929,0x000623e5,0x67dd23e5,0,0x00
20930,0x000623e6,0x67dd23e6,-5,0xfb
20931,0x000623e7,0x67dd23e7,-2,0xfe
20932,0x000623e8,0x67dd23e8,-2,0xfe
20933,0x000623e9,0x67dd23e9,-8,0xf8
20934,0x000623ea,0x67dd23ea,3,0x03
20935,0x000623eb,0x67dd23eb,27,0x1b
20936,0x000623ec,0x67dd23ec,-1,0xff
20937,0x000623ed,0x67dd23ed,-4,0xfc
20938,0x000623ee,0x67dd23ee,-3,0xfd
20939,0x000623ef,0x67dd23ef,6,0x06
20940,0x000623f0,0x67dd23f0,-3,0xfd
20941,0x000623f1,0x67dd23f1,1,0x01
20942,0x000623f2,0x67dd23f2,-2,0xfe
20943,0x000623f3,0x67dd23f3,-7,0xf9
20944,0x000623f4,0x67dd23f4,4,0x04
20945,0x000623f5,0x67dd23f5,4,0x04
20946,0x000623f6,0x67dd23f6,1,0x01
20947,0x000623f7,0x67dd23f7,-1,0xff
20948,0x000623f8,0x67dd23f8,-7,0xf9
20949,0x000623f9,0x67dd23f9,-10,0xf6
20950,0x000623fa,0x67dd23fa,-7,0xf9
20951,0x000623fb,0x67dd23fb,-3,0xfd
20952,0x000623fc,0x67dd23fc,10,0x0a
20953,0x000623fd,0x67dd23fd,10,0x0a
20954,0x000623fe,0x67dd23fe,5,0x05
20955,0x000623ff,0x67dd23ff,3,0x03
20956,0x00062400,0x67dd2400,-2,0xfe
20957,0x00062401,0x67dd2401,-2,0xfe
20958,0x00062402,0x67dd2402,-4,0xfc
20959,0x00062403,0x67dd2403,-3,0xfd
20960,0x00062404,0x67dd2404,0,0x00
20961,0x00062405,0x67dd2405,1,0x01
20962,0x00062406,0x67dd2406,5,0x05
20963,0x00062407,0x67dd2407,7,0x07
20964,0x00062408,0x67dd2408,4,0x04
20965,0x00062409,0x67dd2409,-2,0xfe
20966,0x0006240a,0x67dd240a,-16,0xf0
20967,0x0006240b,0x67dd240b,-20,0xec
20968,0x0006240c,0x67dd240c,0,0x00
20969,0x0006240d,0x67dd240d,4,0x04
20970,0x0006240e,0x67dd240e,7,0x07
20971,0x0006240f,0x67dd240f,8,0x08
20972,0x00062410,0x67dd2410,2,0x02
20973,0x00062411,0x67dd2411,0,0x00
20974,0x00062412,0x67dd2412,-2,0xfe
20975,0x00062413,0x67dd2413,-1,0xff
20976,0x00062414,0x67dd2414,-2,0xfe
20977,0x00062415,0x67dd2415,1,0x01
20978,0x00062416,0x67dd2416,3,0x03
20979,0x00062417,0x67dd2417,17,0x11
20980,0x00062418,0x67dd2418,-3,0xfd
20981,0x00062419,0x67dd2419,1,0x01
20982,0x0006241a,0x67dd241a,-2,0xfe
20983,0x0006241b,0x67dd241b,-1,0xff
20984,0x0006241c,0x67dd241c,-1,0xff
20985,0x0006241d,0x67dd241d,-2,0xfe
20986,0x0006241e,0x67dd241e,-1,0xff
20987,0x0006241f,0x67dd241f,-2,0xfe
20988,0x00062420,0x67dd2420,-1,0xff
20989,0x00062421,0x67dd2421,-5,0xfb
20990,0x00062422,0x67dd2422,-1,0xff
20991,0x00062423,0x67dd2423,0,0x00
20992,0x00062424,0x67dd2424,5,0x05
20993,0x00062425,0x67dd2425,-3,0xfd
20994,0x00062426,0x67dd2426,1,0x01
20995,0x00062427,0x67dd2427,0,0x00
20996,0x00062428,0x67dd2428,6,0x06
20997,0x00062429,0x67dd2429,-2,0xfe
20998,0x0006242a,0x67dd242a,0,0x00
20999,0x0006242b,0x67dd242b,0,0x00
21000,0x0006242c,0x67dd242c,-1,0xff
21001,0x0006242d,0x67dd242d,-2,0xfe
21002,0x0006242e,0x67dd242e,0,0x00
21003,0x0006242f,0x67dd242f,-3,0xfd
21004,0x00062430,0x67dd2430,-11,0xf5
21005,0x00062431,0x67dd2431,1,0x01
21006,0x00062432,0x67dd2432,8,0x08
21007,0x00062433,0x67dd2433,-1,0xff
21008,0x00062434,0x67dd2434,3,0x03
21009,0x00062435,0x67dd2435,0,0x00
21010,0x00062436,0x67dd2436,0,0x00
21011,0x00062437,0x67dd2437,0,0x00
21012,0x00062438,0x67dd2438,0,0x00
21013,0x00062439,0x67dd2439,2,0x02
21014,0x0006243a,0x67dd243a,4,0x04
21015,0x0006243b,0x67dd243b,1,0x01
21016,0x0006243c,0x67dd243c,2,0x02
21017,0x0006243d,0x67dd243d,0,0x00
21018,0x0006243e,0x67dd243e,6,0x06
21019,0x0006243f,0x67dd243f,1,0x01
21020,0x00062440,0x67dd2440,-2,0xfe
21021,0x00062441,0x67dd2441,-18,0xee
21022,0x00062442,0x67dd2442,-3,0xfd
21023,0x00062443,0x67dd2443,2,0x02
21024,0x00062444,0x67dd2444,-14,0xf2
21025,0x00062445,0x67dd2445,0,0x00
21026,0x00062446,0x67dd2446,6,0x06
21027,0x00062447,0x67dd2447,1,0x01
21028,0x00062448,0x67dd2448,-5,0xfb
21029,0x00062449,0x67dd2449,-2,0xfe
21030,0x0006244a,0x67dd244a,-1,0xff
21031,0x0006244b,0x67dd244b,1,0x01
21032,0x0006244c,0x67dd244c,-1,0xff
21033,0x0006244d,0x67dd244d,1,0x01
21034,0x0006244e,0x67dd244e,0,0x00
21035,0x0006244f,0x67dd244f,1,0x01
21036,0x00062450,0x67dd2450,1,0x01
21037,0x00062451,0x67dd2451,7,0x07
21038,0x00062452,0x67dd2452,4,0x04
21039,0x00062453,0x67dd2453,0,0x00
21040,0x00062454,0x67dd2454,-1,0xff
21041,0x00062455,0x67dd2455,0,0x00
21042,0x00062456,0x67dd2456,1,0x01
21043,0x00062457,0x67dd2457,-4,0xfc
21044,0x00062458,0x67dd2458,1,0x01
21045,0x00062459,0x67dd2459,8,0x08
21046,0x0006245a,0x67dd245a,3,0x03
21047,0x0006245b,0x67dd245b,-4,0xfc
21048,0x0006245c,0x67dd245c,-3,0xfd
21049,0x0006245d,0x67dd245d,4,0x04
21050,0x0006245e,0x67dd245e,1,0x01
21051,0x0006245f,0x67dd245f,3,0x03
21052,0x00062460,0x67dd2460,-6,0xfa
21053,0x00062461,0x67dd2461,1,0x01
21054,0x00062462,0x67dd2462,-4,0xfc
21055,0x00062463,0x67dd2463,1,0x01
21056,0x00062464,0x67dd2464,1,0x01
21057,0x00062465,0x67dd2465,-12,0xf4
21058,0x00062466,0x67dd2466,3,0x03
21059,0x00062467,0x67dd2467,3,0x03
21060,0x00062468,0x67dd2468,-1,0xff
21061,0x00062469,0x67dd2469,-10,0xf6
21062,0x0006246a,0x67dd246a,0,0x00
21063,0x0006246b,0x67dd246b,-1,0xff
21064,0x0006246c,0x67dd246c,2,0x02
21065,0x0006246d,0x67dd246d,0,0x00
21066,0x0006246e,0x67dd246e,2,0x02
21067,0x0006246f,0x67dd246f,1,0x01
21068,0x00062470,0x67dd2470,3,0x03
21069,0x00062471,0x67dd2471,2,0x02
21070,0x00062472,0x67dd2472,2,0x02
21071,0x00062473,0x67dd2473,4,0x04
21072,0x00062474,0x67dd2474,3,0x03
21073,0x00062475,0x67dd2475,0,0x00
21074,0x00062476,0x67dd2476,0,0x00
21075,0x00062477,0x67dd2477,3,0x03
21076,0x00062478,0x67dd2478,2,0x02
21077,0x00062479,0x67dd2479,0,0x00
21078,0x0006247a,0x67dd247a,-2,0xfe
21079,0x0006247b,0x67dd247b,1,0x01
21080,0x0006247c,0x67dd247c,5,0x05
21081,0x0006247d,0x67dd247d,2,0x02
21082,0x0006247e,0x67dd247e,-5,0xfb
21083,0x0006247f,0x67dd247f,0,0x00
21084,0x00062480,0x67dd2480,6,0x06
21085,0x00062481,0x67dd2481,-1,0xff
21086,0x00062482,0x67dd2482,-14,0xf2
21087,0x00062483,0x67dd2483,-1,0xff
21088,0x00062484,0x67dd2484,-2,0xfe
21089,0x00062485,0x67dd2485,-6,0xfa
21090,0x00062486,0x67dd2486,-3,0xfd
21091,0x00062487,0x67dd2487,-3,0xfd
21092,0x00062488,0x67dd2488,2,0x02
21093,0x00062489,0x67dd2489,-1,0xff
21094,0x0006248a,0x67dd248a,4,0x04
21095,0x0006248b,0x67dd248b,5,0x05
21096,0x0006248c,0x67dd248c,6,0x06
21097,0x0006248d,0x67dd248d,-1,0xff
21098,0x0006248e,0x67dd248e,-2,0xfe
21099,0x0006248f,0x67dd248f,0,0x00
21100,0x00062490,0x67dd2490,4,0x04
21101,0x00062491,0x67dd2491,4,0x04
21102,0x00062492,0x67dd2492,-1,0xff
21103,0x00062493,0x67dd2493,-5,0xfb
21104,0x00062494,0x67dd2494,-4,0xfc
21105,0x00062495,0x67dd2495,1,0x01
21106,0x00062496,0x67dd2496,-11,0xf5
21107,0x00062497,0x67dd2497,0,0x00
21108,0x00062498,0x67dd2498,-1,0xff
21109,0x00062499,0x67dd2499,2,0x02
21110,0x0006249a,0x67dd249a,-4,0xfc
21111,0x0006249b,0x67dd249b,1,0x01
21112,0x0006249c,0x67dd249c,2,0x02
21113,0x0006249d,0x67dd249d,-3,0xfd
21114,0x0006249e,0x67dd249e,3,0x03
21115,0x0006249f,0x67dd249f,-1,0xff
21116,0x000624a0,0x67dd24a0,1,0x01
21117,0x000624a1,0x67dd24a1,-2,0xfe
21118,0x000624a2,0x67dd24a2,15,0x0f
21119,0x000624a3,0x67dd24a3,0,0x00
21120,0x000624a4,0x67dd24a4,1,0x01
21121,0x000624a5,0x67dd24a5,-1,0xff
21122,0x000624a6,0x67dd24a6,0,0x00
21123,0x000624a7,0x67dd24a7,-2,0xfe
21124,0x000624a8,0x67dd24a8,1,0x01
21125,0x000624a9,0x67dd24a9,-4,0xfc
21126,0x000624aa,0x67dd24aa,-7,0xf9
21127,0x000624ab,0x67dd24ab,1,0x01
21128,0x000624ac,0x67dd24ac,-2,0xfe
21129,0x000624ad,0x67dd24ad,-6,0xfa
21130,0x000624ae,0x67dd24ae,-1,0xff
21131,0x000624af,0x67dd24af,21,0x15
21132,0x000624b0,0x67dd24b0,-2,0xfe
21133,0x000624b1,0x67dd24b1,2,0x02
21134,0x000624b2,0x67dd24b2,-1,0xff
21135,0x000624b3,0x67dd24b3,1,0x01
21136,0x000624b4,0x67dd24b4,21,0x15
21137,0x000624b5,0x67dd24b5,-1,0xff
21138,0x000624b6,0x67dd24b6,-2,0xfe
21139,0x000624b7,0x67dd24b7,0,0x00
21140,0x000624b8,0x67dd24b8,-1,0xff
21141,0x000624b9,0x67dd24b9,-3,0xfd
21142,0x000624ba,0x67dd24ba,1,0x01
21143,0x000624bb,0x67dd24bb,-2,0xfe
21144,0x000624bc,0x67dd24bc,-9,0xf7
21145,0x000624bd,0x67dd24bd,-2,0xfe
21146,0x000624be,0x67dd24be,2,0x02
21147,0x000624bf,0x67dd24bf,-1,0xff
21148,0x000624c0,0x67dd24c0,2,0x02
21149,0x000624c1,0x67dd24c1,1,0x01
21150,0x000624c2,0x67dd24c2,-4,0xfc
21151,0x000624c3,0x67dd24c3,-1,0xff
21152,0x000624c4,0x67dd24c4,1,0x01
21153,0x000624c5,0x67dd24c5,8,0x08
21154,0x000624c6,0x67dd24c6,2,0x02
21155,0x000624c7,0x67dd24c7,-6,0xfa
21156,0x000624c8,0x67dd24c8,-10,0xf6
21157,0x000624c9,0x67dd24c9,-1,0xff
21158,0x000624ca,0x67dd24ca,4,0x04
21159,0x000624cb,0x67dd24cb,0,0x00
21160,0x000624cc,0x67dd24cc,-4,0xfc
21161,0x000624cd,0x67dd24cd,-3,0xfd
21162,0x000624ce,0x67dd24ce,3,0x03
21163,0x000624cf,0x67dd24cf,3,0x03
21164,0x000624d0,0x67dd24d0,5,0x05
21165,0x000624d1,0x67dd24d1,0,0x00
21166,0x000624d2,0x67dd24d2,-1,0xff
21167,0x000624d3,0x67dd24d3,-1,0xff
21168,0x000624d4,0x67dd24d4,3,0x03
21169,0x000624d5,0x67dd24d5,2,0x02
21170,0x000624d6,0x67dd24d6,1,0x01
21171,0x000624d7,0x67dd24d7,-2,0xfe
21172,0x000624d8,0x67dd24d8,-2,0xfe
21173,0x000624d9,0x67dd24d9,-2,0xfe
21174,0x000624da,0x67dd24da,4,0x04
21175,0x000624db,0x67dd24db,3,0x03
21176,0x000624dc,0x67dd24dc,5,0x05
21177,0x000624dd,0x67dd24dd,2,0x02
21178,0x000624de,0x67dd24de,-4,0xfc
21179,0x000624df,0x67dd24df,-17,0xef
21180,0x000624e0,0x67dd24e0,0,0x00
21181,0x000624e1,0x67dd24e1,-2,0xfe
21182,0x000624e2,0x67dd24e2,4,0x04
21183,0x000624e3,0x67dd24e3,3,0x03
21184,0x000624e4,0x67dd24e4,-7,0xf9
21185,0x000624e5,0x67dd24e5,-4,0xfc
21186,0x000624e6,0x67dd24e6,0,0x00
21187,0x000624e7,0x67dd24e7,3,0x03
21188,0x000624e8,0x67dd24e8,9,0x09
21189,0x000624e9,0x67dd24e9,9,0x09
21190,0x000624ea,0x67dd24ea,2,0x02
21191,0x000624eb,0x67dd24eb,-1,0xff
21192,0x000624ec,0x67dd24ec,-11,0xf5
21193,0x000624ed,0x67dd24ed,-6,0xfa
21194,0x000624ee,0x67dd24ee,0,0x00
21195,0x000624ef,0x67dd24ef,-1,0xff
21196,0x000624f0,0x67dd24f0,5,0x05
21197,0x000624f1,0x67dd24f1,1,0x01
21198,0x000624f2,0x67dd24f2,0,0x00
21199,0x000624f3,0x67dd24f3,1,0x01
21200,0x000624f4,0x67dd24f4,0,0x00
21201,0x000624f5,0x67dd24f5,17,0x11
21202,0x000624f6,0x67dd24f6,5,0x05
21203,0x000624f7,0x67dd24f7,-11,0xf5
21204,0x000624f8,0x67dd24f8,3,0x03
21205,0x000624f9,0x67dd24f9,-2,0xfe
21206,0x000624fa,0x67dd24fa,-6,0xfa
21207,0x000624fb,0x67dd24fb,0,0x00
21208,0x000624fc,0x67dd24fc,2,0x02
21209,0x000624fd,0x67dd24fd,-2,0xfe
21210,0x000624fe,0x67dd24fe,-4,0xfc
21211,0x000624ff,0x67dd24ff,1,0x01
21212,0x00062500,0x67dd2500,-4,0xfc
21213,0x00062501,0x67dd2501,1,0x01
21214,0x00062502,0x67dd2502,2,0x02
21215,0x00062503,0x67dd2503,-1,0xff
21216,0x00062504,0x67dd2504,-5,0xfb
21217,0x00062505,0x67dd2505,-1,0xff
21218,0x00062506,0x67dd2506,-5,0xfb
21219,0x00062507,0x67dd2507,-3,0xfd
21220,0x00062508,0x67dd2508,-3,0xfd
21221,0x00062509,0x67dd2509,5,0x05
21222,0x0006250a,0x67dd250a,-3,0xfd
21223,0x0006250b,0x67dd250b,-2,0xfe
21224,0x0006250c,0x67dd250c,4,0x04
21225,0x0006250d,0x67dd250d,16,0x10
21226,0x0006250e,0x67dd250e,2,0x02
21227,0x0006250f,0x67dd250f,-5,0xfb
21228,0x00062510,0x67dd2510,-2,0xfe
21229,0x00062511,0x67dd2511,5,0x05
21230,0x00062512,0x67dd2512,-1,0xff
21231,0x00062513,0x67dd2513,-1,0xff
21232,0x00062514,0x67dd2514,0,0x00
21233,0x00062515,0x67dd2515,0,0x00
21234,0x00062516,0x67dd2516,-4,0xfc
21235,0x00062517,0x67dd2517,1,0x01
21236,0x00062518,0x67dd2518,-1,0xff
21237,0x00062519,0x67dd2519,2,0x02
21238,0x0006251a,0x67dd251a,5,0x05
21239,0x0006251b,0x67dd251b,11,0x0b
21240,0x0006251c,0x67dd251c,-1,0xff
21241,0x0006251d,0x67dd251d,-1,0xff
21242,0x0006251e,0x67dd251e,-2,0xfe
21243,0x0006251f,0x67dd251f,1,0x01
21244,0x00062520,0x67dd2520,-4,0xfc
21245,0x00062521,0x67dd2521,-2,0xfe
21246,0x00062522,0x67dd2522,-3,0xfd
21247,0x00062523,0x67dd2523,-1,0xff
21248,0x00062524,0x67dd2524,-5,0xfb
21249,0x00062525,0x67dd2525,-1,0xff
21250,0x00062526,0x67dd2526,10,0x0a
21251,0x00062527,0x67dd2527,0,0x00
21252,0x00062528,0x67dd2528,6,0x06
21253,0x00062529,0x67dd2529,1,0x01
21254,0x0006252a,0x67dd252a,0,0x00
21255,0x0006252b,0x67dd252b,-3,0xfd
21256,0x0006252c,0x67dd252c,0,0x00
21257,0x0006252d,0x67dd252d,-4,0xfc
21258,0x0006252e,0x67dd252e,1,0x01
21259,0x0006252f,0x67dd252f,0,0x00
21260,0x00062530,0x67dd2530,-2,0xfe
21261,0x00062531,0x67dd2531,-4,0xfc
21262,0x00062532,0x67dd2532,3,0x03
21263,0x00062533,0x67dd2533,-1,0xff
21264,0x00062534,0x67dd2534,6,0x06
21265,0x00062535,0x67dd2535,9,0x09
21266,0x00062536,0x67dd2536,3,0x03
21267,0x00062537,0x67dd2537,0,0x00
21268,0x00062538,0x67dd2538,-2,0xfe
21269,0x00062539,0x67dd2539,1,0x01
21270,0x0006253a,0x67dd253a,-2,0xfe
21271,0x0006253b,0x67dd253b,0,0x00
21272,0x0006253c,0x67dd253c,-2,0xfe
21273,0x0006253d,0x67dd253d,-3,0xfd
21274,0x0006253e,0x67dd253e,-2,0xfe
21275,0x0006253f,0x67dd253f,-2,0xfe
21276,0x00062540,0x67dd2540,1,0x01
21277,0x00062541,0x67dd2541,0,0x00
21278,0x00062542,0x67dd2542,1,0x01
21279,0x00062543,0x67dd2543,-6,0xfa
21280,0x00062544,0x67dd2544,1,0x01
21281,0x00062545,0x67dd2545,0,0x00
21282,0x00062546,0x67dd2546,2,0x02
21283,0x00062547,0x67dd2547,1,0x01
21284,0x00062548,0x67dd2548,-1,0xff
21285,0x00062549,0x67dd2549,3,0x03
21286,0x0006254a,0x67dd254a,-2,0xfe
21287,0x0006254b,0x67dd254b,1,0x01
21288,0x0006254c,0x67dd254c,0,0x00
21289,0x0006254d,0x67dd254d,-1,0xff
21290,0x0006254e,0x67dd254e,-15,0xf1
21291,0x0006254f,0x67dd254f,0,0x00
21292,0x00062550,0x67dd2550,-1,0xff
21293,0x00062551,0x67dd2551,5,0x05
21294,0x00062552,0x67dd2552,2,0x02
21295,0x00062553,0x67dd2553,6,0x06
21296,0x00062554,0x67dd2554,2,0x02
21297,0x00062555,0x67dd2555,0,0x00
21298,0x00062556,0x67dd2556,2,0x02
21299,0x00062557,0x67dd2557,2,0x02
21300,0x00062558,0x67dd2558,0,0x00
21301,0x00062559,0x67dd2559,-12,0xf4
21302,0x0006255a,0x67dd255a,-4,0xfc
21303,0x0006255b,0x67dd255b,6,0x06
21304,0x0006255c,0x67dd255c,0,0x00
21305,0x0006255d,0x67dd255d,1,0x01
21306,0x0006255e,0x67dd255e,4,0x04
21307,0x0006255f,0x67dd255f,-1,0xff
21308,0x00062560,0x67dd2560,1,0x01
21309,0x00062561,0x67dd2561,2,0x02
21310,0x00062562,0x67dd2562,1,0x01
21311,0x00062563,0x67dd2563,-4,0xfc
21312,0x00062564,0x67dd2564,1,0x01
21313,0x00062565,0x67dd2565,-2,0xfe
21314,0x00062566,0x67dd2566,-7,0xf9
21315,0x00062567,0x67dd2567,0,0x00
21316,0x00062568,0x67dd2568,0,0x00
21317,0x00062569,0x67dd2569,0,0x00
21318,0x0006256a,0x67dd256a,0,0x00
21319,0x0006256b,0x67dd256b,-1,0xff
21320,0x0006256c,0x67dd256c,-5,0xfb
21321,0x0006256d,0x67dd256d,2,0x02
21322,0x0006256e,0x67dd256e,11,0x0b
21323,0x0006256f,0x67dd256f,3,0x03
21324,0x00062570,0x67dd2570,1,0x01
21325,0x00062571,0x67dd2571,3,0x03
21326,0x00062572,0x67dd2572,0,0x00
21327,0x00062573,0x67dd2573,-6,0xfa
21328,0x00062574,0x67dd2574,0,0x00
21329,0x00062575,0x67dd2575,-3,0xfd
21330,0x00062576,0x67dd2576,-9,0xf7
21331,0x00062577,0x67dd2577,-4,0xfc
21332,0x00062578,0x67dd2578,1,0x01
21333,0x00062579,0x67dd2579,3,0x03
21334,0x0006257a,0x67dd257a,-1,0xff
21335,0x0006257b,0x67dd257b,0,0x00
21336,0x0006257c,0x67dd257c,4,0x04
21337,0x0006257d,0x67dd257d,1,0x01
21338,0x0006257e,0x67dd257e,-2,0xfe
21339,0x0006257f,0x67dd257f,0,0x00
21340,0x00062580,0x67dd2580,7,0x07
21341,0x00062581,0x67dd2581,-3,0xfd
21342,0x00062582,0x67dd2582,-1,0xff
21343,0x00062583,0x67dd2583,6,0x06
21344,0x00062584,0x67dd2584,1,0x01
21345,0x00062585,0x67dd2585,-2,0xfe
21346,0x00062586,0x67dd2586,6,0x06
21347,0x00062587,0x67dd2587,2,0x02
21348,0x00062588,0x67dd2588,0,0x00
21349,0x00062589,0x67dd2589,-1,0xff
21350,0x0006258a,0x67dd258a,3,0x03
21351,0x0006258b,0x67dd258b,-2,0xfe
21352,0x0006258c,0x67dd258c,-2,0xfe
21353,0x0006258d,0x67dd258d,4,0x04
21354,0x0006258e,0x67dd258e,0,0x00
21355,0x0006258f,0x67dd258f,2,0x02
21356,0x00062590,0x67dd2590,-1,0xff
21357,0x00062591,0x67dd2591,2,0x02
21358,0x00062592,0x67dd2592,-14,0xf2
21359,0x00062593,0x67dd2593,2,0x02
21360,0x00062594,0x67dd2594,2,0x02
21361,0x00062595,0x67dd2595,2,0x02
21362,0x00062596,0x67dd2596,0,0x00
21363,0x00062597,0x67dd2597,-1,0xff
21364,0x00062598,0x67dd2598,-2,0xfe
21365,0x00062599,0x67dd2599,3,0x03
21366,0x0006259a,0x67dd259a,-3,0xfd
21367,0x0006259b,0x67dd259b,-14,0xf2
21368,0x0006259c,0x67dd259c,0,0x00
21369,0x0006259d,0x67dd259d,2,0x02
21370,0x0006259e,0x67dd259e,3,0x03
21371,0x0006259f,0x67dd259f,-3,0xfd
21372,0x000625a0,0x67dd25a0,5,0x05
21373,0x000625a1,0x67dd25a1,1,0x01
21374,0x000625a2,0x67dd25a2,3,0x03
21375,0x000625a3,0x67dd25a3,2,0x02
21376,0x000625a4,0x67dd25a4,1,0x01
21377,0x000625a5,0x67dd25a5,-3,0xfd
21378,0x000625a6,0x67dd25a6,4,0x04
21379,0x000625a7,0x67dd25a7,-14,0xf2
21380,0x000625a8,0x67dd25a8,1,0x01
21381,0x000625a9,0x67dd25a9,-2,0xfe
21382,0x000625aa,0x67dd25aa,11,0x0b
21383,0x000625ab,0x67dd25ab,-1,0xff
21384,0x000625ac,0x67dd25ac,0,0x00
21385,0x000625ad,0x67dd25ad,-1,0xff
21386,0x000625ae,0x67dd25ae,3,0x03
21387,0x000625af,0x67dd25af,0,0x00
21388,0x000625b0,0x67dd25b0,-1,0xff
21389,0x000625b1,0x67dd25b1,1,0x01
21390,0x000625b2,0x67dd25b2,0,0x00
21391,0x000625b3,0x67dd25b3,2,0x02
21392,0x000625b4,0x67dd25b4,-2,0xfe
21393,0x000625b5,0x67dd25b5,3,0x03
21394,0x000625b6,0x67dd25b6,-3,0xfd
21395,0x000625b7,0x67dd25b7,2,0x02
21396,0x000625b8,0x67dd25b8,-4,0xfc
21397,0x000625b9,0x67dd25b9,-1,0xff
21398,0x000625ba,0x67dd25ba,-4,0xfc
21399,0x000625bb,0x67dd25bb,3,0x03
21400,0x000625bc,0x67dd25bc,-1,0xff
21401,0x000625bd,0x67dd25bd,2,0x02
21402,0x000625be,0x67dd25be,1,0x01
21403,0x000625bf,0x67dd25bf,3,0x03
21404,0x000625c0,0x67dd25c0,-6,0xfa
21405,0x000625c1,0x67dd25c1,-2,0xfe
21406,0x000625c2,0x67dd25c2,2,0x02
21407,0x000625c3,0x67dd25c3,7,0x07
21408,0x000625c4,0x67dd25c4,-2,0xfe
21409,0x000625c5,0x67dd25c5,1,0x01
21410,0x000625c6,0x67dd25c6,2,0x02
21411,0x000625c7,0x67dd25c7,0,0x00
21412,0x000625c8,0x67dd25c8,-2,0xfe
21413,0x000625c9,0x67dd25c9,0,0x00
21414,0x000625ca,0x67dd25ca,0,0x00
21415,0x000625cb,0x67dd25cb,-1,0xff
21416,0x000625cc,0x67dd25cc,12,0x0c
21417,0x000625cd,0x67dd25cd,5,0x05
21418,0x000625ce,0x67dd25ce,-1,0xff
21419,0x000625cf,0x67dd25cf,2,0x02
21420,0x000625d0,0x67dd25d0,-8,0xf8
21421,0x000625d1,0x67dd25d1,-1,0xff
21422,0x000625d2,0x67dd25d2,1,0x01
21423,0x000625d3,0x67dd25d3,-7,0xf9
21424,0x000625d4,0x67dd25d4,2,0x02
21425,0x000625d5,0x67dd25d5,-2,0xfe
21426,0x000625d6,0x67dd25d6,-4,0xfc
21427,0x000625d7,0x67dd25d7,2,0x02
21428,0x000625d8,0x67dd25d8,11,0x0b
21429,0x000625d9,0x67dd25d9,0,0x00
21430,0x000625da,0x67dd25da,-11,0xf5
21431,0x000625db,0x67dd25db,-2,0xfe
21432,0x000625dc,0x67dd25dc,3,0x03
21433,0x000625dd,0x67dd25dd,1,0x01
21434,0x000625de,0x67dd25de,-3,0xfd
21435,0x000625df,0x67dd25df,-1,0xff
21436,0x000625e0,0x67dd25e0,0,0x00
21437,0x000625e1,0x67dd25e1,3,0x03
21438,0x000625e2,0x67dd25e2,1,0x01
21439,0x000625e3,0x67dd25e3,-1,0xff
21440,0x000625e4,0x67dd25e4,0,0x00
21441,0x000625e5,0x67dd25e5,3,0x03
21442,0x000625e6,0x67dd25e6,0,0x00
21443,0x000625e7,0x67dd25e7,-2,0xfe
21444,0x000625e8,0x67dd25e8,0,0x00
21445,0x000625e9,0x67dd25e9,-6,0xfa
21446,0x000625ea,0x67dd25ea,-1,0xff
21447,0x000625eb,0x67dd25eb,-3,0xfd
21448,0x000625ec,0x67dd25ec,12,0x0c
21449,0x000625ed,0x67dd25ed,-7,0xf9
21450,0x000625ee,0x67dd25ee,-2,0xfe
21451,0x000625ef,0x67dd25ef,0,0x00
21452,0x000625f0,0x67dd25f0,7,0x07
21453,0x000625f1,0x67dd25f1,-2,0xfe
21454,0x000625f2,0x67dd25f2,1,0x01
21455,0x000625f3,0x67dd25f3,1,0x01
21456,0x000625f4,0x67dd25f4,1,0x01
21457,0x000625f5,0x67dd25f5,2,0x02
21458,0x000625f6,0x67dd25f6,2,0x02
21459,0x000625f7,0x67dd25f7,2,0x02
21460,0x000625f8,0x67dd25f8,-1,0xff
21461,0x000625f9,0x67dd25f9,2,0x02
21462,0x000625fa,0x67dd25fa,0,0x00
21463,0x000625fb,0x67dd25fb,2,0x02
21464,0x000625fc,0x67dd25fc,-23,0xe9
21465,0x000625fd,0x67dd25fd,0,0x00
21466,0x000625fe,0x67dd25fe,4,0x04
21467,0x000625ff,0x67dd25ff,0,0x00
21468,0x00062600,0x67dd2600,3,0x03
21469,0x00062601,0x67dd2601,2,0x02
21470,0x00062602,0x67dd2602,1,0x01
21471,0x00062603,0x67dd2603,3,0x03
21472,0x00062604,0x67dd2604,-4,0xfc
21473,0x00062605,0x67dd2605,-5,0xfb
21474,0x00062606,0x67dd2606,-1,0xff
21475,0x00062607,0x67dd2607,5,0x05
21476,0x00062608,0x67dd2608,-3,0xfd
21477,0x00062609,0x67dd2609,5,0x05
21478,0x0006260a,0x67dd260a,10,0x0a
21479,0x0006260b,0x67dd260b,-1,0xff
21480,0x0006260c,0x67dd260c,0,0x00
21481,0x0006260d,0x67dd260d,0,0x00
21482,0x0006260e,0x67dd260e,3,0x03
21483,0x0006260f,0x67dd260f,-4,0xfc
21484,0x00062610,0x67dd2610,1,0x01
21485,0x00062611,0x67dd2611,-1,0xff
21486,0x00062612,0x67dd2612,2,0x02
21487,0x00062613,0x67dd2613,-5,0xfb
21488,0x00062614,0x67dd2614,12,0x0c
21489,0x00062615,0x67dd2615,13,0x0d
21490,0x00062616,0x67dd2616,13,0x0d
21491,0x00062617,0x67dd2617,11,0x0b
21492,0x00062618,0x67dd2618,-7,0xf9
21493,0x00062619,0x67dd2619,-10,0xf6
21494,0x0006261a,0x67dd261a,-15,0xf1
21495,0x0006261b,0x67dd261b,-17,0xef
21496,0x0006261c,0x67dd261c,-16,0xf0
21497,0x0006261d,0x67dd261d,-15,0xf1
21498,0x0006261e,0x67dd261e,-12,0xf4
21499,0x0006261f,0x67dd261f,-10,0xf6
21500,0x00062620,0x67dd2620,11,0x0b
21501,0x00062621,0x67dd2621,15,0x0f
21502,0x00062622,0x67dd2622,15,0x0f
21503,0x00062623,0x67dd2623,12,0x0c
21504,0x00062624,0x67dd2624,2,0x02
21505,0x00062625,0x67dd2625,17,0x11
21506,0x00062626,0x67dd2626,20,0x14
21507,0x00062627,0x67dd2627,15,0x0f
21508,0x00062628,0x67dd2628,-45,0xd3
21509,0x00062629,0x67dd2629,-24,0xe8
21510,0x0006262a,0x67dd262a,2,0x02
21511,0x0006262b,0x67dd262b,13,0x0d
21512,0x0006262c,0x67dd262c,21,0x15
21513,0x0006262d,0x67dd262d,20,0x14
21514,0x0006262e,0x67dd262e,-6,0xfa
21515,0x0006262f,0x67dd262f,-36,0xdc
21516,0x00062630,0x67dd2630,12,0x0c
21517,0x00062631,0x67dd2631,16,0x10
21518,0x00062632,0x67dd2632,-1,0xff
21519,0x00062633,0x67dd2633,-27,0xe5
21520,0x00062634,0x67dd2634,-18,0xee
21521,0x00062635,0x67dd2635,-21,0xeb
21522,0x00062636,0x67dd2636,10,0x0a
21523,0x00062637,0x67dd2637,45,0x2d
21524,0x00062638,0x67dd2638,-11,0xf5
21525,0x00062639,0x67dd2639,-20,0xec
21526,0x0006263a,0x67dd263a,-7,0xf9
21527,0x0006263b,0x67dd263b,21,0x15
21528,0x0006263c,0x67dd263c,43,0x2b
21529,0x0006263d,0x67dd263d,-8,0xf8
21530,0x0006263e,0x67dd263e,-28,0xe4
21531,0x0006263f,0x67dd263f,0,0x00
21532,0x00062640,0x67dd2640,33,0x21
21533,0x00062641,0x67dd2641,-16,0xf0
21534,0x00062642,0x67dd2642,-28,0xe4
21535,0x00062643,0x67dd2643,3,0x03
21536,0x00062644,0x67dd2644,-12,0xf4
21537,0x00062645,0x67dd2645,-18,0xee
21538,0x00062646,0x67dd2646,-18,0xee
21539,0x00062647,0x67dd2647,-6,0xfa
21540,0x00062648,0x67dd2648,-20,0xec
21541,0x00062649,0x67dd2649,-10,0xf6
21542,0x0006264a,0x67dd264a,28,0x1c
21543,0x0006264b,0x67dd264b,55,0x37
21544,0x0006264c,0x67dd264c,-5,0xfb
21545,0x0006264d,0x67dd264d,-18,0xee
21546,0x0006264e,0x67dd264e,-21,0xeb
21547,0x0006264f,0x67dd264f,-18,0xee
21548,0x00062650,0x67dd2650,56,0x38
21549,0x00062651,0x67dd2651,30,0x1e
21550,0x00062652,0x67dd2652,-6,0xfa
21551,0x00062653,0x67dd2653,-20,0xec
21552,0x00062654,0x67dd2654,-34,0xde
21553,0x00062655,0x67dd2655,27,0x1b
21554,0x00062656,0x67dd2656,29,0x1d
21555,0x00062657,0x67dd2657,-22,0xea
21556,0x00062658,0x67dd2658,-30,0xe2
21557,0x00062659,0x67dd2659,29,0x1d
21558,0x0006265a,0x67dd265a,26,0x1a
21559,0x0006265b,0x67dd265b,-25,0xe7
21560,0x0006265c,0x67dd265c,30,0x1e
21561,0x0006265d,0x67dd265d,34,0x22
21562,0x0006265e,0x67dd265e,33,0x21
21563,0x0006265f,0x67dd265f,26,0x1a
21564,0x00062660,0x67dd2660,-25,0xe7
21565,0x00062661,0x67dd2661,-31,0xe1
21566,0x00062662,0x67dd2662,-35,0xdd
21567,0x00062663,0x67dd2663,-33,0xdf
21568,0x00062664,0x67dd2664,-31,0xe1
21569,0x00062665,0x67dd2665,-35,0xdd
21570,0x00062666,0x67dd2666,-36,0xdc
21571,0x00062667,0x67dd2667,-32,0xe0
21572,0x00062668,0x67dd2668,29,0x1d
21573,0x00062669,0x67dd2669,36,0x24
21574,0x0006266a,0x67dd266a,37,0x25
21575,0x0006266b,0x67dd266b,31,0x1f
21576,0x0006266c,0x67dd266c,-71,0xb9
21577,0x0006266d,0x67dd266d,-12,0xf4
21578,0x0006266e,0x67dd266e,38,0x26
21579,0x0006266f,0x67dd266f,34,0x22
21580,0x00062670,0x67dd2670,-63,0xc1
21581,0x00062671,0x67dd2671,-1,0xff
21582,0x00062672,0x67dd2672,42,0x2a
21583,0x00062673,0x67dd2673,33,0x21
21584,0x00062674,0x67dd2674,58,0x3a
21585,0x00062675,0x67dd2675,37,0x25
21586,0x00062676,0x67dd2676,-31,0xe1
21587,0x00062677,0x67dd2677,-60,0xc4
21588,0x00062678,0x67dd2678,55,0x37
21589,0x00062679,0x67dd2679,34,0x22
21590,0x0006267a,0x67dd267a,-33,0xdf
21591,0x0006267b,0x67dd267b,-61,0xc3
21592,0x0006267c,0x67dd267c,-57,0xc7
21593,0x0006267d,0x67dd267d,-57,0xc7
21594,0x0006267e,0x67dd267e,22,0x16
21595,0x0006267f,0x67dd267f,93,0x5d
21596,0x00062680,0x67dd2680,-57,0xc7
21597,0x00062681,0x67dd2681,-58,0xc6
21598,0x00062682,0x67dd2682,21,0x15
21599,0x00062683,0x67dd2683,93,0x5d
21600,0x00062684,0x67dd2684,59,0x3b
21601,0x00062685,0x67dd2685,69,0x45
21602,0x00062686,0x67dd2686,70,0x46
21603,0x00062687,0x67dd2687,62,0x3e
21604,0x00062688,0x67dd2688,-63,0xc1
21605,0x00062689,0x67dd2689,-68,0xbc
21606,0x0006268a,0x67dd268a,-68,0xbc
21607,0x0006268b,0x67dd268b,-60,0xc4
21608,0x0006268c,0x67dd268c,-64,0xc0
21609,0x0006268d,0x67dd268d,-71,0xb9
21610,0x0006268e,0x67dd268e,-71,0xb9
21611,0x0006268f,0x67dd268f,-64,0xc0
21612,0x00062690,0x67dd2690,63,0x3f
21613,0x00062691,0x67dd2691,73,0x49
21614,0x00062692,0x67dd2692,72,0x48
21615,0x00062693,0x67dd2693,62,0x3e
21616,0x00062694,0x67dd2694,-2,0xfe
21617,0x00062695,0x67dd2695,0,0x00
21618,0x00062696,0x67dd2696,7,0x07
21619,0x00062697,0x67dd2697,15,0x0f
21620,0x00062698,0x67dd2698,-11,0xf5
21621,0x00062699,0x67dd2699,-10,0xf6
21622,0x0006269a,0x67dd269a,-3,0xfd
21623,0x0006269b,0x67dd269b,5,0x05
21624,0x0006269c,0x67dd269c,-5,0xfb
21625,0x0006269d,0x67dd269d,-8,0xf8
21626,0x0006269e,0x67dd269e,-10,0xf6
21627,0x0006269f,0x67dd269f,-10,0xf6
21628,0x000626a0,0x67dd26a0,1,0x01
21629,0x000626a1,0x67dd26a1,9,0x09
21630,0x000626a2,0x67dd26a2,14,0x0e
21631,0x000626a3,0x67dd26a3,9,0x09
21632,0x000626a4,0x67dd26a4,15,0x0f
21633,0x000626a5,0x67dd26a5,8,0x08
21634,0x000626a6,0x67dd26a6,-4,0xfc
21635,0x000626a7,0x67dd26a7,-11,0xf5
21636,0x000626a8,0x67dd26a8,12,0x0c
21637,0x000626a9,0x67dd26a9,2,0x02
21638,0x000626aa,0x67dd26aa,-11,0xf5
21639,0x000626ab,0x67dd26ab,-12,0xf4
21640,0x000626ac,0x67dd26ac,-8,0xf8
21641,0x000626ad,0x67dd26ad,0,0x00
21642,0x000626ae,0x67dd26ae,19,0x13
21643,0x000626af,0x67dd26af,28,0x1c
21644,0x000626b0,0x67dd26b0,4,0x04
21645,0x000626b1,0x67dd26b1,-1,0xff
21646,0x000626b2,0x67dd26b2,-15,0xf1
21647,0x000626b3,0x67dd26b3,-26,0xe6
21648,0x000626b4,0x67dd26b4,-15,0xf1
21649,0x000626b5,0x67dd26b5,27,0x1b
21650,0x000626b6,0x67dd26b6,2,0x02
21651,0x000626b7,0x67dd26b7,-14,0xf2
21652,0x000626b8,0x67dd26b8,-14,0xf2
21653,0x000626b9,0x67dd26b9,22,0x16
21654,0x000626ba,0x67dd26ba,1,0x01
21655,0x000626bb,0x67dd26bb,-9,0xf7
21656,0x000626bc,0x67dd26bc,-4,0xfc
21657,0x000626bd,0x67dd26bd,-6,0xfa
21658,0x000626be,0x67dd26be,-13,0xf3
21659,0x000626bf,0x67dd26bf,-10,0xf6
21660,0x000626c0,0x67dd26c0,-6,0xfa
21661,0x000626c1,0x67dd26c1,-14,0xf2
21662,0x000626c2,0x67dd26c2,6,0x06
21663,0x000626c3,0x67dd26c3,47,0x2f
21664,0x000626c4,0x67dd26c4,-35,0xdd
21665,0x000626c5,0x67dd26c5,-20,0xec
21666,0x000626c6,0x67dd26c6,6,0x06
21667,0x000626c7,0x67dd26c7,23,0x17
21668,0x000626c8,0x67dd26c8,6,0x06
21669,0x000626c9,0x67dd26c9,9,0x09
21670,0x000626ca,0x67dd26ca,6,0x06
21671,0x000626cb,0x67dd26cb,4,0x04
21672,0x000626cc,0x67dd26cc,-6,0xfa
21673,0x000626cd,0x67dd26cd,2,0x02
21674,0x000626ce,0x67dd26ce,23,0x17
21675,0x000626cf,0x67dd26cf,-22,0xea
21676,0x000626d0,0x67dd26d0,-7,0xf9
21677,0x000626d1,0x67dd26d1,4,0x04
21678,0x000626d2,0x67dd26d2,28,0x1c
21679,0x000626d3,0x67dd26d3,-21,0xeb
21680,0x000626d4,0x67dd26d4,20,0x14
21681,0x000626d5,0x67dd26d5,-22,0xea
21682,0x000626d6,0x67dd26d6,-2,0xfe
21683,0x000626d7,0x67dd26d7,6,0x06
21684,0x000626d8,0x67dd26d8,22,0x16
21685,0x000626d9,0x67dd26d9,-28,0xe4
21686,0x000626da,0x67dd26da,-5,0xfb
21687,0x000626db,0x67dd26db,8,0x08
21688,0x000626dc,0x67dd26dc,-10,0xf6
21689,0x000626dd,0x67dd26dd,-18,0xee
21690,0x000626de,0x67dd26de,-16,0xf0
21691,0x000626df,0x67dd26df,-12,0xf4
21692,0x000626e0,0x67dd26e0,36,0x24
21693,0x000626e1,0x67dd26e1,19,0x13
21694,0x000626e2,0x67dd26e2,2,0x02
21695,0x000626e3,0x67dd26e3,-1,0xff
21696,0x000626e4,0x67dd26e4,-3,0xfd
21697,0x000626e5,0x67dd26e5,0,0x00
21698,0x000626e6,0x67dd26e6,4,0x04
21699,0x000626e7,0x67dd26e7,8,0x08
21700,0x000626e8,0x67dd26e8,-45,0xd3
21701,0x000626e9,0x67dd26e9,-10,0xf6
21702,0x000626ea,0x67dd26ea,23,0x17
21703,0x000626eb,0x67dd26eb,23,0x17
21704,0x000626ec,0x67dd26ec,40,0x28
21705,0x000626ed,0x67dd26ed,15,0x0f
21706,0x000626ee,0x67dd26ee,-20,0xec
21707,0x000626ef,0x67dd26ef,-35,0xdd
21708,0x000626f0,0x67dd26f0,-4,0xfc
21709,0x000626f1,0x67dd26f1,-1,0xff
21710,0x000626f2,0x67dd26f2,4,0x04
21711,0x000626f3,0x67dd26f3,1,0x01
21712,0x000626f4,0x67dd26f4,9,0x09
21713,0x000626f5,0x67dd26f5,-5,0xfb
21714,0x000626f6,0x67dd26f6,-33,0xdf
21715,0x000626f7,0x67dd26f7,24,0x18
21716,0x000626f8,0x67dd26f8,8,0x08
21717,0x000626f9,0x67dd26f9,3,0x03
21718,0x000626fa,0x67dd26fa,-26,0xe6
21719,0x000626fb,0x67dd26fb,19,0x13
21720,0x000626fc,0x67dd26fc,-1,0xff
21721,0x000626fd,0x67dd26fd,4,0x04
21722,0x000626fe,0x67dd26fe,6,0x06
21723,0x000626ff,0x67dd26ff,-3,0xfd
21724,0x00062700,0x67dd2700,32,0x20
21725,0x00062701,0x67dd2701,25,0x19
21726,0x00062702,0x67dd2702,-13,0xf3
21727,0x00062703,0x67dd2703,-49,0xcf
21728,0x00062704,0x67dd2704,24,0x18
21729,0x00062705,0x67dd2705,24,0x18
21730,0x00062706,0x67dd2706,15,0x0f
21731,0x00062707,0x67dd2707,7,0x07
21732,0x00062708,0x67dd2708,-17,0xef
21733,0x00062709,0x67dd2709,-27,0xe5
21734,0x0006270a,0x67dd270a,-19,0xed
21735,0x0006270b,0x67dd270b,-7,0xf9
21736,0x0006270c,0x67dd270c,-47,0xd1
21737,0x0006270d,0x67dd270d,0,0x00
21738,0x0006270e,0x67dd270e,39,0x27
21739,0x0006270f,0x67dd270f,24,0x18
21740,0x00062710,0x67dd2710,-21,0xeb
21741,0x00062711,0x67dd2711,-6,0xfa
21742,0x00062712,0x67dd2712,7,0x07
21743,0x00062713,0x67dd2713,4,0x04
21744,0x00062714,0x67dd2714,-1,0xff
21745,0x00062715,0x67dd2715,0,0x00
21746,0x00062716,0x67dd2716,-10,0xf6
21747,0x00062717,0x67dd2717,-13,0xf3
21748,0x00062718,0x67dd2718,1,0x01
21749,0x00062719,0x67dd2719,1,0x01
21750,0x0006271a,0x67dd271a,5,0x05
21751,0x0006271b,0x67dd271b,16,0x10
21752,0x0006271c,0x67dd271c,20,0x14
21753,0x0006271d,0x67dd271d,5,0x05
21754,0x0006271e,0x67dd271e,-3,0xfd
21755,0x0006271f,0x67dd271f,-9,0xf7
21756,0x00062720,0x67dd2720,-1,0xff
21757,0x00062721,0x67dd2721,-4,0xfc
21758,0x00062722,0x67dd2722,-2,0xfe
21759,0x00062723,0x67dd2723,-6,0xfa
21760,0x00062724,0x67dd2724,-17,0xef
21761,0x00062725,0x67dd2725,-7,0xf9
21762,0x00062726,0x67dd2726,1,0x01
21763,0x00062727,0x67dd2727,4,0x04
21764,0x00062728,0x67dd2728,12,0x0c
21765,0x00062729,0x67dd2729,7,0x07
21766,0x0006272a,0x67dd272a,0,0x00
21767,0x0006272b,0x67dd272b,0,0x00
21768,0x0006272c,0x67dd272c,3,0x03
21769,0x0006272d,0x67dd272d,0,0x00
21770,0x0006272e,0x67dd272e,12,0x0c
21771,0x0006272f,0x67dd272f,11,0x0b
21772,0x00062730,0x67dd2730,-3,0xfd
21773,0x00062731,0x67dd2731,1,0x01
21774,0x00062732,0x67dd2732,0,0x00
21775,0x00062733,0x67dd2733,-23,0xe9
21776,0x00062734,0x67dd2734,4,0x04
21777,0x00062735,0x67dd2735,17,0x11
21778,0x00062736,0x67dd2736,-6,0xfa
21779,0x00062737,0x67dd2737,0,0x00
21780,0x00062738,0x67dd2738,6,0x06
21781,0x00062739,0x67dd2739,3,0x03
21782,0x0006273a,0x67dd273a,-25,0xe7
21783,0x0006273b,0x67dd273b,0,0x00
21784,0x0006273c,0x67dd273c,-17,0xef
21785,0x0006273d,0x67dd273d,10,0x0a
21786,0x0006273e,0x67dd273e,8,0x08
21787,0x0006273f,0x67dd273f,5,0x05
21788,0x00062740,0x67dd2740,-14,0xf2
21789,0x00062741,0x67dd2741,4,0x04
21790,0x00062742,0x67dd2742,1,0x01
21791,0x00062743,0x67dd2743,4,0x04
21792,0x00062744,0x67dd2744,13,0x0d
21793,0x00062745,0x67dd2745,10,0x0a
21794,0x00062746,0x67dd2746,4,0x04
21795,0x00062747,0x67dd2747,2,0x02
21796,0x00062748,0x67dd2748,-23,0xe9
21797,0x00062749,0x67dd2749,-9,0xf7
21798,0x0006274a,0x67dd274a,1,0x01
21799,0x0006274b,0x67dd274b,2,0x02
21800,0x0006274c,0x67dd274c,3,0x03
21801,0x0006274d,0x67dd274d,-3,0xfd
21802,0x0006274e,0x67dd274e,1,0x01
21803,0x0006274f,0x67dd274f,7,0x07
21804,0x00062750,0x67dd2750,1,0x01
21805,0x00062751,0x67dd2751,-23,0xe9
21806,0x00062752,0x67dd2752,-7,0xf9
21807,0x00062753,0x67dd2753,20,0x14
21808,0x00062754,0x67dd2754,-7,0xf9
21809,0x00062755,0x67dd2755,-18,0xee
21810,0x00062756,0x67dd2756,2,0x02
21811,0x00062757,0x67dd2757,12,0x0c
21812,0x00062758,0x67dd2758,-5,0xfb
21813,0x00062759,0x67dd2759,-4,0xfc
21814,0x0006275a,0x67dd275a,10,0x0a
21815,0x0006275b,0x67dd275b,9,0x09
21816,0x0006275c,0x67dd275c,4,0x04
21817,0x0006275d,0x67dd275d,10,0x0a
21818,0x0006275e,0x67dd275e,7,0x07
21819,0x0006275f,0x67dd275f,-24,0xe8
21820,0x00062760,0x67dd2760,6,0x06
21821,0x00062761,0x67dd2761,3,0x03
21822,0x00062762,0x67dd2762,4,0x04
21823,0x00062763,0x67dd2763,-10,0xf6
21824,0x00062764,0x67dd2764,22,0x16
21825,0x00062765,0x67dd2765,-14,0xf2
21826,0x00062766,0x67dd2766,-22,0xea
21827,0x00062767,0x67dd2767,6,0x06
21828,0x00062768,0x67dd2768,0,0x00
21829,0x00062769,0x67dd2769,5,0x05
21830,0x0006276a,0x67dd276a,5,0x05
21831,0x0006276b,0x67dd276b,-1,0xff
21832,0x0006276c,0x67dd276c,-4,0xfc
21833,0x0006276d,0x67dd276d,3,0x03
21834,0x0006276e,0x67dd276e,-11,0xf5
21835,0x0006276f,0x67dd276f,-4,0xfc
21836,0x00062770,0x67dd2770,-7,0xf9
21837,0x00062771,0x67dd2771,31,0x1f
21838,0x00062772,0x67dd2772,7,0x07
21839,0x00062773,0x67dd2773,-14,0xf2
21840,0x00062774,0x67dd2774,-5,0xfb
21841,0x00062775,0x67dd2775,-16,0xf0
21842,0x00062776,0x67dd2776,-1,0xff
21843,0x00062777,0x67dd2777,42,0x2a
21844,0x00062778,0x67dd2778,-4,0xfc
21845,0x00062779,0x67dd2779,-2,0xfe
21846,0x0006277a,0x67dd277a,-9,0xf7
21847,0x0006277b,0x67dd277b,-5,0xfb
21848,0x0006277c,0x67dd277c,5,0x05
21849,0x0006277d,0x67dd277d,-8,0xf8
21850,0x0006277e,0x67dd277e,-6,0xfa
21851,0x0006277f,0x67dd277f,-3,0xfd
21852,0x00062780,0x67dd2780,42,0x2a
21853,0x00062781,0x67dd2781,-4,0xfc
21854,0x00062782,0x67dd2782,-21,0xeb
21855,0x00062783,0x67dd2783,-5,0xfb
21856,0x00062784,0x67dd2784,-18,0xee
21857,0x00062785,0x67dd2785,12,0x0c
21858,0x00062786,0x67dd2786,20,0x14
21859,0x00062787,0x67dd2787,-12,0xf4
21860,0x00062788,0x67dd2788,13,0x0d
21861,0x00062789,0x67dd2789,-13,0xf3
21862,0x0006278a,0x67dd278a,-10,0xf6
21863,0x0006278b,0x67dd278b,7,0x07
21864,0x0006278c,0x67dd278c,-8,0xf8
21865,0x0006278d,0x67dd278d,-9,0xf7
21866,0x0006278e,0x67dd278e,-2,0xfe
21867,0x0006278f,0x67dd278f,-18,0xee
21868,0x00062790,0x67dd2790,-16,0xf0
21869,0x00062791,0x67dd2791,6,0x06
21870,0x00062792,0x67dd2792,40,0x28
21871,0x00062793,0x67dd2793,8,0x08
21872,0x00062794,0x67dd2794,10,0x0a
21873,0x00062795,0x67dd2795,-1,0xff
21874,0x00062796,0x67dd2796,0,0x00
21875,0x00062797,0x67dd2797,4,0x04
21876,0x00062798,0x67dd2798,-3,0xfd
21877,0x00062799,0x67dd2799,4,0x04
21878,0x0006279a,0x67dd279a,-1,0xff
21879,0x0006279b,0x67dd279b,-13,0xf3
21880,0x0006279c,0x67dd279c,-2,0xfe
21881,0x0006279d,0x67dd279d,6,0x06
21882,0x0006279e,0x67dd279e,1,0x01
21883,0x0006279f,0x67dd279f,-15,0xf1
21884,0x000627a0,0x67dd27a0,5,0x05
21885,0x000627a1,0x67dd27a1,3,0x03
21886,0x000627a2,0x67dd27a2,1,0x01
21887,0x000627a3,0x67dd27a3,2,0x02
21888,0x000627a4,0x67dd27a4,-4,0xfc
21889,0x000627a5,0x67dd27a5,-2,0xfe
21890,0x000627a6,0x67dd27a6,1,0x01
21891,0x000627a7,0x67dd27a7,3,0x03
21892,0x000627a8,0x67dd27a8,15,0x0f
21893,0x000627a9,0x67dd27a9,0,0x00
21894,0x000627aa,0x67dd27aa,-9,0xf7
21895,0x000627ab,0x67dd27ab,-4,0xfc
21896,0x000627ac,0x67dd27ac,-3,0xfd
21897,0x000627ad,0x67dd27ad,-4,0xfc
21898,0x000627ae,0x67dd27ae,-4,0xfc
21899,0x000627af,0x67dd27af,-4,0xfc
21900,0x000627b0,0x67dd27b0,-3,0xfd
21901,0x000627b1,0x67dd27b1,5,0x05
21902,0x000627b2,0x67dd27b2,16,0x10
21903,0x000627b3,0x67dd27b3,-3,0xfd
21904,0x000627b4,0x67dd27b4,2,0x02
21905,0x000627b5,0x67dd27b5,13,0x0d
21906,0x000627b6,0x67dd27b6,3,0x03
21907,0x000627b7,0x67dd27b7,4,0x04
21908,0x000627b8,0x67dd27b8,-3,0xfd
21909,0x000627b9,0x67dd27b9,-8,0xf8
21910,0x000627ba,0x67dd27ba,-10,0xf6
21911,0x000627bb,0x67dd27bb,0,0x00
21912,0x000627bc,0x67dd27bc,-6,0xfa
21913,0x000627bd,0x67dd27bd,-2,0xfe
21914,0x000627be,0x67dd27be,-4,0xfc
21915,0x000627bf,0x67dd27bf,-1,0xff
21916,0x000627c0,0x67dd27c0,-2,0xfe
21917,0x000627c1,0x67dd27c1,-3,0xfd
21918,0x000627c2,0x67dd27c2,-6,0xfa
21919,0x000627c3,0x67dd27c3,23,0x17
21920,0x000627c4,0x67dd27c4,6,0x06
21921,0x000627c5,0x67dd27c5,-6,0xfa
21922,0x000627c6,0x67dd27c6,7,0x07
21923,0x000627c7,0x67dd27c7,1,0x01
21924,0x000627c8,0x67dd27c8,4,0x04
21925,0x000627c9,0x67dd27c9,-18,0xee
21926,0x000627ca,0x67dd27ca,5,0x05
21927,0x000627cb,0x67dd27cb,1,0x01
21928,0x000627cc,0x67dd27cc,-1,0xff
21929,0x000627cd,0x67dd27cd,1,0x01
21930,0x000627ce,0x67dd27ce,-15,0xf1
21931,0x000627cf,0x67dd27cf,14,0x0e
21932,0x000627d0,0x67dd27d0,-5,0xfb
21933,0x000627d1,0x67dd27d1,6,0x06
21934,0x000627d2,0x67dd27d2,-4,0xfc
21935,0x000627d3,0x67dd27d3,4,0x04
21936,0x000627d4,0x67dd27d4,2,0x02
21937,0x000627d5,0x67dd27d5,2,0x02
21938,0x000627d6,0x67dd27d6,2,0x02
21939,0x000627d7,0x67dd27d7,6,0x06
21940,0x000627d8,0x67dd27d8,-24,0xe8
21941,0x000627d9,0x67dd27d9,2,0x02
21942,0x000627da,0x67dd27da,7,0x07
21943,0x000627db,0x67dd27db,3,0x03
21944,0x000627dc,0x67dd27dc,-26,0xe6
21945,0x000627dd,0x67dd27dd,0,0x00
21946,0x000627de,0x67dd27de,3,0x03
21947,0x000627df,0x67dd27df,3,0x03
21948,0x000627e0,0x67dd27e0,5,0x05
21949,0x000627e1,0x67dd27e1,7,0x07
21950,0x000627e2,0x67dd27e2,1,0x01
21951,0x000627e3,0x67dd27e3,6,0x06
21952,0x000627e4,0x67dd27e4,14,0x0e
21953,0x000627e5,0x67dd27e5,-2,0xfe
21954,0x000627e6,0x67dd27e6,-18,0xee
21955,0x000627e7,0x67dd27e7,-3,0xfd
21956,0x000627e8,0x67dd27e8,7,0x07
21957,0x000627e9,0x67dd27e9,5,0x05
21958,0x000627ea,0x67dd27ea,-4,0xfc
21959,0x000627eb,0x67dd27eb,2,0x02
21960,0x000627ec,0x67dd27ec,-6,0xfa
21961,0x000627ed,0x67dd27ed,3,0x03
21962,0x000627ee,0x67dd27ee,32,0x20
21963,0x000627ef,0x67dd27ef,1,0x01
21964,0x000627f0,0x67dd27f0,-6,0xfa
21965,0x000627f1,0x67dd27f1,-6,0xfa
21966,0x000627f2,0x67dd27f2,-6,0xfa
21967,0x000627f3,0x67dd27f3,-12,0xf4
21968,0x000627f4,0x67dd27f4,5,0x05
21969,0x000627f5,0x67dd27f5,-36,0xdc
21970,0x000627f6,0x67dd27f6,7,0x07
21971,0x000627f7,0x67dd27f7,6,0x06
21972,0x000627f8,0x67dd27f8,9,0x09
21973,0x000627f9,0x67dd27f9,-1,0xff
21974,0x000627fa,0x67dd27fa,11,0x0b
21975,0x000627fb,0x67dd27fb,0,0x00
21976,0x000627fc,0x67dd27fc,4,0x04
21977,0x000627fd,0x67dd27fd,4,0x04
21978,0x000627fe,0x67dd27fe,5,0x05
21979,0x000627ff,0x67dd27ff,3,0x03
21980,0x00062800,0x67dd2800,4,0x04
21981,0x00062801,0x67dd2801,15,0x0f
21982,0x00062802,0x67dd2802,3,0x03
21983,0x00062803,0x67dd2803,-38,0xda
21984,0x00062804,0x67dd2804,10,0x0a
21985,0x00062805,0x67dd2805,23,0x17
21986,0x00062806,0x67dd2806,-5,0xfb
21987,0x00062807,0x67dd2807,-42,0xd6
21988,0x00062808,0x67dd2808,0,0x00
21989,0x00062809,0x67dd2809,4,0x04
21990,0x0006280a,0x67dd280a,4,0x04
21991,0x0006280b,0x67dd280b,4,0x04
21992,0x0006280c,0x67dd280c,23,0x17
21993,0x0006280d,0x67dd280d,17,0x11
21994,0x0006280e,0x67dd280e,-6,0xfa
21995,0x0006280f,0x67dd280f,-13,0xf3
21996,0x00062810,0x67dd2810,-13,0xf3
21997,0x00062811,0x67dd2811,-37,0xdb
21998,0x00062812,0x67dd2812,1,0x01
21999,0x00062813,0x67dd2813,29,0x1d
22000,0x00062814,0x67dd2814,5,0x05
22001,0x00062815,0x67dd2815,-14,0xf2
22002,0x00062816,0x67dd2816,-1,0xff
22003,0x00062817,0x67dd2817,1,0x01
22004,0x00062818,0x67dd2818,5,0x05
22005,0x00062819,0x67dd2819,0,0x00
22006,0x0006281a,0x67dd281a,3,0x03
22007,0x0006281b,0x67dd281b,1,0x01
22008,0x0006281c,0x67dd281c,0,0x00
22009,0x0006281d,0x67dd281d,4,0x04
22010,0x0006281e,0x67dd281e,-5,0xfb
22011,0x0006281f,0x67dd281f,2,0x02
22012,0x00062820,0x67dd2820,8,0x08
22013,0x00062821,0x67dd2821,0,0x00
22014,0x00062822,0x67dd2822,0,0x00
22015,0x00062823,0x67dd2823,-10,0xf6
22016,0x00062824,0x67dd2824,4,0x04
22017,0x00062825,0x67dd2825,7,0x07
22018,0x00062826,0x67dd2826,-2,0xfe
22019,0x00062827,0x67dd2827,-3,0xfd
22020,0x00062828,0x67dd2828,-10,0xf6
22021,0x00062829,0x67dd2829,3,0x03
22022,0x0006282a,0x67dd282a,1,0x01
22023,0x0006282b,0x67dd282b,1,0x01
22024,0x0006282c,0x67dd282c,-12,0xf4
22025,0x0006282d,0x67dd282d,-1,0xff
22026,0x0006282e,0x67dd282e,13,0x0d
22027,0x0006282f,0x67dd282f,3,0x03
22028,0x00062830,0x67dd2830,0,0x00
22029,0x00062831,0x67dd2831,-1,0xff
22030,0x00062832,0x67dd2832,1,0x01
22031,0x00062833,0x67dd2833,-3,0xfd
22032,0x00062834,0x67dd2834,0,0x00
22033,0x00062835,0x67dd2835,-1,0xff
22034,0x00062836,0x67dd2836,3,0x03
22035,0x00062837,0x67dd2837,1,0x01
22036,0x00062838,0x67dd2838,-6,0xfa
22037,0x00062839,0x67dd2839,-9,0xf7
22038,0x0006283a,0x67dd283a,3,0x03
22039,0x0006283b,0x67dd283b,9,0x09
22040,0x0006283c,0x67dd283c,-6,0xfa
22041,0x0006283d,0x67dd283d,1,0x01
22042,0x0006283e,0x67dd283e,-4,0xfc
22043,0x0006283f,0x67dd283f,-6,0xfa
22044,0x00062840,0x67dd2840,8,0x08
22045,0x00062841,0x67dd2841,-1,0xff
22046,0x00062842,0x67dd2842,0,0x00
22047,0x00062843,0x67dd2843,8,0x08
22048,0x00062844,0x67dd2844,-3,0xfd
22049,0x00062845,0x67dd2845,-3,0xfd
22050,0x00062846,0x67dd2846,0,0x00
22051,0x00062847,0x67dd2847,18,0x12
22052,0x00062848,0x67dd2848,-5,0xfb
22053,0x00062849,0x67dd2849,-1,0xff
22054,0x0006284a,0x67dd284a,-4,0xfc
22055,0x0006284b,0x67dd284b,-1,0xff
22056,0x0006284c,0x67dd284c,-8,0xf8
22057,0x0006284d,0x67dd284d,-2,0xfe
22058,0x0006284e,0x67dd284e,3,0x03
22059,0x0006284f,0x67dd284f,-4,0xfc
22060,0x00062850,0x67dd2850,0,0x00
22061,0x00062851,0x67dd2851,17,0x11
22062,0x00062852,0x67dd2852,-1,0xff
22063,0x00062853,0x67dd2853,-5,0xfb
22064,0x00062854,0x67dd2854,5,0x05
22065,0x00062855,0x67dd2855,-2,0xfe
22066,0x00062856,0x67dd2856,9,0x09
22067,0x00062857,0x67dd2857,-10,0xf6
22068,0x00062858,0x67dd2858,1,0x01
22069,0x00062859,0x67dd2859,-5,0xfb
22070,0x0006285a,0x67dd285a,6,0x06
22071,0x0006285b,0x67dd285b,-5,0xfb
22072,0x0006285c,0x67dd285c,4,0x04
22073,0x0006285d,0x67dd285d,2,0x02
22074,0x0006285e,0x67dd285e,2,0x02
22075,0x0006285f,0x67dd285f,3,0x03
22076,0x00062860,0x67dd2860,10,0x0a
22077,0x00062861,0x67dd2861,-14,0xf2
22078,0x00062862,0x67dd2862,-8,0xf8
22079,0x00062863,0x67dd2863,1,0x01
22080,0x00062864,0x67dd2864,-1,0xff
22081,0x00062865,0x67dd2865,-2,0xfe
22082,0x00062866,0x67dd2866,-18,0xee
22083,0x00062867,0x67dd2867,-1,0xff
22084,0x00062868,0x67dd2868,-1,0xff
22085,0x00062869,0x67dd2869,20,0x14
22086,0x0006286a,0x67dd286a,1,0x01
22087,0x0006286b,0x67dd286b,2,0x02
22088,0x0006286c,0x67dd286c,-1,0xff
22089,0x0006286d,0x67dd286d,1,0x01
22090,0x0006286e,0x67dd286e,-9,0xf7
22091,0x0006286f,0x67dd286f,1,0x01
22092,0x00062870,0x67dd2870,-1,0xff
22093,0x00062871,0x67dd2871,-9,0xf7
22094,0x00062872,0x67dd2872,22,0x16
22095,0x00062873,0x67dd2873,-4,0xfc
22096,0x00062874,0x67dd2874,6,0x06
22097,0x00062875,0x67dd2875,-4,0xfc
22098,0x00062876,0x67dd2876,8,0x08
22099,0x00062877,0x67dd2877,-3,0xfd
22100,0x00062878,0x67dd2878,-1,0xff
22101,0x00062879,0x67dd2879,7,0x07
22102,0x0006287a,0x67dd287a,-19,0xed
22103,0x0006287b,0x67dd287b,5,0x05
22104,0x0006287c,0x67dd287c,-7,0xf9
22105,0x0006287d,0x67dd287d,31,0x1f
22106,0x0006287e,0x67dd287e,-4,0xfc
22107,0x0006287f,0x67dd287f,-4,0xfc
22108,0x00062880,0x67dd2880,-6,0xfa
22109,0x00062881,0x67dd2881,0,0x00
22110,0x00062882,0x67dd2882,-5,0xfb
22111,0x00062883,0x67dd2883,-5,0xfb
22112,0x00062884,0x67dd2884,-7,0xf9
22113,0x00062885,0x67dd2885,-8,0xf8
22114,0x00062886,0x67dd2886,-19,0xed
22115,0x00062887,0x67dd2887,-4,0xfc
22116,0x00062888,0x67dd2888,1,0x01
22117,0x00062889,0x67dd2889,1,0x01
22118,0x0006288a,0x67dd288a,4,0x04
22119,0x0006288b,0x67dd288b,32,0x20
22120,0x0006288c,0x67dd288c,38,0x26
22121,0x0006288d,0x67dd288d,-1,0xff
22122,0x0006288e,0x67dd288e,-8,0xf8
22123,0x0006288f,0x67dd288f,4,0x04
22124,0x00062890,0x67dd2890,-7,0xf9
22125,0x00062891,0x67dd2891,-8,0xf8
22126,0x00062892,0x67dd2892,-6,0xfa
22127,0x00062893,0x67dd2893,-12,0xf4
22128,0x00062894,0x67dd2894,-1,0xff
22129,0x00062895,0x67dd2895,0,0x00
22130,0x00062896,0x67dd2896,-7,0xf9
22131,0x00062897,0x67dd2897,1,0x01
22132,0x00062898,0x67dd2898,-1,0xff
22133,0x00062899,0x67dd2899,9,0x09
22134,0x0006289a,0x67dd289a,-1,0xff
22135,0x0006289b,0x67dd289b,0,0x00
22136,0x0006289c,0x67dd289c,9,0x09
22137,0x0006289d,0x67dd289d,-1,0xff
22138,0x0006289e,0x67dd289e,-1,0xff
22139,0x0006289f,0x67dd289f,0,0x00
22140,0x000628a0,0x67dd28a0,2,0x02
22141,0x000628a1,0x67dd28a1,-6,0xfa
22142,0x000628a2,0x67dd28a2,1,0x01
22143,0x000628a3,0x67dd28a3,-3,0xfd
22144,0x000628a4,0x67dd28a4,-12,0xf4
22145,0x000628a5,0x67dd28a5,0,0x00
22146,0x000628a6,0x67dd28a6,2,0x02
22147,0x000628a7,0x67dd28a7,1,0x01
22148,0x000628a8,0x67dd28a8,1,0x01
22149,0x000628a9,0x67dd28a9,1,0x01
22150,0x000628aa,0x67dd28aa,8,0x08
22151,0x000628ab,0x67dd28ab,0,0x00
22152,0x000628ac,0x67dd28ac,9,0x09
22153,0x000628ad,0x67dd28ad,1,0x01
22154,0x000628ae,0x67dd28ae,0,0x00
22155,0x000628af,0x67dd28af,2,0x02
22156,0x000628b0,0x67dd28b0,-2,0xfe
22157,0x000628b1,0x67dd28b1,1,0x01
22158,0x000628b2,0x67dd28b2,-11,0xf5
22159,0x000628b3,0x67dd28b3,0,0x00
22160,0x000628b4,0x67dd28b4,0,0x00
22161,0x000628b5,0x67dd28b5,8,0x08
22162,0x000628b6,0x67dd28b6,2,0x02
22163,0x000628b7,0x67dd28b7,-10,0xf6
22164,0x000628b8,0x67dd28b8,-1,0xff
22165,0x000628b9,0x67dd28b9,2,0x02
22166,0x000628ba,0x67dd28ba,-1,0xff
22167,0x000628bb,0x67dd28bb,0,0x00
22168,0x000628bc,0x67dd28bc,-2,0xfe
22169,0x000628bd,0x67dd28bd,-4,0xfc
22170,0x000628be,0x67dd28be,0,0x00
22171,0x000628bf,0x67dd28bf,-5,0xfb
22172,0x000628c0,0x67dd28c0,-2,0xfe
22173,0x000628c1,0x67dd28c1,-1,0xff
22174,0x000628c2,0x67dd28c2,-1,0xff
22175,0x000628c3,0x67dd28c3,14,0x0e
22176,0x000628c4,0x67dd28c4,-3,0xfd
22177,0x000628c5,0x67dd28c5,7,0x07
22178,0x000628c6,0x67dd28c6,-1,0xff
22179,0x000628c7,0x67dd28c7,5,0x05
22180,0x000628c8,0x67dd28c8,0,0x00
22181,0x000628c9,0x67dd28c9,-10,0xf6
22182,0x000628ca,0x67dd28ca,1,0x01
22183,0x000628cb,0x67dd28cb,1,0x01
22184,0x000628cc,0x67dd28cc,-1,0xff
22185,0x000628cd,0x67dd28cd,-5,0xfb
22186,0x000628ce,0x67dd28ce,14,0x0e
22187,0x000628cf,0x67dd28cf,-1,0xff
22188,0x000628d0,0x67dd28d0,-2,0xfe
22189,0x000628d1,0x67dd28d1,1,0x01
22190,0x000628d2,0x67dd28d2,-3,0xfd
22191,0x000628d3,0x67dd28d3,-2,0xfe
22192,0x000628d4,0x67dd28d4,-6,0xfa
22193,0x000628d5,0x67dd28d5,0,0x00
22194,0x000628d6,0x67dd28d6,0,0x00
22195,0x000628d7,0x67dd28d7,6,0x06
22196,0x000628d8,0x67dd28d8,2,0x02
22197,0x000628d9,0x67dd28d9,3,0x03
22198,0x000628da,0x67dd28da,-9,0xf7
22199,0x000628db,0x67dd28db,4,0x04
22200,0x000628dc,0x67dd28dc,4,0x04
22201,0x000628dd,0x67dd28dd,-5,0xfb
22202,0x000628de,0x67dd28de,-1,0xff
22203,0x000628df,0x67dd28df,-1,0xff
22204,0x000628e0,0x67dd28e0,-7,0xf9
22205,0x000628e1,0x67dd28e1,3,0x03
22206,0x000628e2,0x67dd28e2,8,0x08
22207,0x000628e3,0x67dd28e3,-1,0xff
22208,0x000628e4,0x67dd28e4,2,0x02
22209,0x000628e5,0x67dd28e5,-4,0xfc
22210,0x000628e6,0x67dd28e6,-1,0xff
22211,0x000628e7,0x67dd28e7,-11,0xf5
22212,0x000628e8,0x67dd28e8,11,0x0b
22213,0x000628e9,0x67dd28e9,2,0x02
22214,0x000628ea,0x67dd28ea,1,0x01
22215,0x000628eb,0x67dd28eb,0,0x00
22216,0x000628ec,0x67dd28ec,-1,0xff
22217,0x000628ed,0x67dd28ed,2,0x02
22218,0x000628ee,0x67dd28ee,3,0x03
22219,0x000628ef,0x67dd28ef,9,0x09
22220,0x000628f0,0x67dd28f0,0,0x00
22221,0x000628f1,0x67dd28f1,2,0x02
22222,0x000628f2,0x67dd28f2,0,0x00
22223,0x000628f3,0x67dd28f3,-15,0xf1
22224,0x000628f4,0x67dd28f4,3,0x03
22225,0x000628f5,0x67dd28f5,5,0x05
22226,0x000628f6,0x67dd28f6,-20,0xec
22227,0x000628f7,0x67dd28f7,3,0x03
22228,0x000628f8,0x67dd28f8,3,0x03
22229,0x000628f9,0x67dd28f9,-1,0xff
22230,0x000628fa,0x67dd28fa,3,0x03
22231,0x000628fb,0x67dd28fb,3,0x03
22232,0x000628fc,0x67dd28fc,1,0x01
22233,0x000628fd,0x67dd28fd,-1,0xff
22234,0x000628fe,0x67dd28fe,16,0x10
22235,0x000628ff,0x67dd28ff,1,0x01
22236,0x00062900,0x67dd2900,2,0x02
22237,0x00062901,0x67dd2901,-29,0xe3
22238,0x00062902,0x67dd2902,9,0x09
22239,0x00062903,0x67dd2903,2,0x02
22240,0x00062904,0x67dd2904,-13,0xf3
22241,0x00062905,0x67dd2905,-6,0xfa
22242,0x00062906,0x67dd2906,-1,0xff
22243,0x00062907,0x67dd2907,-3,0xfd
22244,0x00062908,0x67dd2908,36,0x24
22245,0x00062909,0x67dd2909,-1,0xff
22246,0x0006290a,0x67dd290a,-8,0xf8
22247,0x0006290b,0x67dd290b,-3,0xfd
22248,0x0006290c,0x67dd290c,2,0x02
22249,0x0006290d,0x67dd290d,5,0x05
22250,0x0006290e,0x67dd290e,4,0x04
22251,0x0006290f,0x67dd290f,2,0x02
22252,0x00062910,0x67dd2910,-37,0xdb
22253,0x00062911,0x67dd2911,9,0x09
22254,0x00062912,0x67dd2912,11,0x0b
22255,0x00062913,0x67dd2913,3,0x03
22256,0x00062914,0x67dd2914,7,0x07
22257,0x00062915,0x67dd2915,2,0x02
22258,0x00062916,0x67dd2916,-6,0xfa
22259,0x00062917,0x67dd2917,-7,0xf9
22260,0x00062918,0x67dd2918,7,0x07
22261,0x00062919,0x67dd2919,3,0x03
22262,0x0006291a,0x67dd291a,-3,0xfd
22263,0x0006291b,0x67dd291b,-4,0xfc
22264,0x0006291c,0x67dd291c,-7,0xf9
22265,0x0006291d,0x67dd291d,-2,0xfe
22266,0x0006291e,0x67dd291e,7,0x07
22267,0x0006291f,0x67dd291f,8,0x08
22268,0x00062920,0x67dd2920,-8,0xf8
22269,0x00062921,0x67dd2921,-4,0xfc
22270,0x00062922,0x67dd2922,3,0x03
22271,0x00062923,0x67dd2923,4,0x04
22272,0x00062924,0x67dd2924,19,0x13
22273,0x00062925,0x67dd2925,17,0x11
22274,0x00062926,0x67dd2926,9,0x09
22275,0x00062927,0x67dd2927,3,0x03
22276,0x00062928,0x67dd2928,-14,0xf2
22277,0x00062929,0x67dd2929,-16,0xf0
22278,0x0006292a,0x67dd292a,-12,0xf4
22279,0x0006292b,0x67dd292b,-8,0xf8
22280,0x0006292c,0x67dd292c,-18,0xee
22281,0x0006292d,0x67dd292d,-16,0xf0
22282,0x0006292e,0x67dd292e,-8,0xf8
22283,0x0006292f,0x67dd292f,-3,0xfd
22284,0x00062930,0x67dd2930,11,0x0b
22285,0x00062931,0x67dd2931,14,0x0e
22286,0x00062932,0x67dd2932,12,0x0c
22287,0x00062933,0x67dd2933,8,0x08
22288,0x00062934,0x67dd2934,7,0x07
22289,0x00062935,0x67dd2935,-16,0xf0
22290,0x00062936,0x67dd2936,-10,0xf6
22291,0x00062937,0x67dd2937,20,0x14
22292,0x00062938,0x67dd2938,7,0x07
22293,0x00062939,0x67dd2939,-17,0xef
22294,0x0006293a,0x67dd293a,-10,0xf6
22295,0x0006293b,0x67dd293b,20,0x14
22296,0x0006293c,0x67dd293c,-6,0xfa
22297,0x0006293d,0x67dd293d,18,0x12
22298,0x0006293e,0x67dd293e,8,0x08
22299,0x0006293f,0x67dd293f,-21,0xeb
22300,0x00062940,0x67dd2940,-7,0xf9
22301,0x00062941,0x67dd2941,18,0x12
22302,0x00062942,0x67dd2942,9,0x09
22303,0x00062943,0x67dd2943,-20,0xec
22304,0x00062944,0x67dd2944,25,0x19
22305,0x00062945,0x67dd2945,3,0x03
22306,0x00062946,0x67dd2946,-20,0xec
22307,0x00062947,0x67dd2947,-14,0xf2
22308,0x00062948,0x67dd2948,29,0x1d
22309,0x00062949,0x67dd2949,7,0x07
22310,0x0006294a,0x67dd294a,-18,0xee
22311,0x0006294b,0x67dd294b,-13,0xf3
22312,0x0006294c,0x67dd294c,-29,0xe3
22313,0x0006294d,0x67dd294d,-4,0xfc
22314,0x0006294e,0x67dd294e,21,0x15
22315,0x0006294f,0x67dd294f,14,0x0e
22316,0x00062950,0x67dd2950,-31,0xe1
22317,0x00062951,0x67dd2951,-6,0xfa
22318,0x00062952,0x67dd2952,20,0x14
22319,0x00062953,0x67dd2953,14,0x0e
22320,0x00062954,0x67dd2954,-19,0xed
22321,0x00062955,0x67dd2955,-26,0xe6
22322,0x00062956,0x67dd2956,-28,0xe4
22323,0x00062957,0x67dd2957,-24,0xe8
22324,0x00062958,0x67dd2958,31,0x1f
22325,0x00062959,0x67dd2959,32,0x20
22326,0x0006295a,0x67dd295a,22,0x16
22327,0x0006295b,0x67dd295b,10,0x0a
22328,0x0006295c,0x67dd295c,15,0x0f
22329,0x0006295d,0x67dd295d,24,0x18
22330,0x0006295e,0x67dd295e,31,0x1f
22331,0x0006295f,0x67dd295f,28,0x1c
22332,0x00062960,0x67dd2960,-32,0xe0
22333,0x00062961,0x67dd2961,-32,0xe0
22334,0x00062962,0x67dd2962,-22,0xea
22335,0x00062963,0x67dd2963,-13,0xf3
22336,0x00062964,0x67dd2964,2,0x02
22337,0x00062965,0x67dd2965,-8,0xf8
22338,0x00062966,0x67dd2966,-23,0xe9
22339,0x00062967,0x67dd2967,-26,0xe6
22340,0x00062968,0x67dd2968,-9,0xf7
22341,0x00062969,0x67dd2969,3,0x03
22342,0x0006296a,0x67dd296a,27,0x1b
22343,0x0006296b,0x67dd296b,35,0x23
22344,0x0006296c,0x67dd296c,3,0x03
22345,0x0006296d,0x67dd296d,11,0x0b
22346,0x0006296e,0x67dd296e,21,0x15
22347,0x0006296f,0x67dd296f,21,0x15
22348,0x00062970,0x67dd2970,8,0x08
22349,0x00062971,0x67dd2971,-4,0xfc
22350,0x00062972,0x67dd2972,-27,0xe5
22351,0x00062973,0x67dd2973,-34,0xde
22352,0x00062974,0x67dd2974,-30,0xe2
22353,0x00062975,0x67dd2975,-31,0xe1
22354,0x00062976,0x67dd2976,12,0x0c
22355,0x00062977,0x67dd2977,47,0x2f
22356,0x00062978,0x67dd2978,-29,0xe3
22357,0x00062979,0x67dd2979,-30,0xe2
22358,0x0006297a,0x67dd297a,13,0x0d
22359,0x0006297b,0x67dd297b,47,0x2f
22360,0x0006297c,0x67dd297c,38,0x26
22361,0x0006297d,0x67dd297d,30,0x1e
22362,0x0006297e,0x67dd297e,-17,0xef
22363,0x0006297f,0x67dd297f,-46,0xd2
22364,0x00062980,0x67dd2980,34,0x22
22365,0x00062981,0x67dd2981,26,0x1a
22366,0x00062982,0x67dd2982,-19,0xed
22367,0x00062983,0x67dd2983,-46,0xd2
22368,0x00062984,0x67dd2984,-42,0xd6
22369,0x00062985,0x67dd2985,-50,0xce
22370,0x00062986,0x67dd2986,-51,0xcd
22371,0x00062987,0x67dd2987,-43,0xd5
22372,0x00062988,0x67dd2988,34,0x22
22373,0x00062989,0x67dd2989,48,0x30
22374,0x0006298a,0x67dd298a,55,0x37
22375,0x0006298b,0x67dd298b,48,0x30
22376,0x0006298c,0x67dd298c,48,0x30
22377,0x0006298d,0x67dd298d,54,0x36
22378,0x0006298e,0x67dd298e,51,0x33
22379,0x0006298f,0x67dd298f,42,0x2a
22380,0x00062990,0x67dd2990,-44,0xd4
22381,0x00062991,0x67dd2991,-52,0xcc
22382,0x00062992,0x67dd2992,-53,0xcb
22383,0x00062993,0x67dd2993,-47,0xd1
22384,0x00062994,0x67dd2994,4,0x04
22385,0x00062995,0x67dd2995,5,0x05
22386,0x00062996,0x67dd2996,0,0x00
22387,0x00062997,0x67dd2997,-6,0xfa
22388,0x00062998,0x67dd2998,-2,0xfe
22389,0x00062999,0x67dd2999,-2,0xfe
22390,0x0006299a,0x67dd299a,0,0x00
22391,0x0006299b,0x67dd299b,1,0x01
22392,0x0006299c,0x67dd299c,-11,0xf5
22393,0x0006299d,0x67dd299d,-6,0xfa
22394,0x0006299e,0x67dd299e,-1,0xff
22395,0x0006299f,0x67dd299f,-2,0xfe
22396,0x000629a0,0x67dd29a0,1,0x01
22397,0x000629a1,0x67dd29a1,8,0x08
22398,0x000629a2,0x67dd29a2,9,0x09
22399,0x000629a3,0x67dd29a3,1,0x01
22400,0x000629a4,0x67dd29a4,0,0x00
22401,0x000629a5,0x67dd29a5,1,0x01
22402,0x000629a6,0x67dd29a6,-6,0xfa
22403,0x000629a7,0x67dd29a7,5,0x05
22404,0x000629a8,0x67dd29a8,8,0x08
22405,0x000629a9,0x67dd29a9,1,0x01
22406,0x000629aa,0x67dd29aa,-12,0xf4
22407,0x000629ab,0x67dd29ab,2,0x02
22408,0x000629ac,0x67dd29ac,7,0x07
22409,0x000629ad,0x67dd29ad,-14,0xf2
22410,0x000629ae,0x67dd29ae,-7,0xf9
22411,0x000629af,0x67dd29af,8,0x08
22412,0x000629b0,0x67dd29b0,5,0x05
22413,0x000629b1,0x67dd29b1,-8,0xf8
22414,0x000629b2,0x67dd29b2,0,0x00
22415,0x000629b3,0x67dd29b3,8,0x08
22416,0x000629b4,0x67dd29b4,1,0x01
22417,0x000629b5,0x67dd29b5,4,0x04
22418,0x000629b6,0x67dd29b6,11,0x0b
22419,0x000629b7,0x67dd29b7,8,0x08
22420,0x000629b8,0x67dd29b8,-12,0xf4
22421,0x000629b9,0x67dd29b9,-8,0xf8
22422,0x000629ba,0x67dd29ba,0,0x00
22423,0x000629bb,0x67dd29bb,-5,0xfb
22424,0x000629bc,0x67dd29bc,-1,0xff
22425,0x000629bd,0x67dd29bd,1,0x01
22426,0x000629be,0x67dd29be,0,0x00
22427,0x000629bf,0x67dd29bf,4,0x04
22428,0x000629c0,0x67dd29c0,-15,0xf1
22429,0x000629c1,0x67dd29c1,-8,0xf8
22430,0x000629c2,0x67dd29c2,3,0x03
22431,0x000629c3,0x67dd29c3,16,0x10
22432,0x000629c4,0x67dd29c4,17,0x11
22433,0x000629c5,0x67dd29c5,8,0x08
22434,0x000629c6,0x67dd29c6,-4,0xfc
22435,0x000629c7,0x67dd29c7,-6,0xfa
22436,0x000629c8,0x67dd29c8,9,0x09
22437,0x000629c9,0x67dd29c9,-4,0xfc
22438,0x000629ca,0x67dd29ca,-13,0xf3
22439,0x000629cb,0x67dd29cb,-8,0xf8
22440,0x000629cc,0x67dd29cc,2,0x02
22441,0x000629cd,0x67dd29cd,6,0x06
22442,0x000629ce,0x67dd29ce,1,0x01
22443,0x000629cf,0x67dd29cf,-18,0xee
22444,0x000629d0,0x67dd29d0,-1,0xff
22445,0x000629d1,0x67dd29d1,11,0x0b
22446,0x000629d2,0x67dd29d2,11,0x0b
22447,0x000629d3,0x67dd29d3,-12,0xf4
22448,0x000629d4,0x67dd29d4,6,0x06
22449,0x000629d5,0x67dd29d5,0,0x00
22450,0x000629d6,0x67dd29d6,2,0x02
22451,0x000629d7,0x67dd29d7,0,0x00
22452,0x000629d8,0x67dd29d8,14,0x0e
22453,0x000629d9,0x67dd29d9,6,0x06
22454,0x000629da,0x67dd29da,-7,0xf9
22455,0x000629db,0x67dd29db,-21,0xeb
22456,0x000629dc,0x67dd29dc,1,0x01
22457,0x000629dd,0x67dd29dd,-1,0xff
22458,0x000629de,0x67dd29de,-13,0xf3
22459,0x000629df,0x67dd29df,-20,0xec
22460,0x000629e0,0x67dd29e0,1,0x01
22461,0x000629e1,0x67dd29e1,1,0x01
22462,0x000629e2,0x67dd29e2,10,0x0a
22463,0x000629e3,0x67dd29e3,21,0x15
22464,0x000629e4,0x67dd29e4,-22,0xea
22465,0x000629e5,0x67dd29e5,-5,0xfb
22466,0x000629e6,0x67dd29e6,7,0x07
22467,0x000629e7,0x67dd29e7,13,0x0d
22468,0x000629e8,0x67dd29e8,-11,0xf5
22469,0x000629e9,0x67dd29e9,-1,0xff
22470,0x000629ea,0x67dd29ea,4,0x04
22471,0x000629eb,0x67dd29eb,12,0x0c
22472,0x000629ec,0x67dd29ec,-7,0xf9
22473,0x000629ed,0x67dd29ed,0,0x00
22474,0x000629ee,0x67dd29ee,14,0x0e
22475,0x000629ef,0x67dd29ef,19,0x13
22476,0x000629f0,0x67dd29f0,-4,0xfc
22477,0x000629f1,0x67dd29f1,3,0x03
22478,0x000629f2,0x67dd29f2,-5,0xfb
22479,0x000629f3,0x67dd29f3,-19,0xed
22480,0x000629f4,0x67dd29f4,-26,0xe6
22481,0x000629f5,0x67dd29f5,-14,0xf2
22482,0x000629f6,0x67dd29f6,10,0x0a
22483,0x000629f7,0x67dd29f7,15,0x0f
22484,0x000629f8,0x67dd29f8,18,0x12
22485,0x000629f9,0x67dd29f9,4,0x04
22486,0x000629fa,0x67dd29fa,-6,0xfa
22487,0x000629fb,0x67dd29fb,-2,0xfe
22488,0x000629fc,0x67dd29fc,25,0x19
22489,0x000629fd,0x67dd29fd,19,0x13
22490,0x000629fe,0x67dd29fe,-5,0xfb
22491,0x000629ff,0x67dd29ff,-18,0xee
22492,0x00062a00,0x67dd2a00,-20,0xec
22493,0x00062a01,0x67dd2a01,-7,0xf9
22494,0x00062a02,0x67dd2a02,4,0x04
22495,0x00062a03,0x67dd2a03,2,0x02
22496,0x00062a04,0x67dd2a04,-13,0xf3
22497,0x00062a05,0x67dd2a05,-6,0xfa
22498,0x00062a06,0x67dd2a06,-1,0xff
22499,0x00062a07,0x67dd2a07,-4,0xfc
22500,0x00062a08,0x67dd2a08,25,0x19
22501,0x00062a09,0x67dd2a09,37,0x25
22502,0x00062a0a,0x67dd2a0a,-2,0xfe
22503,0x00062a0b,0x67dd2a0b,-35,0xdd
22504,0x00062a0c,0x67dd2a0c,5,0x05
22505,0x00062a0d,0x67dd2a0d,4,0x04
22506,0x00062a0e,0x67dd2a0e,1,0x01
22507,0x00062a0f,0x67dd2a0f,1,0x01
22508,0x00062a10,0x67dd2a10,-21,0xeb
22509,0x00062a11,0x67dd2a11,-36,0xdc
22510,0x00062a12,0x67dd2a12,2,0x02
22511,0x00062a13,0x67dd2a13,43,0x2b
22512,0x00062a14,0x67dd2a14,2,0x02
22513,0x00062a15,0x67dd2a15,-2,0xfe
22514,0x00062a16,0x67dd2a16,-1,0xff
22515,0x00062a17,0x67dd2a17,3,0x03
22516,0x00062a18,0x67dd2a18,8,0x08
22517,0x00062a19,0x67dd2a19,-2,0xfe
22518,0x00062a1a,0x67dd2a1a,-6,0xfa
22519,0x00062a1b,0x67dd2a1b,-1,0xff
22520,0x00062a1c,0x67dd2a1c,-2,0xfe
22521,0x00062a1d,0x67dd2a1d,-3,0xfd
22522,0x00062a1e,0x67dd2a1e,2,0x02
22523,0x00062a1f,0x67dd2a1f,12,0x0c
22524,0x00062a20,0x67dd2a20,-5,0xfb
22525,0x00062a21,0x67dd2a21,-2,0xfe
22526,0x00062a22,0x67dd2a22,-2,0xfe
22527,0x00062a23,0x67dd2a23,-1,0xff
22528,0x00062a24,0x67dd2a24,-3,0xfd
22529,0x00062a25,0x67dd2a25,-1,0xff
22530,0x00062a26,0x67dd2a26,-1,0xff
22531,0x00062a27,0x67dd2a27,-5,0xfb
22532,0x00062a28,0x67dd2a28,-1,0xff
22533,0x00062a29,0x67dd2a29,7,0x07
22534,0x00062a2a,0x67dd2a2a,8,0x08
22535,0x00062a2b,0x67dd2a2b,-2,0xfe
22536,0x00062a2c,0x67dd2a2c,2,0x02
22537,0x00062a2d,0x67dd2a2d,7,0x07
22538,0x00062a2e,0x67dd2a2e,5,0x05
22539,0x00062a2f,0x67dd2a2f,-3,0xfd
22540,0x00062a30,0x67dd2a30,1,0x01
22541,0x00062a31,0x67dd2a31,1,0x01
22542,0x00062a32,0x67dd2a32,-3,0xfd
22543,0x00062a33,0x67dd2a33,-8,0xf8
22544,0x00062a34,0x67dd2a34,-3,0xfd
22545,0x00062a35,0x67dd2a35,-1,0xff
22546,0x00062a36,0x67dd2a36,-3,0xfd
22547,0x00062a37,0x67dd2a37,-2,0xfe
22548,0x00062a38,0x67dd2a38,-2,0xfe
22549,0x00062a39,0x67dd2a39,-3,0xfd
22550,0x00062a3a,0x67dd2a3a,2,0x02
22551,0x00062a3b,0x67dd2a3b,13,0x0d
22552,0x00062a3c,0x67dd2a3c,15,0x0f
22553,0x00062a3d,0x67dd2a3d,0,0x00
22554,0x00062a3e,0x67dd2a3e,-11,0xf5
22555,0x00062a3f,0x67dd2a3f,-6,0xfa
22556,0x00062a40,0x67dd2a40,3,0x03
22557,0x00062a41,0x67dd2a41,0,0x00
22558,0x00062a42,0x67dd2a42,0,0x00
22559,0x00062a43,0x67dd2a43,0,0x00
22560,0x00062a44,0x67dd2a44,-6,0xfa
22561,0x00062a45,0x67dd2a45,-9,0xf7
22562,0x00062a46,0x67dd2a46,-5,0xfb
22563,0x00062a47,0x67dd2a47,-4,0xfc
22564,0x00062a48,0x67dd2a48,18,0x12
22565,0x00062a49,0x67dd2a49,4,0x04
22566,0x00062a4a,0x67dd2a4a,1,0x01
22567,0x00062a4b,0x67dd2a4b,3,0x03
22568,0x00062a4c,0x67dd2a4c,12,0x0c
22569,0x00062a4d,0x67dd2a4d,3,0x03
22570,0x00062a4e,0x67dd2a4e,0,0x00
22571,0x00062a4f,0x67dd2a4f,4,0x04
22572,0x00062a50,0x67dd2a50,-16,0xf0
22573,0x00062a51,0x67dd2a51,-3,0xfd
22574,0x00062a52,0x67dd2a52,3,0x03
22575,0x00062a53,0x67dd2a53,-3,0xfd
22576,0x00062a54,0x67dd2a54,-17,0xef
22577,0x00062a55,0x67dd2a55,3,0x03
22578,0x00062a56,0x67dd2a56,18,0x12
22579,0x00062a57,0x67dd2a57,2,0x02
22580,0x00062a58,0x67dd2a58,-1,0xff
22581,0x00062a59,0x67dd2a59,-3,0xfd
22582,0x00062a5a,0x67dd2a5a,-1,0xff
22583,0x00062a5b,0x67dd2a5b,-1,0xff
22584,0x00062a5c,0x67dd2a5c,-6,0xfa
22585,0x00062a5d,0x67dd2a5d,16,0x10
22586,0x00062a5e,0x67dd2a5e,-8,0xf8
22587,0x00062a5f,0x67dd2a5f,0,0x00
22588,0x00062a60,0x67dd2a60,-9,0xf7
22589,0x00062a61,0x67dd2a61,14,0x0e
22590,0x00062a62,0x67dd2a62,-7,0xf9
22591,0x00062a63,0x67dd2a63,0,0x00
22592,0x00062a64,0x67dd2a64,3,0x03
22593,0x00062a65,0x67dd2a65,-13,0xf3
22594,0x00062a66,0x67dd2a66,14,0x0e
22595,0x00062a67,0x67dd2a67,-5,0xfb
22596,0x00062a68,0x67dd2a68,3,0x03
22597,0x00062a69,0x67dd2a69,-13,0xf3
22598,0x00062a6a,0x67dd2a6a,14,0x0e
22599,0x00062a6b,0x67dd2a6b,-4,0xfc
22600,0x00062a6c,0x67dd2a6c,-7,0xf9
22601,0x00062a6d,0x67dd2a6d,20,0x14
22602,0x00062a6e,0x67dd2a6e,14,0x0e
22603,0x00062a6f,0x67dd2a6f,-23,0xe9
22604,0x00062a70,0x67dd2a70,8,0x08
22605,0x00062a71,0x67dd2a71,-7,0xf9
22606,0x00062a72,0x67dd2a72,-8,0xf8
22607,0x00062a73,0x67dd2a73,4,0x04
22608,0x00062a74,0x67dd2a74,8,0x08
22609,0x00062a75,0x67dd2a75,-15,0xf1
22610,0x00062a76,0x67dd2a76,-19,0xed
22611,0x00062a77,0x67dd2a77,16,0x10
22612,0x00062a78,0x67dd2a78,-10,0xf6
22613,0x00062a79,0x67dd2a79,13,0x0d
22614,0x00062a7a,0x67dd2a7a,11,0x0b
22615,0x00062a7b,0x67dd2a7b,-3,0xfd
22616,0x00062a7c,0x67dd2a7c,9,0x09
22617,0x00062a7d,0x67dd2a7d,-1,0xff
22618,0x00062a7e,0x67dd2a7e,1,0x01
22619,0x00062a7f,0x67dd2a7f,26,0x1a
22620,0x00062a80,0x67dd2a80,5,0x05
22621,0x00062a81,0x67dd2a81,-15,0xf1
22622,0x00062a82,0x67dd2a82,-27,0xe5
22623,0x00062a83,0x67dd2a83,2,0x02
22624,0x00062a84,0x67dd2a84,-20,0xec
22625,0x00062a85,0x67dd2a85,7,0x07
22626,0x00062a86,0x67dd2a86,16,0x10
22627,0x00062a87,0x67dd2a87,-4,0xfc
22628,0x00062a88,0x67dd2a88,-40,0xd8
22629,0x00062a89,0x67dd2a89,9,0x09
22630,0x00062a8a,0x67dd2a8a,31,0x1f
22631,0x00062a8b,0x67dd2a8b,1,0x01
22632,0x00062a8c,0x67dd2a8c,26,0x1a
22633,0x00062a8d,0x67dd2a8d,-12,0xf4
22634,0x00062a8e,0x67dd2a8e,-30,0xe2
22635,0x00062a8f,0x67dd2a8f,-7,0xf9
22636,0x00062a90,0x67dd2a90,40,0x28
22637,0x00062a91,0x67dd2a91,-2,0xfe
22638,0x00062a92,0x67dd2a92,-19,0xed
22639,0x00062a93,0x67dd2a93,4,0x04
22640,0x00062a94,0x67dd2a94,6,0x06
22641,0x00062a95,0x67dd2a95,0,0x00
22642,0x00062a96,0x67dd2a96,0,0x00
22643,0x00062a97,0x67dd2a97,0,0x00
22644,0x00062a98,0x67dd2a98,-6,0xfa
22645,0x00062a99,0x67dd2a99,-2,0xfe
22646,0x00062a9a,0x67dd2a9a,1,0x01
22647,0x00062a9b,0x67dd2a9b,2,0x02
22648,0x00062a9c,0x67dd2a9c,0,0x00
22649,0x00062a9d,0x67dd2a9d,-1,0xff
22650,0x00062a9e,0x67dd2a9e,0,0x00
22651,0x00062a9f,0x67dd2a9f,-6,0xfa
22652,0x00062aa0,0x67dd2aa0,9,0x09
22653,0x00062aa1,0x67dd2aa1,0,0x00
22654,0x00062aa2,0x67dd2aa2,-2,0xfe
22655,0x00062aa3,0x67dd2aa3,-1,0xff
22656,0x00062aa4,0x67dd2aa4,-7,0xf9
22657,0x00062aa5,0x67dd2aa5,8,0x08
22658,0x00062aa6,0x67dd2aa6,2,0x02
22659,0x00062aa7,0x67dd2aa7,-3,0xfd
22660,0x00062aa8,0x67dd2aa8,-1,0xff
22661,0x00062aa9,0x67dd2aa9,2,0x02
22662,0x00062aaa,0x67dd2aaa,-3,0xfd
22663,0x00062aab,0x67dd2aab,2,0x02
22664,0x00062aac,0x67dd2aac,7,0x07
22665,0x00062aad,0x67dd2aad,-4,0xfc
22666,0x00062aae,0x67dd2aae,-2,0xfe
22667,0x00062aaf,0x67dd2aaf,4,0x04
22668,0x00062ab0,0x67dd2ab0,2,0x02
22669,0x00062ab1,0x67dd2ab1,0,0x00
22670,0x00062ab2,0x67dd2ab2,0,0x00
22671,0x00062ab3,0x67dd2ab3,-6,0xfa
22672,0x00062ab4,0x67dd2ab4,-3,0xfd
22673,0x00062ab5,0x67dd2ab5,-2,0xfe
22674,0x00062ab6,0x67dd2ab6,9,0x09
22675,0x00062ab7,0x67dd2ab7,2,0x02
22676,0x00062ab8,0x67dd2ab8,-2,0xfe
22677,0x00062ab9,0x67dd2ab9,-1,0xff
22678,0x00062aba,0x67dd2aba,0,0x00
22679,0x00062abb,0x67dd2abb,-4,0xfc
22680,0x00062abc,0x67dd2abc,-3,0xfd
22681,0x00062abd,0x67dd2abd,-3,0xfd
22682,0x00062abe,0x67dd2abe,0,0x00
22683,0x00062abf,0x67dd2abf,-3,0xfd
22684,0x00062ac0,0x67dd2ac0,-6,0xfa
22685,0x00062ac1,0x67dd2ac1,2,0x02
22686,0x00062ac2,0x67dd2ac2,10,0x0a
22687,0x00062ac3,0x67dd2ac3,4,0x04
22688,0x00062ac4,0x67dd2ac4,3,0x03
22689,0x00062ac5,0x67dd2ac5,0,0x00
22690,0x00062ac6,0x67dd2ac6,-10,0xf6
22691,0x00062ac7,0x67dd2ac7,8,0x08
22692,0x00062ac8,0x67dd2ac8,0,0x00
22693,0x00062ac9,0x67dd2ac9,0,0x00
22694,0x00062aca,0x67dd2aca,-4,0xfc
22695,0x00062acb,0x67dd2acb,4,0x04
22696,0x00062acc,0x67dd2acc,-1,0xff
22697,0x00062acd,0x67dd2acd,1,0x01
22698,0x00062ace,0x67dd2ace,4,0x04
22699,0x00062acf,0x67dd2acf,2,0x02
22700,0x00062ad0,0x67dd2ad0,3,0x03
22701,0x00062ad1,0x67dd2ad1,-7,0xf9
22702,0x00062ad2,0x67dd2ad2,-9,0xf7
22703,0x00062ad3,0x67dd2ad3,7,0x07
22704,0x00062ad4,0x67dd2ad4,2,0x02
22705,0x00062ad5,0x67dd2ad5,1,0x01
22706,0x00062ad6,0x67dd2ad6,-9,0xf7
22707,0x00062ad7,0x67dd2ad7,-4,0xfc
22708,0x00062ad8,0x67dd2ad8,-1,0xff
22709,0x00062ad9,0x67dd2ad9,12,0x0c
22710,0x00062ada,0x67dd2ada,0,0x00
22711,0x00062adb,0x67dd2adb,0,0x00
22712,0x00062adc,0x67dd2adc,3,0x03
22713,0x00062add,0x67dd2add,-1,0xff
22714,0x00062ade,0x67dd2ade,7,0x07
22715,0x00062adf,0x67dd2adf,-4,0xfc
22716,0x00062ae0,0x67dd2ae0,3,0x03
22717,0x00062ae1,0x67dd2ae1,-14,0xf2
22718,0x00062ae2,0x67dd2ae2,4,0x04
22719,0x00062ae3,0x67dd2ae3,2,0x02
22720,0x00062ae4,0x67dd2ae4,-12,0xf4
22721,0x00062ae5,0x67dd2ae5,-9,0xf7
22722,0x00062ae6,0x67dd2ae6,1,0x01
22723,0x00062ae7,0x67dd2ae7,11,0x0b
22724,0x00062ae8,0x67dd2ae8,2,0x02
22725,0x00062ae9,0x67dd2ae9,5,0x05
22726,0x00062aea,0x67dd2aea,1,0x01
22727,0x00062aeb,0x67dd2aeb,0,0x00
22728,0x00062aec,0x67dd2aec,3,0x03
22729,0x00062aed,0x67dd2aed,1,0x01
22730,0x00062aee,0x67dd2aee,0,0x00
22731,0x00062aef,0x67dd2aef,2,0x02
22732,0x00062af0,0x67dd2af0,0,0x00
22733,0x00062af1,0x67dd2af1,8,0x08
22734,0x00062af2,0x67dd2af2,6,0x06
22735,0x00062af3,0x67dd2af3,-19,0xed
22736,0x00062af4,0x67dd2af4,-6,0xfa
22737,0x00062af5,0x67dd2af5,-10,0xf6
22738,0x00062af6,0x67dd2af6,-7,0xf9
22739,0x00062af7,0x67dd2af7,-4,0xfc
22740,0x00062af8,0x67dd2af8,9,0x09
22741,0x00062af9,0x67dd2af9,7,0x07
22742,0x00062afa,0x67dd2afa,5,0x05
22743,0x00062afb,0x67dd2afb,7,0x07
22744,0x00062afc,0x67dd2afc,6,0x06
22745,0x00062afd,0x67dd2afd,21,0x15
22746,0x00062afe,0x67dd2afe,3,0x03
22747,0x00062aff,0x67dd2aff,-3,0xfd
22748,0x00062b00,0x67dd2b00,-11,0xf5
22749,0x00062b01,0x67dd2b01,-9,0xf7
22750,0x00062b02,0x67dd2b02,-5,0xfb
22751,0x00062b03,0x67dd2b03,-2,0xfe
22752,0x00062b04,0x67dd2b04,-4,0xfc
22753,0x00062b05,0x67dd2b05,-9,0xf7
22754,0x00062b06,0x67dd2b06,-16,0xf0
22755,0x00062b07,0x67dd2b07,-1,0xff
22756,0x00062b08,0x67dd2b08,-2,0xfe
22757,0x00062b09,0x67dd2b09,-5,0xfb
22758,0x00062b0a,0x67dd2b0a,1,0x01
22759,0x00062b0b,0x67dd2b0b,36,0x24
22760,0x00062b0c,0x67dd2b0c,8,0x08
22761,0x00062b0d,0x67dd2b0d,11,0x0b
22762,0x00062b0e,0x67dd2b0e,19,0x13
22763,0x00062b0f,0x67dd2b0f,0,0x00
22764,0x00062b10,0x67dd2b10,2,0x02
22765,0x00062b11,0x67dd2b11,5,0x05
22766,0x00062b12,0x67dd2b12,-4,0xfc
22767,0x00062b13,0x67dd2b13,-41,0xd7
22768,0x00062b14,0x67dd2b14,-1,0xff
22769,0x00062b15,0x67dd2b15,-1,0xff
22770,0x00062b16,0x67dd2b16,-2,0xfe
22771,0x00062b17,0x67dd2b17,-1,0xff
22772,0x00062b18,0x67dd2b18,-2,0xfe
22773,0x00062b19,0x67dd2b19,-2,0xfe
22774,0x00062b1a,0x67dd2b1a,1,0x01
22775,0x00062b1b,0x67dd2b1b,6,0x06
22776,0x00062b1c,0x67dd2b1c,0,0x00
22777,0x00062b1d,0x67dd2b1d,4,0x04
22778,0x00062b1e,0x67dd2b1e,1,0x01
22779,0x00062b1f,0x67dd2b1f,-8,0xf8
22780,0x00062b20,0x67dd2b20,1,0x01
22781,0x00062b21,0x67dd2b21,1,0x01
22782,0x00062b22,0x67dd2b22,1,0x01
22783,0x00062b23,0x67dd2b23,0,0x00
22784,0x00062b24,0x67dd2b24,-2,0xfe
22785,0x00062b25,0x67dd2b25,-3,0xfd
22786,0x00062b26,0x67dd2b26,4,0x04
22787,0x00062b27,0x67dd2b27,0,0x00
22788,0x00062b28,0x67dd2b28,2,0x02
22789,0x00062b29,0x67dd2b29,-1,0xff
22790,0x00062b2a,0x67dd2b2a,3,0x03
22791,0x00062b2b,0x67dd2b2b,-3,0xfd
22792,0x00062b2c,0x67dd2b2c,1,0x01
22793,0x00062b2d,0x67dd2b2d,3,0x03
22794,0x00062b2e,0x67dd2b2e,-4,0xfc
22795,0x00062b2f,0x67dd2b2f,1,0x01
22796,0x00062b30,0x67dd2b30,-1,0xff
22797,0x00062b31,0x67dd2b31,3,0x03
22798,0x00062b32,0x67dd2b32,0,0x00
22799,0x00062b33,0x67dd2b33,-5,0xfb
22800,0x00062b34,0x67dd2b34,3,0x03
22801,0x00062b35,0x67dd2b35,4,0x04
22802,0x00062b36,0x67dd2b36,2,0x02
22803,0x00062b37,0x67dd2b37,3,0x03
22804,0x00062b38,0x67dd2b38,-2,0xfe
22805,0x00062b39,0x67dd2b39,-3,0xfd
22806,0x00062b3a,0x67dd2b3a,-6,0xfa
22807,0x00062b3b,0x67dd2b3b,-1,0xff
22808,0x00062b3c,0x67dd2b3c,-2,0xfe
22809,0x00062b3d,0x67dd2b3d,-3,0xfd
22810,0x00062b3e,0x67dd2b3e,-2,0xfe
22811,0x00062b3f,0x67dd2b3f,2,0x02
22812,0x00062b40,0x67dd2b40,-4,0xfc
22813,0x00062b41,0x67dd2b41,8,0x08
22814,0x00062b42,0x67dd2b42,1,0x01
22815,0x00062b43,0x67dd2b43,0,0x00
22816,0x00062b44,0x67dd2b44,-7,0xf9
22817,0x00062b45,0x67dd2b45,4,0x04
22818,0x00062b46,0x67dd2b46,2,0x02
22819,0x00062b47,0x67dd2b47,6,0x06
22820,0x00062b48,0x67dd2b48,-7,0xf9
22821,0x00062b49,0x67dd2b49,-1,0xff
22822,0x00062b4a,0x67dd2b4a,1,0x01
22823,0x00062b4b,0x67dd2b4b,0,0x00
22824,0x00062b4c,0x67dd2b4c,-2,0xfe
22825,0x00062b4d,0x67dd2b4d,2,0x02
22826,0x00062b4e,0x67dd2b4e,-4,0xfc
22827,0x00062b4f,0x67dd2b4f,1,0x01
22828,0x00062b50,0x67dd2b50,8,0x08
22829,0x00062b51,0x67dd2b51,-6,0xfa
22830,0x00062b52,0x67dd2b52,2,0x02
22831,0x00062b53,0x67dd2b53,-1,0xff
22832,0x00062b54,0x67dd2b54,-6,0xfa
22833,0x00062b55,0x67dd2b55,2,0x02
22834,0x00062b56,0x67dd2b56,0,0x00
22835,0x00062b57,0x67dd2b57,2,0x02
22836,0x00062b58,0x67dd2b58,5,0x05
22837,0x00062b59,0x67dd2b59,4,0x04
22838,0x00062b5a,0x67dd2b5a,-8,0xf8
22839,0x00062b5b,0x67dd2b5b,-1,0xff
22840,0x00062b5c,0x67dd2b5c,-1,0xff
22841,0x00062b5d,0x67dd2b5d,-11,0xf5
22842,0x00062b5e,0x67dd2b5e,0,0x00
22843,0x00062b5f,0x67dd2b5f,9,0x09
22844,0x00062b60,0x67dd2b60,0,0x00
22845,0x00062b61,0x67dd2b61,-2,0xfe
22846,0x00062b62,0x67dd2b62,2,0x02
22847,0x00062b63,0x67dd2b63,2,0x02
22848,0x00062b64,0x67dd2b64,17,0x11
22849,0x00062b65,0x67dd2b65,-5,0xfb
22850,0x00062b66,0x67dd2b66,-4,0xfc
22851,0x00062b67,0x67dd2b67,-1,0xff
22852,0x00062b68,0x67dd2b68,-1,0xff
22853,0x00062b69,0x67dd2b69,-4,0xfc
22854,0x00062b6a,0x67dd2b6a,-2,0xfe
22855,0x00062b6b,0x67dd2b6b,-2,0xfe
22856,0x00062b6c,0x67dd2b6c,0,0x00
22857,0x00062b6d,0x67dd2b6d,-13,0xf3
22858,0x00062b6e,0x67dd2b6e,9,0x09
22859,0x00062b6f,0x67dd2b6f,-3,0xfd
22860,0x00062b70,0x67dd2b70,-1,0xff
22861,0x00062b71,0x67dd2b71,12,0x0c
22862,0x00062b72,0x67dd2b72,-7,0xf9
22863,0x00062b73,0x67dd2b73,2,0x02
22864,0x00062b74,0x67dd2b74,0,0x00
22865,0x00062b75,0x67dd2b75,-2,0xfe
22866,0x00062b76,0x67dd2b76,-5,0xfb
22867,0x00062b77,0x67dd2b77,2,0x02
22868,0x00062b78,0x67dd2b78,-7,0xf9
22869,0x00062b79,0x67dd2b79,-5,0xfb
22870,0x00062b7a,0x67dd2b7a,20,0x14
22871,0x00062b7b,0x67dd2b7b,-3,0xfd
22872,0x00062b7c,0x67dd2b7c,7,0x07
22873,0x00062b7d,0x67dd2b7d,7,0x07
22874,0x00062b7e,0x67dd2b7e,-1,0xff
22875,0x00062b7f,0x67dd2b7f,-30,0xe2
22876,0x00062b80,0x67dd2b80,3,0x03
22877,0x00062b81,0x67dd2b81,5,0x05
22878,0x00062b82,0x67dd2b82,8,0x08
22879,0x00062b83,0x67dd2b83,1,0x01
22880,0x00062b84,0x67dd2b84,-6,0xfa
22881,0x00062b85,0x67dd2b85,3,0x03
22882,0x00062b86,0x67dd2b86,-1,0xff
22883,0x00062b87,0x67dd2b87,-4,0xfc
22884,0x00062b88,0x67dd2b88,2,0x02
22885,0x00062b89,0x67dd2b89,-2,0xfe
22886,0x00062b8a,0x67dd2b8a,-11,0xf5
22887,0x00062b8b,0x67dd2b8b,18,0x12
22888,0x00062b8c,0x67dd2b8c,0,0x00
22889,0x00062b8d,0x67dd2b8d,-7,0xf9
22890,0x00062b8e,0x67dd2b8e,3,0x03
22891,0x00062b8f,0x67dd2b8f,14,0x0e
22892,0x00062b90,0x67dd2b90,20,0x14
22893,0x00062b91,0x67dd2b91,-3,0xfd
22894,0x00062b92,0x67dd2b92,-18,0xee
22895,0x00062b93,0x67dd2b93,-9,0xf7
22896,0x00062b94,0x67dd2b94,7,0x07
22897,0x00062b95,0x67dd2b95,-2,0xfe
22898,0x00062b96,0x67dd2b96,0,0x00
22899,0x00062b97,0x67dd2b97,-1,0xff
22900,0x00062b98,0x67dd2b98,-2,0xfe
22901,0x00062b99,0x67dd2b99,0,0x00
22902,0x00062b9a,0x67dd2b9a,0,0x00
22903,0x00062b9b,0x67dd2b9b,-1,0xff
22904,0x00062b9c,0x67dd2b9c,-4,0xfc
22905,0x00062b9d,0x67dd2b9d,-1,0xff
22906,0x00062b9e,0x67dd2b9e,1,0x01
22907,0x00062b9f,0x67dd2b9f,0,0x00
22908,0x00062ba0,0x67dd2ba0,-2,0xfe
22909,0x00062ba1,0x67dd2ba1,2,0x02
22910,0x00062ba2,0x67dd2ba2,0,0x00
22911,0x00062ba3,0x67dd2ba3,4,0x04
22912,0x00062ba4,0x67dd2ba4,1,0x01
22913,0x00062ba5,0x67dd2ba5,-3,0xfd
22914,0x00062ba6,0x67dd2ba6,2,0x02
22915,0x00062ba7,0x67dd2ba7,1,0x01
22916,0x00062ba8,0x67dd2ba8,3,0x03
22917,0x00062ba9,0x67dd2ba9,1,0x01
22918,0x00062baa,0x67dd2baa,-5,0xfb
22919,0x00062bab,0x67dd2bab,1,0x01
22920,0x00062bac,0x67dd2bac,-3,0xfd
22921,0x00062bad,0x67dd2bad,0,0x00
22922,0x00062bae,0x67dd2bae,-1,0xff
22923,0x00062baf,0x67dd2baf,-2,0xfe
22924,0x00062bb0,0x67dd2bb0,7,0x07
22925,0x00062bb1,0x67dd2bb1,1,0x01
22926,0x00062bb2,0x67dd2bb2,0,0x00
22927,0x00062bb3,0x67dd2bb3,-3,0xfd
22928,0x00062bb4,0x67dd2bb4,2,0x02
22929,0x00062bb5,0x67dd2bb5,5,0x05
22930,0x00062bb6,0x67dd2bb6,0,0x00
22931,0x00062bb7,0x67dd2bb7,-2,0xfe
22932,0x00062bb8,0x67dd2bb8,2,0x02
22933,0x00062bb9,0x67dd2bb9,-5,0xfb
22934,0x00062bba,0x67dd2bba,-1,0xff
22935,0x00062bbb,0x67dd2bbb,1,0x01
22936,0x00062bbc,0x67dd2bbc,-1,0xff
22937,0x00062bbd,0x67dd2bbd,-2,0xfe
22938,0x00062bbe,0x67dd2bbe,4,0x04
22939,0x00062bbf,0x67dd2bbf,-1,0xff
22940,0x00062bc0,0x67dd2bc0,0,0x00
22941,0x00062bc1,0x67dd2bc1,-3,0xfd
22942,0x00062bc2,0x67dd2bc2,5,0x05
22943,0x00062bc3,0x67dd2bc3,0,0x00
22944,0x00062bc4,0x67dd2bc4,0,0x00
22945,0x00062bc5,0x67dd2bc5,3,0x03
22946,0x00062bc6,0x67dd2bc6,-1,0xff
22947,0x00062bc7,0x67dd2bc7,-2,0xfe
22948,0x00062bc8,0x67dd2bc8,-4,0xfc
22949,0x00062bc9,0x67dd2bc9,1,0x01
22950,0x00062bca,0x67dd2bca,5,0x05
22951,0x00062bcb,0x67dd2bcb,-1,0xff
22952,0x00062bcc,0x67dd2bcc,-1,0xff
22953,0x00062bcd,0x67dd2bcd,0,0x00
22954,0x00062bce,0x67dd2bce,-1,0xff
22955,0x00062bcf,0x67dd2bcf,9,0x09
22956,0x00062bd0,0x67dd2bd0,-1,0xff
22957,0x00062bd1,0x67dd2bd1,-2,0xfe
22958,0x00062bd2,0x67dd2bd2,-1,0xff
22959,0x00062bd3,0x67dd2bd3,-1,0xff
22960,0x00062bd4,0x67dd2bd4,-2,0xfe
22961,0x00062bd5,0x67dd2bd5,5,0x05
22962,0x00062bd6,0x67dd2bd6,5,0x05
22963,0x00062bd7,0x67dd2bd7,-1,0xff
22964,0x00062bd8,0x67dd2bd8,-2,0xfe
22965,0x00062bd9,0x67dd2bd9,2,0x02
22966,0x00062bda,0x67dd2bda,-3,0xfd
22967,0x00062bdb,0x67dd2bdb,-2,0xfe
22968,0x00062bdc,0x67dd2bdc,1,0x01
22969,0x00062bdd,0x67dd2bdd,2,0x02
22970,0x00062bde,0x67dd2bde,-11,0xf5
22971,0x00062bdf,0x67dd2bdf,1,0x01
22972,0x00062be0,0x67dd2be0,2,0x02
22973,0x00062be1,0x67dd2be1,1,0x01
22974,0x00062be2,0x67dd2be2,3,0x03
22975,0x00062be3,0x67dd2be3,2,0x02
22976,0x00062be4,0x67dd2be4,2,0x02
22977,0x00062be5,0x67dd2be5,-10,0xf6
22978,0x00062be6,0x67dd2be6,-1,0xff
22979,0x00062be7,0x67dd2be7,-2,0xfe
22980,0x00062be8,0x67dd2be8,4,0x04
22981,0x00062be9,0x67dd2be9,2,0x02
22982,0x00062bea,0x67dd2bea,4,0x04
22983,0x00062beb,0x67dd2beb,1,0x01
22984,0x00062bec,0x67dd2bec,4,0x04
22985,0x00062bed,0x67dd2bed,5,0x05
22986,0x00062bee,0x67dd2bee,-5,0xfb
22987,0x00062bef,0x67dd2bef,1,0x01
22988,0x00062bf0,0x67dd2bf0,0,0x00
22989,0x00062bf1,0x67dd2bf1,6,0x06
22990,0x00062bf2,0x67dd2bf2,-11,0xf5
22991,0x00062bf3,0x67dd2bf3,1,0x01
22992,0x00062bf4,0x67dd2bf4,1,0x01
22993,0x00062bf5,0x67dd2bf5,0,0x00
22994,0x00062bf6,0x67dd2bf6,6,0x06
22995,0x00062bf7,0x67dd2bf7,6,0x06
22996,0x00062bf8,0x67dd2bf8,0,0x00
22997,0x00062bf9,0x67dd2bf9,2,0x02
22998,0x00062bfa,0x67dd2bfa,1,0x01
22999,0x00062bfb,0x67dd2bfb,-15,0xf1
23000,0x00062bfc,0x67dd2bfc,7,0x07
23001,0x00062bfd,0x67dd2bfd,3,0x03
23002,0x00062bfe,0x67dd2bfe,5,0x05
23003,0x00062bff,0x67dd2bff,9,0x09
